device_serial,device_model,usb_speed,host_cpu,host_kernel,bench_version,variant,iter,elapsed_ns,image_w,image_h,image_channels,template_w,template_h
jfzxugsgnnvsrsg6,22095RA98C,480 Mbps,AMD Ryzen 5 5500,6.17.0-23-generic,phase0-2026-05-20,full_frame_bgr,0,133400207,1080,1920,3,110,110
jfzxugsgnnvsrsg6,22095RA98C,480 Mbps,AMD Ryzen 5 5500,6.17.0-23-generic,phase0-2026-05-20,full_frame_bgr,1,137401324,1080,1920,3,110,110
jfzxugsgnnvsrsg6,22095RA98C,480 Mbps,AMD Ryzen 5 5500,6.17.0-23-generic,phase0-2026-05-20,full_frame_bgr,2,132862625,1080,1920,3,110,110
jfzxugsgnnvsrsg6,22095RA98C,480 Mbps,AMD Ryzen 5 5500,6.17.0-23-generic,phase0-2026-05-20,full_frame_bgr,3,132187847,1080,1920,3,110,110
jfzxugsgnnvsrsg6,22095RA98C,480 Mbps,AMD Ryzen 5 5500,6.17.0-23-generic,phase0-2026-05-20,full_frame_bgr,4,131987849,1080,1920,3,110,110
jfzxugsgnnvsrsg6,22095RA98C,480 Mbps,AMD Ryzen 5 5500,6.17.0-23-generic,phase0-2026-05-20,full_frame_bgr,5,133226234,1080,1920,3,110,110
jfzxugsgnnvsrsg6,22095RA98C,480 Mbps,AMD Ryzen 5 5500,6.17.0-23-generic,phase0-2026-05-20,full_frame_bgr,6,138824836,1080,1920,3,110,110
jfzxugsgnnvsrsg6,22095RA98C,480 Mbps,AMD Ryzen 5 5500,6.17.0-23-generic,phase0-2026-05-20,full_frame_bgr,7,135550645,1080,1920,3,110,110
jfzxugsgnnvsrsg6,22095RA98C,480 Mbps,AMD Ryzen 5 5500,6.17.0-23-generic,phase0-2026-05-20,full_frame_bgr,8,133081863,1080,1920,3,110,110
jfzxugsgnnvsrsg6,22095RA98C,480 Mbps,AMD Ryzen 5 5500,6.17.0-23-generic,phase0-2026-05-20,full_frame_bgr,9,134577073,1080,1920,3,110,110
jfzxugsgnnvsrsg6,22095RA98C,480 Mbps,AMD Ryzen 5 5500,6.17.0-23-generic,phase0-2026-05-20,full_frame_bgr,10,130169439,1080,1920,3,110,110
jfzxugsgnnvsrsg6,22095RA98C,480 Mbps,AMD Ryzen 5 5500,6.17.0-23-generic,phase0-2026-05-20,full_frame_bgr,11,134198092,1080,1920,3,110,110
jfzxugsgnnvsrsg6,22095RA98C,480 Mbps,AMD Ryzen 5 5500,6.17.0-23-generic,phase0-2026-05-20,full_frame_bgr,12,132811553,1080,1920,3,110,110
jfzxugsgnnvsrsg6,22095RA98C,480 Mbps,AMD Ryzen 5 5500,6.17.0-23-generic,phase0-2026-05-20,full_frame_bgr,13,132327293,1080,1920,3,110,110
jfzxugsgnnvsrsg6,22095RA98C,480 Mbps,AMD Ryzen 5 5500,6.17.0-23-generic,phase0-2026-05-20,full_frame_bgr,14,135798466,1080,1920,3,110,110
jfzxugsgnnvsrsg6,22095RA98C,480 Mbps,AMD Ryzen 5 5500,6.17.0-23-generic,phase0-2026-05-20,full_frame_bgr,15,140398606,1080,1920,3,110,110
jfzxugsgnnvsrsg6,22095RA98C,480 Mbps,AMD Ryzen 5 5500,6.17.0-23-generic,phase0-2026-05-20,full_frame_bgr,16,132996419,1080,1920,3,110,110
jfzxugsgnnvsrsg6,22095RA98C,480 Mbps,AMD Ryzen 5 5500,6.17.0-23-generic,phase0-2026-05-20,full_frame_bgr,17,133068342,1080,1920,3,110,110
jfzxugsgnnvsrsg6,22095RA98C,480 Mbps,AMD Ryzen 5 5500,6.17.0-23-generic,phase0-2026-05-20,full_frame_bgr,18,137196654,1080,1920,3,110,110
jfzxugsgnnvsrsg6,22095RA98C,480 Mbps,AMD Ryzen 5 5500,6.17.0-23-generic,phase0-2026-05-20,full_frame_bgr,19,132333406,1080,1920,3,110,110
jfzxugsgnnvsrsg6,22095RA98C,480 Mbps,AMD Ryzen 5 5500,6.17.0-23-generic,phase0-2026-05-20,full_frame_bgr,20,130717067,1080,1920,3,110,110
jfzxugsgnnvsrsg6,22095RA98C,480 Mbps,AMD Ryzen 5 5500,6.17.0-23-generic,phase0-2026-05-20,full_frame_bgr,21,134900012,1080,1920,3,110,110
jfzxugsgnnvsrsg6,22095RA98C,480 Mbps,AMD Ryzen 5 5500,6.17.0-23-generic,phase0-2026-05-20,full_frame_bgr,22,134084574,1080,1920,3,110,110
jfzxugsgnnvsrsg6,22095RA98C,480 Mbps,AMD Ryzen 5 5500,6.17.0-23-generic,phase0-2026-05-20,full_frame_bgr,23,132488662,1080,1920,3,110,110
jfzxugsgnnvsrsg6,22095RA98C,480 Mbps,AMD Ryzen 5 5500,6.17.0-23-generic,phase0-2026-05-20,full_frame_bgr,24,135081506,1080,1920,3,110,110
jfzxugsgnnvsrsg6,22095RA98C,480 Mbps,AMD Ryzen 5 5500,6.17.0-23-generic,phase0-2026-05-20,full_frame_bgr,25,132602123,1080,1920,3,110,110
jfzxugsgnnvsrsg6,22095RA98C,480 Mbps,AMD Ryzen 5 5500,6.17.0-23-generic,phase0-2026-05-20,full_frame_bgr,26,131741655,1080,1920,3,110,110
jfzxugsgnnvsrsg6,22095RA98C,480 Mbps,AMD Ryzen 5 5500,6.17.0-23-generic,phase0-2026-05-20,full_frame_bgr,27,136911209,1080,1920,3,110,110
jfzxugsgnnvsrsg6,22095RA98C,480 Mbps,AMD Ryzen 5 5500,6.17.0-23-generic,phase0-2026-05-20,full_frame_bgr,28,136821630,1080,1920,3,110,110
jfzxugsgnnvsrsg6,22095RA98C,480 Mbps,AMD Ryzen 5 5500,6.17.0-23-generic,phase0-2026-05-20,full_frame_bgr,29,141621291,1080,1920,3,110,110
jfzxugsgnnvsrsg6,22095RA98C,480 Mbps,AMD Ryzen 5 5500,6.17.0-23-generic,phase0-2026-05-20,full_frame_bgr,30,133442857,1080,1920,3,110,110
jfzxugsgnnvsrsg6,22095RA98C,480 Mbps,AMD Ryzen 5 5500,6.17.0-23-generic,phase0-2026-05-20,full_frame_bgr,31,133298800,1080,1920,3,110,110
jfzxugsgnnvsrsg6,22095RA98C,480 Mbps,AMD Ryzen 5 5500,6.17.0-23-generic,phase0-2026-05-20,full_frame_bgr,32,132285237,1080,1920,3,110,110
jfzxugsgnnvsrsg6,22095RA98C,480 Mbps,AMD Ryzen 5 5500,6.17.0-23-generic,phase0-2026-05-20,full_frame_bgr,33,140995248,1080,1920,3,110,110
jfzxugsgnnvsrsg6,22095RA98C,480 Mbps,AMD Ryzen 5 5500,6.17.0-23-generic,phase0-2026-05-20,full_frame_bgr,34,131671237,1080,1920,3,110,110
jfzxugsgnnvsrsg6,22095RA98C,480 Mbps,AMD Ryzen 5 5500,6.17.0-23-generic,phase0-2026-05-20,full_frame_bgr,35,130501666,1080,1920,3,110,110
jfzxugsgnnvsrsg6,22095RA98C,480 Mbps,AMD Ryzen 5 5500,6.17.0-23-generic,phase0-2026-05-20,full_frame_bgr,36,136300239,1080,1920,3,110,110
jfzxugsgnnvsrsg6,22095RA98C,480 Mbps,AMD Ryzen 5 5500,6.17.0-23-generic,phase0-2026-05-20,full_frame_bgr,37,136572298,1080,1920,3,110,110
jfzxugsgnnvsrsg6,22095RA98C,480 Mbps,AMD Ryzen 5 5500,6.17.0-23-generic,phase0-2026-05-20,full_frame_bgr,38,130735928,1080,1920,3,110,110
jfzxugsgnnvsrsg6,22095RA98C,480 Mbps,AMD Ryzen 5 5500,6.17.0-23-generic,phase0-2026-05-20,full_frame_bgr,39,137137319,1080,1920,3,110,110
jfzxugsgnnvsrsg6,22095RA98C,480 Mbps,AMD Ryzen 5 5500,6.17.0-23-generic,phase0-2026-05-20,full_frame_bgr,40,135154296,1080,1920,3,110,110
jfzxugsgnnvsrsg6,22095RA98C,480 Mbps,AMD Ryzen 5 5500,6.17.0-23-generic,phase0-2026-05-20,full_frame_bgr,41,133789912,1080,1920,3,110,110
jfzxugsgnnvsrsg6,22095RA98C,480 Mbps,AMD Ryzen 5 5500,6.17.0-23-generic,phase0-2026-05-20,full_frame_bgr,42,134472254,1080,1920,3,110,110
jfzxugsgnnvsrsg6,22095RA98C,480 Mbps,AMD Ryzen 5 5500,6.17.0-23-generic,phase0-2026-05-20,full_frame_bgr,43,128782665,1080,1920,3,110,110
jfzxugsgnnvsrsg6,22095RA98C,480 Mbps,AMD Ryzen 5 5500,6.17.0-23-generic,phase0-2026-05-20,full_frame_bgr,44,137653311,1080,1920,3,110,110
jfzxugsgnnvsrsg6,22095RA98C,480 Mbps,AMD Ryzen 5 5500,6.17.0-23-generic,phase0-2026-05-20,full_frame_bgr,45,133436738,1080,1920,3,110,110
jfzxugsgnnvsrsg6,22095RA98C,480 Mbps,AMD Ryzen 5 5500,6.17.0-23-generic,phase0-2026-05-20,full_frame_bgr,46,132235836,1080,1920,3,110,110
jfzxugsgnnvsrsg6,22095RA98C,480 Mbps,AMD Ryzen 5 5500,6.17.0-23-generic,phase0-2026-05-20,full_frame_bgr,47,136105508,1080,1920,3,110,110
jfzxugsgnnvsrsg6,22095RA98C,480 Mbps,AMD Ryzen 5 5500,6.17.0-23-generic,phase0-2026-05-20,full_frame_bgr,48,133852011,1080,1920,3,110,110
jfzxugsgnnvsrsg6,22095RA98C,480 Mbps,AMD Ryzen 5 5500,6.17.0-23-generic,phase0-2026-05-20,full_frame_bgr,49,139463850,1080,1920,3,110,110
jfzxugsgnnvsrsg6,22095RA98C,480 Mbps,AMD Ryzen 5 5500,6.17.0-23-generic,phase0-2026-05-20,full_frame_bgr,50,135195324,1080,1920,3,110,110
jfzxugsgnnvsrsg6,22095RA98C,480 Mbps,AMD Ryzen 5 5500,6.17.0-23-generic,phase0-2026-05-20,full_frame_bgr,51,140665799,1080,1920,3,110,110
jfzxugsgnnvsrsg6,22095RA98C,480 Mbps,AMD Ryzen 5 5500,6.17.0-23-generic,phase0-2026-05-20,full_frame_bgr,52,132576922,1080,1920,3,110,110
jfzxugsgnnvsrsg6,22095RA98C,480 Mbps,AMD Ryzen 5 5500,6.17.0-23-generic,phase0-2026-05-20,full_frame_bgr,53,136931130,1080,1920,3,110,110
jfzxugsgnnvsrsg6,22095RA98C,480 Mbps,AMD Ryzen 5 5500,6.17.0-23-generic,phase0-2026-05-20,full_frame_bgr,54,134412511,1080,1920,3,110,110
jfzxugsgnnvsrsg6,22095RA98C,480 Mbps,AMD Ryzen 5 5500,6.17.0-23-generic,phase0-2026-05-20,full_frame_bgr,55,132561299,1080,1920,3,110,110
jfzxugsgnnvsrsg6,22095RA98C,480 Mbps,AMD Ryzen 5 5500,6.17.0-23-generic,phase0-2026-05-20,full_frame_bgr,56,138115586,1080,1920,3,110,110
jfzxugsgnnvsrsg6,22095RA98C,480 Mbps,AMD Ryzen 5 5500,6.17.0-23-generic,phase0-2026-05-20,full_frame_bgr,57,130464864,1080,1920,3,110,110
jfzxugsgnnvsrsg6,22095RA98C,480 Mbps,AMD Ryzen 5 5500,6.17.0-23-generic,phase0-2026-05-20,full_frame_bgr,58,134368269,1080,1920,3,110,110
jfzxugsgnnvsrsg6,22095RA98C,480 Mbps,AMD Ryzen 5 5500,6.17.0-23-generic,phase0-2026-05-20,full_frame_bgr,59,136655303,1080,1920,3,110,110
jfzxugsgnnvsrsg6,22095RA98C,480 Mbps,AMD Ryzen 5 5500,6.17.0-23-generic,phase0-2026-05-20,full_frame_bgr,60,136832763,1080,1920,3,110,110
jfzxugsgnnvsrsg6,22095RA98C,480 Mbps,AMD Ryzen 5 5500,6.17.0-23-generic,phase0-2026-05-20,full_frame_bgr,61,131223338,1080,1920,3,110,110
jfzxugsgnnvsrsg6,22095RA98C,480 Mbps,AMD Ryzen 5 5500,6.17.0-23-generic,phase0-2026-05-20,full_frame_bgr,62,136139694,1080,1920,3,110,110
jfzxugsgnnvsrsg6,22095RA98C,480 Mbps,AMD Ryzen 5 5500,6.17.0-23-generic,phase0-2026-05-20,full_frame_bgr,63,138087439,1080,1920,3,110,110
jfzxugsgnnvsrsg6,22095RA98C,480 Mbps,AMD Ryzen 5 5500,6.17.0-23-generic,phase0-2026-05-20,full_frame_bgr,64,144357757,1080,1920,3,110,110
jfzxugsgnnvsrsg6,22095RA98C,480 Mbps,AMD Ryzen 5 5500,6.17.0-23-generic,phase0-2026-05-20,full_frame_bgr,65,145306393,1080,1920,3,110,110
jfzxugsgnnvsrsg6,22095RA98C,480 Mbps,AMD Ryzen 5 5500,6.17.0-23-generic,phase0-2026-05-20,full_frame_bgr,66,144921302,1080,1920,3,110,110
jfzxugsgnnvsrsg6,22095RA98C,480 Mbps,AMD Ryzen 5 5500,6.17.0-23-generic,phase0-2026-05-20,full_frame_bgr,67,140954478,1080,1920,3,110,110
jfzxugsgnnvsrsg6,22095RA98C,480 Mbps,AMD Ryzen 5 5500,6.17.0-23-generic,phase0-2026-05-20,full_frame_bgr,68,143593447,1080,1920,3,110,110
jfzxugsgnnvsrsg6,22095RA98C,480 Mbps,AMD Ryzen 5 5500,6.17.0-23-generic,phase0-2026-05-20,full_frame_bgr,69,133226594,1080,1920,3,110,110
jfzxugsgnnvsrsg6,22095RA98C,480 Mbps,AMD Ryzen 5 5500,6.17.0-23-generic,phase0-2026-05-20,full_frame_bgr,70,136504092,1080,1920,3,110,110
jfzxugsgnnvsrsg6,22095RA98C,480 Mbps,AMD Ryzen 5 5500,6.17.0-23-generic,phase0-2026-05-20,full_frame_bgr,71,139655228,1080,1920,3,110,110
jfzxugsgnnvsrsg6,22095RA98C,480 Mbps,AMD Ryzen 5 5500,6.17.0-23-generic,phase0-2026-05-20,full_frame_bgr,72,132060069,1080,1920,3,110,110
jfzxugsgnnvsrsg6,22095RA98C,480 Mbps,AMD Ryzen 5 5500,6.17.0-23-generic,phase0-2026-05-20,full_frame_bgr,73,145836109,1080,1920,3,110,110
jfzxugsgnnvsrsg6,22095RA98C,480 Mbps,AMD Ryzen 5 5500,6.17.0-23-generic,phase0-2026-05-20,full_frame_bgr,74,144522649,1080,1920,3,110,110
jfzxugsgnnvsrsg6,22095RA98C,480 Mbps,AMD Ryzen 5 5500,6.17.0-23-generic,phase0-2026-05-20,full_frame_bgr,75,148027958,1080,1920,3,110,110
jfzxugsgnnvsrsg6,22095RA98C,480 Mbps,AMD Ryzen 5 5500,6.17.0-23-generic,phase0-2026-05-20,full_frame_bgr,76,141226515,1080,1920,3,110,110
jfzxugsgnnvsrsg6,22095RA98C,480 Mbps,AMD Ryzen 5 5500,6.17.0-23-generic,phase0-2026-05-20,full_frame_bgr,77,141702745,1080,1920,3,110,110
jfzxugsgnnvsrsg6,22095RA98C,480 Mbps,AMD Ryzen 5 5500,6.17.0-23-generic,phase0-2026-05-20,full_frame_bgr,78,140467317,1080,1920,3,110,110
jfzxugsgnnvsrsg6,22095RA98C,480 Mbps,AMD Ryzen 5 5500,6.17.0-23-generic,phase0-2026-05-20,full_frame_bgr,79,139039071,1080,1920,3,110,110
jfzxugsgnnvsrsg6,22095RA98C,480 Mbps,AMD Ryzen 5 5500,6.17.0-23-generic,phase0-2026-05-20,full_frame_bgr,80,142171867,1080,1920,3,110,110
jfzxugsgnnvsrsg6,22095RA98C,480 Mbps,AMD Ryzen 5 5500,6.17.0-23-generic,phase0-2026-05-20,full_frame_bgr,81,138038070,1080,1920,3,110,110
jfzxugsgnnvsrsg6,22095RA98C,480 Mbps,AMD Ryzen 5 5500,6.17.0-23-generic,phase0-2026-05-20,full_frame_bgr,82,134278637,1080,1920,3,110,110
jfzxugsgnnvsrsg6,22095RA98C,480 Mbps,AMD Ryzen 5 5500,6.17.0-23-generic,phase0-2026-05-20,full_frame_bgr,83,130800599,1080,1920,3,110,110
jfzxugsgnnvsrsg6,22095RA98C,480 Mbps,AMD Ryzen 5 5500,6.17.0-23-generic,phase0-2026-05-20,full_frame_bgr,84,135281113,1080,1920,3,110,110
jfzxugsgnnvsrsg6,22095RA98C,480 Mbps,AMD Ryzen 5 5500,6.17.0-23-generic,phase0-2026-05-20,full_frame_bgr,85,132530966,1080,1920,3,110,110
jfzxugsgnnvsrsg6,22095RA98C,480 Mbps,AMD Ryzen 5 5500,6.17.0-23-generic,phase0-2026-05-20,full_frame_bgr,86,133958037,1080,1920,3,110,110
jfzxugsgnnvsrsg6,22095RA98C,480 Mbps,AMD Ryzen 5 5500,6.17.0-23-generic,phase0-2026-05-20,full_frame_bgr,87,135064248,1080,1920,3,110,110
jfzxugsgnnvsrsg6,22095RA98C,480 Mbps,AMD Ryzen 5 5500,6.17.0-23-generic,phase0-2026-05-20,full_frame_bgr,88,136596779,1080,1920,3,110,110
jfzxugsgnnvsrsg6,22095RA98C,480 Mbps,AMD Ryzen 5 5500,6.17.0-23-generic,phase0-2026-05-20,full_frame_bgr,89,138831657,1080,1920,3,110,110
jfzxugsgnnvsrsg6,22095RA98C,480 Mbps,AMD Ryzen 5 5500,6.17.0-23-generic,phase0-2026-05-20,full_frame_bgr,90,141596350,1080,1920,3,110,110
jfzxugsgnnvsrsg6,22095RA98C,480 Mbps,AMD Ryzen 5 5500,6.17.0-23-generic,phase0-2026-05-20,full_frame_bgr,91,136088296,1080,1920,3,110,110
jfzxugsgnnvsrsg6,22095RA98C,480 Mbps,AMD Ryzen 5 5500,6.17.0-23-generic,phase0-2026-05-20,full_frame_bgr,92,135498099,1080,1920,3,110,110
jfzxugsgnnvsrsg6,22095RA98C,480 Mbps,AMD Ryzen 5 5500,6.17.0-23-generic,phase0-2026-05-20,full_frame_bgr,93,132516820,1080,1920,3,110,110
jfzxugsgnnvsrsg6,22095RA98C,480 Mbps,AMD Ryzen 5 5500,6.17.0-23-generic,phase0-2026-05-20,full_frame_bgr,94,139444952,1080,1920,3,110,110
jfzxugsgnnvsrsg6,22095RA98C,480 Mbps,AMD Ryzen 5 5500,6.17.0-23-generic,phase0-2026-05-20,full_frame_bgr,95,153002283,1080,1920,3,110,110
jfzxugsgnnvsrsg6,22095RA98C,480 Mbps,AMD Ryzen 5 5500,6.17.0-23-generic,phase0-2026-05-20,full_frame_bgr,96,145669773,1080,1920,3,110,110
jfzxugsgnnvsrsg6,22095RA98C,480 Mbps,AMD Ryzen 5 5500,6.17.0-23-generic,phase0-2026-05-20,full_frame_bgr,97,149873425,1080,1920,3,110,110
jfzxugsgnnvsrsg6,22095RA98C,480 Mbps,AMD Ryzen 5 5500,6.17.0-23-generic,phase0-2026-05-20,full_frame_bgr,98,138030574,1080,1920,3,110,110
jfzxugsgnnvsrsg6,22095RA98C,480 Mbps,AMD Ryzen 5 5500,6.17.0-23-generic,phase0-2026-05-20,full_frame_bgr,99,144530588,1080,1920,3,110,110
jfzxugsgnnvsrsg6,22095RA98C,480 Mbps,AMD Ryzen 5 5500,6.17.0-23-generic,phase0-2026-05-20,full_frame_bgr,100,140379435,1080,1920,3,110,110
jfzxugsgnnvsrsg6,22095RA98C,480 Mbps,AMD Ryzen 5 5500,6.17.0-23-generic,phase0-2026-05-20,full_frame_bgr,101,140158786,1080,1920,3,110,110
jfzxugsgnnvsrsg6,22095RA98C,480 Mbps,AMD Ryzen 5 5500,6.17.0-23-generic,phase0-2026-05-20,full_frame_bgr,102,154359666,1080,1920,3,110,110
jfzxugsgnnvsrsg6,22095RA98C,480 Mbps,AMD Ryzen 5 5500,6.17.0-23-generic,phase0-2026-05-20,full_frame_bgr,103,156565610,1080,1920,3,110,110
jfzxugsgnnvsrsg6,22095RA98C,480 Mbps,AMD Ryzen 5 5500,6.17.0-23-generic,phase0-2026-05-20,full_frame_bgr,104,150794114,1080,1920,3,110,110
jfzxugsgnnvsrsg6,22095RA98C,480 Mbps,AMD Ryzen 5 5500,6.17.0-23-generic,phase0-2026-05-20,full_frame_bgr,105,140033028,1080,1920,3,110,110
jfzxugsgnnvsrsg6,22095RA98C,480 Mbps,AMD Ryzen 5 5500,6.17.0-23-generic,phase0-2026-05-20,full_frame_bgr,106,144138617,1080,1920,3,110,110
jfzxugsgnnvsrsg6,22095RA98C,480 Mbps,AMD Ryzen 5 5500,6.17.0-23-generic,phase0-2026-05-20,full_frame_bgr,107,142097395,1080,1920,3,110,110
jfzxugsgnnvsrsg6,22095RA98C,480 Mbps,AMD Ryzen 5 5500,6.17.0-23-generic,phase0-2026-05-20,full_frame_bgr,108,148317197,1080,1920,3,110,110
jfzxugsgnnvsrsg6,22095RA98C,480 Mbps,AMD Ryzen 5 5500,6.17.0-23-generic,phase0-2026-05-20,full_frame_bgr,109,150101019,1080,1920,3,110,110
jfzxugsgnnvsrsg6,22095RA98C,480 Mbps,AMD Ryzen 5 5500,6.17.0-23-generic,phase0-2026-05-20,full_frame_bgr,110,143967266,1080,1920,3,110,110
jfzxugsgnnvsrsg6,22095RA98C,480 Mbps,AMD Ryzen 5 5500,6.17.0-23-generic,phase0-2026-05-20,full_frame_bgr,111,144252991,1080,1920,3,110,110
jfzxugsgnnvsrsg6,22095RA98C,480 Mbps,AMD Ryzen 5 5500,6.17.0-23-generic,phase0-2026-05-20,full_frame_bgr,112,141102442,1080,1920,3,110,110
jfzxugsgnnvsrsg6,22095RA98C,480 Mbps,AMD Ryzen 5 5500,6.17.0-23-generic,phase0-2026-05-20,full_frame_bgr,113,137171919,1080,1920,3,110,110
jfzxugsgnnvsrsg6,22095RA98C,480 Mbps,AMD Ryzen 5 5500,6.17.0-23-generic,phase0-2026-05-20,full_frame_bgr,114,138587503,1080,1920,3,110,110
jfzxugsgnnvsrsg6,22095RA98C,480 Mbps,AMD Ryzen 5 5500,6.17.0-23-generic,phase0-2026-05-20,full_frame_bgr,115,155176425,1080,1920,3,110,110
jfzxugsgnnvsrsg6,22095RA98C,480 Mbps,AMD Ryzen 5 5500,6.17.0-23-generic,phase0-2026-05-20,full_frame_bgr,116,165892164,1080,1920,3,110,110
jfzxugsgnnvsrsg6,22095RA98C,480 Mbps,AMD Ryzen 5 5500,6.17.0-23-generic,phase0-2026-05-20,full_frame_bgr,117,148322030,1080,1920,3,110,110
jfzxugsgnnvsrsg6,22095RA98C,480 Mbps,AMD Ryzen 5 5500,6.17.0-23-generic,phase0-2026-05-20,full_frame_bgr,118,138696691,1080,1920,3,110,110
jfzxugsgnnvsrsg6,22095RA98C,480 Mbps,AMD Ryzen 5 5500,6.17.0-23-generic,phase0-2026-05-20,full_frame_bgr,119,138386072,1080,1920,3,110,110
jfzxugsgnnvsrsg6,22095RA98C,480 Mbps,AMD Ryzen 5 5500,6.17.0-23-generic,phase0-2026-05-20,full_frame_bgr,120,133200680,1080,1920,3,110,110
jfzxugsgnnvsrsg6,22095RA98C,480 Mbps,AMD Ryzen 5 5500,6.17.0-23-generic,phase0-2026-05-20,full_frame_bgr,121,136226875,1080,1920,3,110,110
jfzxugsgnnvsrsg6,22095RA98C,480 Mbps,AMD Ryzen 5 5500,6.17.0-23-generic,phase0-2026-05-20,full_frame_bgr,122,138119576,1080,1920,3,110,110
jfzxugsgnnvsrsg6,22095RA98C,480 Mbps,AMD Ryzen 5 5500,6.17.0-23-generic,phase0-2026-05-20,full_frame_bgr,123,139103018,1080,1920,3,110,110
jfzxugsgnnvsrsg6,22095RA98C,480 Mbps,AMD Ryzen 5 5500,6.17.0-23-generic,phase0-2026-05-20,full_frame_bgr,124,152722679,1080,1920,3,110,110
jfzxugsgnnvsrsg6,22095RA98C,480 Mbps,AMD Ryzen 5 5500,6.17.0-23-generic,phase0-2026-05-20,full_frame_bgr,125,145050870,1080,1920,3,110,110
jfzxugsgnnvsrsg6,22095RA98C,480 Mbps,AMD Ryzen 5 5500,6.17.0-23-generic,phase0-2026-05-20,full_frame_bgr,126,139677707,1080,1920,3,110,110
jfzxugsgnnvsrsg6,22095RA98C,480 Mbps,AMD Ryzen 5 5500,6.17.0-23-generic,phase0-2026-05-20,full_frame_bgr,127,135738716,1080,1920,3,110,110
jfzxugsgnnvsrsg6,22095RA98C,480 Mbps,AMD Ryzen 5 5500,6.17.0-23-generic,phase0-2026-05-20,full_frame_bgr,128,132936571,1080,1920,3,110,110
jfzxugsgnnvsrsg6,22095RA98C,480 Mbps,AMD Ryzen 5 5500,6.17.0-23-generic,phase0-2026-05-20,full_frame_bgr,129,137933887,1080,1920,3,110,110
jfzxugsgnnvsrsg6,22095RA98C,480 Mbps,AMD Ryzen 5 5500,6.17.0-23-generic,phase0-2026-05-20,full_frame_bgr,130,142647409,1080,1920,3,110,110
jfzxugsgnnvsrsg6,22095RA98C,480 Mbps,AMD Ryzen 5 5500,6.17.0-23-generic,phase0-2026-05-20,full_frame_bgr,131,142821776,1080,1920,3,110,110
jfzxugsgnnvsrsg6,22095RA98C,480 Mbps,AMD Ryzen 5 5500,6.17.0-23-generic,phase0-2026-05-20,full_frame_bgr,132,155011653,1080,1920,3,110,110
jfzxugsgnnvsrsg6,22095RA98C,480 Mbps,AMD Ryzen 5 5500,6.17.0-23-generic,phase0-2026-05-20,full_frame_bgr,133,149642091,1080,1920,3,110,110
jfzxugsgnnvsrsg6,22095RA98C,480 Mbps,AMD Ryzen 5 5500,6.17.0-23-generic,phase0-2026-05-20,full_frame_bgr,134,147845685,1080,1920,3,110,110
jfzxugsgnnvsrsg6,22095RA98C,480 Mbps,AMD Ryzen 5 5500,6.17.0-23-generic,phase0-2026-05-20,full_frame_bgr,135,136189087,1080,1920,3,110,110
jfzxugsgnnvsrsg6,22095RA98C,480 Mbps,AMD Ryzen 5 5500,6.17.0-23-generic,phase0-2026-05-20,full_frame_bgr,136,143042344,1080,1920,3,110,110
jfzxugsgnnvsrsg6,22095RA98C,480 Mbps,AMD Ryzen 5 5500,6.17.0-23-generic,phase0-2026-05-20,full_frame_bgr,137,136533077,1080,1920,3,110,110
jfzxugsgnnvsrsg6,22095RA98C,480 Mbps,AMD Ryzen 5 5500,6.17.0-23-generic,phase0-2026-05-20,full_frame_bgr,138,135643133,1080,1920,3,110,110
jfzxugsgnnvsrsg6,22095RA98C,480 Mbps,AMD Ryzen 5 5500,6.17.0-23-generic,phase0-2026-05-20,full_frame_bgr,139,135354359,1080,1920,3,110,110
jfzxugsgnnvsrsg6,22095RA98C,480 Mbps,AMD Ryzen 5 5500,6.17.0-23-generic,phase0-2026-05-20,full_frame_bgr,140,147520092,1080,1920,3,110,110
jfzxugsgnnvsrsg6,22095RA98C,480 Mbps,AMD Ryzen 5 5500,6.17.0-23-generic,phase0-2026-05-20,full_frame_bgr,141,148816228,1080,1920,3,110,110
jfzxugsgnnvsrsg6,22095RA98C,480 Mbps,AMD Ryzen 5 5500,6.17.0-23-generic,phase0-2026-05-20,full_frame_bgr,142,165292234,1080,1920,3,110,110
jfzxugsgnnvsrsg6,22095RA98C,480 Mbps,AMD Ryzen 5 5500,6.17.0-23-generic,phase0-2026-05-20,full_frame_bgr,143,141489309,1080,1920,3,110,110
jfzxugsgnnvsrsg6,22095RA98C,480 Mbps,AMD Ryzen 5 5500,6.17.0-23-generic,phase0-2026-05-20,full_frame_bgr,144,143347998,1080,1920,3,110,110
jfzxugsgnnvsrsg6,22095RA98C,480 Mbps,AMD Ryzen 5 5500,6.17.0-23-generic,phase0-2026-05-20,full_frame_bgr,145,133885469,1080,1920,3,110,110
jfzxugsgnnvsrsg6,22095RA98C,480 Mbps,AMD Ryzen 5 5500,6.17.0-23-generic,phase0-2026-05-20,full_frame_bgr,146,140076657,1080,1920,3,110,110
jfzxugsgnnvsrsg6,22095RA98C,480 Mbps,AMD Ryzen 5 5500,6.17.0-23-generic,phase0-2026-05-20,full_frame_bgr,147,144312232,1080,1920,3,110,110
jfzxugsgnnvsrsg6,22095RA98C,480 Mbps,AMD Ryzen 5 5500,6.17.0-23-generic,phase0-2026-05-20,full_frame_bgr,148,149379971,1080,1920,3,110,110
jfzxugsgnnvsrsg6,22095RA98C,480 Mbps,AMD Ryzen 5 5500,6.17.0-23-generic,phase0-2026-05-20,full_frame_bgr,149,146083891,1080,1920,3,110,110
jfzxugsgnnvsrsg6,22095RA98C,480 Mbps,AMD Ryzen 5 5500,6.17.0-23-generic,phase0-2026-05-20,full_frame_bgr,150,140483694,1080,1920,3,110,110
jfzxugsgnnvsrsg6,22095RA98C,480 Mbps,AMD Ryzen 5 5500,6.17.0-23-generic,phase0-2026-05-20,full_frame_bgr,151,140373088,1080,1920,3,110,110
jfzxugsgnnvsrsg6,22095RA98C,480 Mbps,AMD Ryzen 5 5500,6.17.0-23-generic,phase0-2026-05-20,full_frame_bgr,152,138247694,1080,1920,3,110,110
jfzxugsgnnvsrsg6,22095RA98C,480 Mbps,AMD Ryzen 5 5500,6.17.0-23-generic,phase0-2026-05-20,full_frame_bgr,153,141483343,1080,1920,3,110,110
jfzxugsgnnvsrsg6,22095RA98C,480 Mbps,AMD Ryzen 5 5500,6.17.0-23-generic,phase0-2026-05-20,full_frame_bgr,154,135755074,1080,1920,3,110,110
jfzxugsgnnvsrsg6,22095RA98C,480 Mbps,AMD Ryzen 5 5500,6.17.0-23-generic,phase0-2026-05-20,full_frame_bgr,155,137671878,1080,1920,3,110,110
jfzxugsgnnvsrsg6,22095RA98C,480 Mbps,AMD Ryzen 5 5500,6.17.0-23-generic,phase0-2026-05-20,full_frame_bgr,156,136702205,1080,1920,3,110,110
jfzxugsgnnvsrsg6,22095RA98C,480 Mbps,AMD Ryzen 5 5500,6.17.0-23-generic,phase0-2026-05-20,full_frame_bgr,157,139211700,1080,1920,3,110,110
jfzxugsgnnvsrsg6,22095RA98C,480 Mbps,AMD Ryzen 5 5500,6.17.0-23-generic,phase0-2026-05-20,full_frame_bgr,158,138511476,1080,1920,3,110,110
jfzxugsgnnvsrsg6,22095RA98C,480 Mbps,AMD Ryzen 5 5500,6.17.0-23-generic,phase0-2026-05-20,full_frame_bgr,159,137795821,1080,1920,3,110,110
jfzxugsgnnvsrsg6,22095RA98C,480 Mbps,AMD Ryzen 5 5500,6.17.0-23-generic,phase0-2026-05-20,full_frame_bgr,160,138818340,1080,1920,3,110,110
jfzxugsgnnvsrsg6,22095RA98C,480 Mbps,AMD Ryzen 5 5500,6.17.0-23-generic,phase0-2026-05-20,full_frame_bgr,161,133602976,1080,1920,3,110,110
jfzxugsgnnvsrsg6,22095RA98C,480 Mbps,AMD Ryzen 5 5500,6.17.0-23-generic,phase0-2026-05-20,full_frame_bgr,162,139391815,1080,1920,3,110,110
jfzxugsgnnvsrsg6,22095RA98C,480 Mbps,AMD Ryzen 5 5500,6.17.0-23-generic,phase0-2026-05-20,full_frame_bgr,163,134078986,1080,1920,3,110,110
jfzxugsgnnvsrsg6,22095RA98C,480 Mbps,AMD Ryzen 5 5500,6.17.0-23-generic,phase0-2026-05-20,full_frame_bgr,164,132741820,1080,1920,3,110,110
jfzxugsgnnvsrsg6,22095RA98C,480 Mbps,AMD Ryzen 5 5500,6.17.0-23-generic,phase0-2026-05-20,full_frame_bgr,165,141450048,1080,1920,3,110,110
jfzxugsgnnvsrsg6,22095RA98C,480 Mbps,AMD Ryzen 5 5500,6.17.0-23-generic,phase0-2026-05-20,full_frame_bgr,166,139416544,1080,1920,3,110,110
jfzxugsgnnvsrsg6,22095RA98C,480 Mbps,AMD Ryzen 5 5500,6.17.0-23-generic,phase0-2026-05-20,full_frame_bgr,167,137393470,1080,1920,3,110,110
jfzxugsgnnvsrsg6,22095RA98C,480 Mbps,AMD Ryzen 5 5500,6.17.0-23-generic,phase0-2026-05-20,full_frame_bgr,168,138705440,1080,1920,3,110,110
jfzxugsgnnvsrsg6,22095RA98C,480 Mbps,AMD Ryzen 5 5500,6.17.0-23-generic,phase0-2026-05-20,full_frame_bgr,169,136558449,1080,1920,3,110,110
jfzxugsgnnvsrsg6,22095RA98C,480 Mbps,AMD Ryzen 5 5500,6.17.0-23-generic,phase0-2026-05-20,full_frame_bgr,170,135731619,1080,1920,3,110,110
jfzxugsgnnvsrsg6,22095RA98C,480 Mbps,AMD Ryzen 5 5500,6.17.0-23-generic,phase0-2026-05-20,full_frame_bgr,171,137928002,1080,1920,3,110,110
jfzxugsgnnvsrsg6,22095RA98C,480 Mbps,AMD Ryzen 5 5500,6.17.0-23-generic,phase0-2026-05-20,full_frame_bgr,172,142495574,1080,1920,3,110,110
jfzxugsgnnvsrsg6,22095RA98C,480 Mbps,AMD Ryzen 5 5500,6.17.0-23-generic,phase0-2026-05-20,full_frame_bgr,173,138657353,1080,1920,3,110,110
jfzxugsgnnvsrsg6,22095RA98C,480 Mbps,AMD Ryzen 5 5500,6.17.0-23-generic,phase0-2026-05-20,full_frame_bgr,174,142016915,1080,1920,3,110,110
jfzxugsgnnvsrsg6,22095RA98C,480 Mbps,AMD Ryzen 5 5500,6.17.0-23-generic,phase0-2026-05-20,full_frame_bgr,175,136168417,1080,1920,3,110,110
jfzxugsgnnvsrsg6,22095RA98C,480 Mbps,AMD Ryzen 5 5500,6.17.0-23-generic,phase0-2026-05-20,full_frame_bgr,176,133833782,1080,1920,3,110,110
jfzxugsgnnvsrsg6,22095RA98C,480 Mbps,AMD Ryzen 5 5500,6.17.0-23-generic,phase0-2026-05-20,full_frame_bgr,177,138017512,1080,1920,3,110,110
jfzxugsgnnvsrsg6,22095RA98C,480 Mbps,AMD Ryzen 5 5500,6.17.0-23-generic,phase0-2026-05-20,full_frame_bgr,178,135641157,1080,1920,3,110,110
jfzxugsgnnvsrsg6,22095RA98C,480 Mbps,AMD Ryzen 5 5500,6.17.0-23-generic,phase0-2026-05-20,full_frame_bgr,179,140968094,1080,1920,3,110,110
jfzxugsgnnvsrsg6,22095RA98C,480 Mbps,AMD Ryzen 5 5500,6.17.0-23-generic,phase0-2026-05-20,full_frame_bgr,180,134873040,1080,1920,3,110,110
jfzxugsgnnvsrsg6,22095RA98C,480 Mbps,AMD Ryzen 5 5500,6.17.0-23-generic,phase0-2026-05-20,full_frame_bgr,181,136401707,1080,1920,3,110,110
jfzxugsgnnvsrsg6,22095RA98C,480 Mbps,AMD Ryzen 5 5500,6.17.0-23-generic,phase0-2026-05-20,full_frame_bgr,182,138257320,1080,1920,3,110,110
jfzxugsgnnvsrsg6,22095RA98C,480 Mbps,AMD Ryzen 5 5500,6.17.0-23-generic,phase0-2026-05-20,full_frame_bgr,183,145535541,1080,1920,3,110,110
jfzxugsgnnvsrsg6,22095RA98C,480 Mbps,AMD Ryzen 5 5500,6.17.0-23-generic,phase0-2026-05-20,full_frame_bgr,184,151886652,1080,1920,3,110,110
jfzxugsgnnvsrsg6,22095RA98C,480 Mbps,AMD Ryzen 5 5500,6.17.0-23-generic,phase0-2026-05-20,full_frame_bgr,185,135846950,1080,1920,3,110,110
jfzxugsgnnvsrsg6,22095RA98C,480 Mbps,AMD Ryzen 5 5500,6.17.0-23-generic,phase0-2026-05-20,full_frame_bgr,186,138334628,1080,1920,3,110,110
jfzxugsgnnvsrsg6,22095RA98C,480 Mbps,AMD Ryzen 5 5500,6.17.0-23-generic,phase0-2026-05-20,full_frame_bgr,187,138438222,1080,1920,3,110,110
jfzxugsgnnvsrsg6,22095RA98C,480 Mbps,AMD Ryzen 5 5500,6.17.0-23-generic,phase0-2026-05-20,full_frame_bgr,188,138542517,1080,1920,3,110,110
jfzxugsgnnvsrsg6,22095RA98C,480 Mbps,AMD Ryzen 5 5500,6.17.0-23-generic,phase0-2026-05-20,full_frame_bgr,189,136419309,1080,1920,3,110,110
jfzxugsgnnvsrsg6,22095RA98C,480 Mbps,AMD Ryzen 5 5500,6.17.0-23-generic,phase0-2026-05-20,full_frame_bgr,190,137841599,1080,1920,3,110,110
jfzxugsgnnvsrsg6,22095RA98C,480 Mbps,AMD Ryzen 5 5500,6.17.0-23-generic,phase0-2026-05-20,full_frame_bgr,191,139871433,1080,1920,3,110,110
jfzxugsgnnvsrsg6,22095RA98C,480 Mbps,AMD Ryzen 5 5500,6.17.0-23-generic,phase0-2026-05-20,full_frame_bgr,192,139265889,1080,1920,3,110,110
jfzxugsgnnvsrsg6,22095RA98C,480 Mbps,AMD Ryzen 5 5500,6.17.0-23-generic,phase0-2026-05-20,full_frame_bgr,193,135587108,1080,1920,3,110,110
jfzxugsgnnvsrsg6,22095RA98C,480 Mbps,AMD Ryzen 5 5500,6.17.0-23-generic,phase0-2026-05-20,full_frame_bgr,194,147739303,1080,1920,3,110,110
jfzxugsgnnvsrsg6,22095RA98C,480 Mbps,AMD Ryzen 5 5500,6.17.0-23-generic,phase0-2026-05-20,full_frame_bgr,195,141540293,1080,1920,3,110,110
jfzxugsgnnvsrsg6,22095RA98C,480 Mbps,AMD Ryzen 5 5500,6.17.0-23-generic,phase0-2026-05-20,full_frame_bgr,196,142487295,1080,1920,3,110,110
jfzxugsgnnvsrsg6,22095RA98C,480 Mbps,AMD Ryzen 5 5500,6.17.0-23-generic,phase0-2026-05-20,full_frame_bgr,197,138485780,1080,1920,3,110,110
jfzxugsgnnvsrsg6,22095RA98C,480 Mbps,AMD Ryzen 5 5500,6.17.0-23-generic,phase0-2026-05-20,full_frame_bgr,198,137989861,1080,1920,3,110,110
jfzxugsgnnvsrsg6,22095RA98C,480 Mbps,AMD Ryzen 5 5500,6.17.0-23-generic,phase0-2026-05-20,full_frame_bgr,199,140233942,1080,1920,3,110,110
jfzxugsgnnvsrsg6,22095RA98C,480 Mbps,AMD Ryzen 5 5500,6.17.0-23-generic,phase0-2026-05-20,full_frame_bgr,200,140107569,1080,1920,3,110,110
jfzxugsgnnvsrsg6,22095RA98C,480 Mbps,AMD Ryzen 5 5500,6.17.0-23-generic,phase0-2026-05-20,full_frame_bgr,201,142891317,1080,1920,3,110,110
jfzxugsgnnvsrsg6,22095RA98C,480 Mbps,AMD Ryzen 5 5500,6.17.0-23-generic,phase0-2026-05-20,full_frame_bgr,202,139207342,1080,1920,3,110,110
jfzxugsgnnvsrsg6,22095RA98C,480 Mbps,AMD Ryzen 5 5500,6.17.0-23-generic,phase0-2026-05-20,full_frame_bgr,203,135888077,1080,1920,3,110,110
jfzxugsgnnvsrsg6,22095RA98C,480 Mbps,AMD Ryzen 5 5500,6.17.0-23-generic,phase0-2026-05-20,full_frame_bgr,204,136029916,1080,1920,3,110,110
jfzxugsgnnvsrsg6,22095RA98C,480 Mbps,AMD Ryzen 5 5500,6.17.0-23-generic,phase0-2026-05-20,full_frame_bgr,205,138330872,1080,1920,3,110,110
jfzxugsgnnvsrsg6,22095RA98C,480 Mbps,AMD Ryzen 5 5500,6.17.0-23-generic,phase0-2026-05-20,full_frame_bgr,206,137683653,1080,1920,3,110,110
jfzxugsgnnvsrsg6,22095RA98C,480 Mbps,AMD Ryzen 5 5500,6.17.0-23-generic,phase0-2026-05-20,full_frame_bgr,207,134817119,1080,1920,3,110,110
jfzxugsgnnvsrsg6,22095RA98C,480 Mbps,AMD Ryzen 5 5500,6.17.0-23-generic,phase0-2026-05-20,full_frame_bgr,208,140691419,1080,1920,3,110,110
jfzxugsgnnvsrsg6,22095RA98C,480 Mbps,AMD Ryzen 5 5500,6.17.0-23-generic,phase0-2026-05-20,full_frame_bgr,209,139510389,1080,1920,3,110,110
jfzxugsgnnvsrsg6,22095RA98C,480 Mbps,AMD Ryzen 5 5500,6.17.0-23-generic,phase0-2026-05-20,full_frame_bgr,210,135402191,1080,1920,3,110,110
jfzxugsgnnvsrsg6,22095RA98C,480 Mbps,AMD Ryzen 5 5500,6.17.0-23-generic,phase0-2026-05-20,full_frame_bgr,211,135039692,1080,1920,3,110,110
jfzxugsgnnvsrsg6,22095RA98C,480 Mbps,AMD Ryzen 5 5500,6.17.0-23-generic,phase0-2026-05-20,full_frame_bgr,212,139806349,1080,1920,3,110,110
jfzxugsgnnvsrsg6,22095RA98C,480 Mbps,AMD Ryzen 5 5500,6.17.0-23-generic,phase0-2026-05-20,full_frame_bgr,213,133929371,1080,1920,3,110,110
jfzxugsgnnvsrsg6,22095RA98C,480 Mbps,AMD Ryzen 5 5500,6.17.0-23-generic,phase0-2026-05-20,full_frame_bgr,214,137040569,1080,1920,3,110,110
jfzxugsgnnvsrsg6,22095RA98C,480 Mbps,AMD Ryzen 5 5500,6.17.0-23-generic,phase0-2026-05-20,full_frame_bgr,215,132583587,1080,1920,3,110,110
jfzxugsgnnvsrsg6,22095RA98C,480 Mbps,AMD Ryzen 5 5500,6.17.0-23-generic,phase0-2026-05-20,full_frame_bgr,216,135586171,1080,1920,3,110,110
jfzxugsgnnvsrsg6,22095RA98C,480 Mbps,AMD Ryzen 5 5500,6.17.0-23-generic,phase0-2026-05-20,full_frame_bgr,217,147549318,1080,1920,3,110,110
jfzxugsgnnvsrsg6,22095RA98C,480 Mbps,AMD Ryzen 5 5500,6.17.0-23-generic,phase0-2026-05-20,full_frame_bgr,218,140676044,1080,1920,3,110,110
jfzxugsgnnvsrsg6,22095RA98C,480 Mbps,AMD Ryzen 5 5500,6.17.0-23-generic,phase0-2026-05-20,full_frame_bgr,219,146562875,1080,1920,3,110,110
jfzxugsgnnvsrsg6,22095RA98C,480 Mbps,AMD Ryzen 5 5500,6.17.0-23-generic,phase0-2026-05-20,full_frame_bgr,220,153381661,1080,1920,3,110,110
jfzxugsgnnvsrsg6,22095RA98C,480 Mbps,AMD Ryzen 5 5500,6.17.0-23-generic,phase0-2026-05-20,full_frame_bgr,221,147707610,1080,1920,3,110,110
jfzxugsgnnvsrsg6,22095RA98C,480 Mbps,AMD Ryzen 5 5500,6.17.0-23-generic,phase0-2026-05-20,full_frame_bgr,222,146567456,1080,1920,3,110,110
jfzxugsgnnvsrsg6,22095RA98C,480 Mbps,AMD Ryzen 5 5500,6.17.0-23-generic,phase0-2026-05-20,full_frame_bgr,223,136891851,1080,1920,3,110,110
jfzxugsgnnvsrsg6,22095RA98C,480 Mbps,AMD Ryzen 5 5500,6.17.0-23-generic,phase0-2026-05-20,full_frame_bgr,224,136775355,1080,1920,3,110,110
jfzxugsgnnvsrsg6,22095RA98C,480 Mbps,AMD Ryzen 5 5500,6.17.0-23-generic,phase0-2026-05-20,full_frame_bgr,225,139227891,1080,1920,3,110,110
jfzxugsgnnvsrsg6,22095RA98C,480 Mbps,AMD Ryzen 5 5500,6.17.0-23-generic,phase0-2026-05-20,full_frame_bgr,226,138318360,1080,1920,3,110,110
jfzxugsgnnvsrsg6,22095RA98C,480 Mbps,AMD Ryzen 5 5500,6.17.0-23-generic,phase0-2026-05-20,full_frame_bgr,227,135524019,1080,1920,3,110,110
jfzxugsgnnvsrsg6,22095RA98C,480 Mbps,AMD Ryzen 5 5500,6.17.0-23-generic,phase0-2026-05-20,full_frame_bgr,228,139096553,1080,1920,3,110,110
jfzxugsgnnvsrsg6,22095RA98C,480 Mbps,AMD Ryzen 5 5500,6.17.0-23-generic,phase0-2026-05-20,full_frame_bgr,229,144699757,1080,1920,3,110,110
jfzxugsgnnvsrsg6,22095RA98C,480 Mbps,AMD Ryzen 5 5500,6.17.0-23-generic,phase0-2026-05-20,full_frame_bgr,230,151793309,1080,1920,3,110,110
jfzxugsgnnvsrsg6,22095RA98C,480 Mbps,AMD Ryzen 5 5500,6.17.0-23-generic,phase0-2026-05-20,full_frame_bgr,231,147467790,1080,1920,3,110,110
jfzxugsgnnvsrsg6,22095RA98C,480 Mbps,AMD Ryzen 5 5500,6.17.0-23-generic,phase0-2026-05-20,full_frame_bgr,232,134840670,1080,1920,3,110,110
jfzxugsgnnvsrsg6,22095RA98C,480 Mbps,AMD Ryzen 5 5500,6.17.0-23-generic,phase0-2026-05-20,full_frame_bgr,233,133176911,1080,1920,3,110,110
jfzxugsgnnvsrsg6,22095RA98C,480 Mbps,AMD Ryzen 5 5500,6.17.0-23-generic,phase0-2026-05-20,full_frame_bgr,234,141047777,1080,1920,3,110,110
jfzxugsgnnvsrsg6,22095RA98C,480 Mbps,AMD Ryzen 5 5500,6.17.0-23-generic,phase0-2026-05-20,full_frame_bgr,235,129437269,1080,1920,3,110,110
jfzxugsgnnvsrsg6,22095RA98C,480 Mbps,AMD Ryzen 5 5500,6.17.0-23-generic,phase0-2026-05-20,full_frame_bgr,236,136793781,1080,1920,3,110,110
jfzxugsgnnvsrsg6,22095RA98C,480 Mbps,AMD Ryzen 5 5500,6.17.0-23-generic,phase0-2026-05-20,full_frame_bgr,237,137240366,1080,1920,3,110,110
jfzxugsgnnvsrsg6,22095RA98C,480 Mbps,AMD Ryzen 5 5500,6.17.0-23-generic,phase0-2026-05-20,full_frame_bgr,238,134288142,1080,1920,3,110,110
jfzxugsgnnvsrsg6,22095RA98C,480 Mbps,AMD Ryzen 5 5500,6.17.0-23-generic,phase0-2026-05-20,full_frame_bgr,239,134463125,1080,1920,3,110,110
jfzxugsgnnvsrsg6,22095RA98C,480 Mbps,AMD Ryzen 5 5500,6.17.0-23-generic,phase0-2026-05-20,full_frame_bgr,240,146768586,1080,1920,3,110,110
jfzxugsgnnvsrsg6,22095RA98C,480 Mbps,AMD Ryzen 5 5500,6.17.0-23-generic,phase0-2026-05-20,full_frame_bgr,241,150948000,1080,1920,3,110,110
jfzxugsgnnvsrsg6,22095RA98C,480 Mbps,AMD Ryzen 5 5500,6.17.0-23-generic,phase0-2026-05-20,full_frame_bgr,242,154116152,1080,1920,3,110,110
jfzxugsgnnvsrsg6,22095RA98C,480 Mbps,AMD Ryzen 5 5500,6.17.0-23-generic,phase0-2026-05-20,full_frame_bgr,243,141143815,1080,1920,3,110,110
jfzxugsgnnvsrsg6,22095RA98C,480 Mbps,AMD Ryzen 5 5500,6.17.0-23-generic,phase0-2026-05-20,full_frame_bgr,244,142801557,1080,1920,3,110,110
jfzxugsgnnvsrsg6,22095RA98C,480 Mbps,AMD Ryzen 5 5500,6.17.0-23-generic,phase0-2026-05-20,full_frame_bgr,245,134457402,1080,1920,3,110,110
jfzxugsgnnvsrsg6,22095RA98C,480 Mbps,AMD Ryzen 5 5500,6.17.0-23-generic,phase0-2026-05-20,full_frame_bgr,246,150909501,1080,1920,3,110,110
jfzxugsgnnvsrsg6,22095RA98C,480 Mbps,AMD Ryzen 5 5500,6.17.0-23-generic,phase0-2026-05-20,full_frame_bgr,247,158566336,1080,1920,3,110,110
jfzxugsgnnvsrsg6,22095RA98C,480 Mbps,AMD Ryzen 5 5500,6.17.0-23-generic,phase0-2026-05-20,full_frame_bgr,248,156147165,1080,1920,3,110,110
jfzxugsgnnvsrsg6,22095RA98C,480 Mbps,AMD Ryzen 5 5500,6.17.0-23-generic,phase0-2026-05-20,full_frame_bgr,249,163621945,1080,1920,3,110,110
jfzxugsgnnvsrsg6,22095RA98C,480 Mbps,AMD Ryzen 5 5500,6.17.0-23-generic,phase0-2026-05-20,full_frame_bgr,250,148991084,1080,1920,3,110,110
jfzxugsgnnvsrsg6,22095RA98C,480 Mbps,AMD Ryzen 5 5500,6.17.0-23-generic,phase0-2026-05-20,full_frame_bgr,251,145023989,1080,1920,3,110,110
jfzxugsgnnvsrsg6,22095RA98C,480 Mbps,AMD Ryzen 5 5500,6.17.0-23-generic,phase0-2026-05-20,full_frame_bgr,252,141279921,1080,1920,3,110,110
jfzxugsgnnvsrsg6,22095RA98C,480 Mbps,AMD Ryzen 5 5500,6.17.0-23-generic,phase0-2026-05-20,full_frame_bgr,253,133877288,1080,1920,3,110,110
jfzxugsgnnvsrsg6,22095RA98C,480 Mbps,AMD Ryzen 5 5500,6.17.0-23-generic,phase0-2026-05-20,full_frame_bgr,254,142231653,1080,1920,3,110,110
jfzxugsgnnvsrsg6,22095RA98C,480 Mbps,AMD Ryzen 5 5500,6.17.0-23-generic,phase0-2026-05-20,full_frame_bgr,255,140594445,1080,1920,3,110,110
jfzxugsgnnvsrsg6,22095RA98C,480 Mbps,AMD Ryzen 5 5500,6.17.0-23-generic,phase0-2026-05-20,full_frame_bgr,256,134597106,1080,1920,3,110,110
jfzxugsgnnvsrsg6,22095RA98C,480 Mbps,AMD Ryzen 5 5500,6.17.0-23-generic,phase0-2026-05-20,full_frame_bgr,257,139637729,1080,1920,3,110,110
jfzxugsgnnvsrsg6,22095RA98C,480 Mbps,AMD Ryzen 5 5500,6.17.0-23-generic,phase0-2026-05-20,full_frame_bgr,258,136484822,1080,1920,3,110,110
jfzxugsgnnvsrsg6,22095RA98C,480 Mbps,AMD Ryzen 5 5500,6.17.0-23-generic,phase0-2026-05-20,full_frame_bgr,259,135466413,1080,1920,3,110,110
jfzxugsgnnvsrsg6,22095RA98C,480 Mbps,AMD Ryzen 5 5500,6.17.0-23-generic,phase0-2026-05-20,full_frame_bgr,260,137920242,1080,1920,3,110,110
jfzxugsgnnvsrsg6,22095RA98C,480 Mbps,AMD Ryzen 5 5500,6.17.0-23-generic,phase0-2026-05-20,full_frame_bgr,261,138208399,1080,1920,3,110,110
jfzxugsgnnvsrsg6,22095RA98C,480 Mbps,AMD Ryzen 5 5500,6.17.0-23-generic,phase0-2026-05-20,full_frame_bgr,262,136069378,1080,1920,3,110,110
jfzxugsgnnvsrsg6,22095RA98C,480 Mbps,AMD Ryzen 5 5500,6.17.0-23-generic,phase0-2026-05-20,full_frame_bgr,263,138541931,1080,1920,3,110,110
jfzxugsgnnvsrsg6,22095RA98C,480 Mbps,AMD Ryzen 5 5500,6.17.0-23-generic,phase0-2026-05-20,full_frame_bgr,264,135017717,1080,1920,3,110,110
jfzxugsgnnvsrsg6,22095RA98C,480 Mbps,AMD Ryzen 5 5500,6.17.0-23-generic,phase0-2026-05-20,full_frame_bgr,265,138852901,1080,1920,3,110,110
jfzxugsgnnvsrsg6,22095RA98C,480 Mbps,AMD Ryzen 5 5500,6.17.0-23-generic,phase0-2026-05-20,full_frame_bgr,266,139690695,1080,1920,3,110,110
jfzxugsgnnvsrsg6,22095RA98C,480 Mbps,AMD Ryzen 5 5500,6.17.0-23-generic,phase0-2026-05-20,full_frame_bgr,267,137661011,1080,1920,3,110,110
jfzxugsgnnvsrsg6,22095RA98C,480 Mbps,AMD Ryzen 5 5500,6.17.0-23-generic,phase0-2026-05-20,full_frame_bgr,268,139581791,1080,1920,3,110,110
jfzxugsgnnvsrsg6,22095RA98C,480 Mbps,AMD Ryzen 5 5500,6.17.0-23-generic,phase0-2026-05-20,full_frame_bgr,269,143548056,1080,1920,3,110,110
jfzxugsgnnvsrsg6,22095RA98C,480 Mbps,AMD Ryzen 5 5500,6.17.0-23-generic,phase0-2026-05-20,full_frame_bgr,270,137228358,1080,1920,3,110,110
jfzxugsgnnvsrsg6,22095RA98C,480 Mbps,AMD Ryzen 5 5500,6.17.0-23-generic,phase0-2026-05-20,full_frame_bgr,271,136949260,1080,1920,3,110,110
jfzxugsgnnvsrsg6,22095RA98C,480 Mbps,AMD Ryzen 5 5500,6.17.0-23-generic,phase0-2026-05-20,full_frame_bgr,272,140340948,1080,1920,3,110,110
jfzxugsgnnvsrsg6,22095RA98C,480 Mbps,AMD Ryzen 5 5500,6.17.0-23-generic,phase0-2026-05-20,full_frame_bgr,273,139765796,1080,1920,3,110,110
jfzxugsgnnvsrsg6,22095RA98C,480 Mbps,AMD Ryzen 5 5500,6.17.0-23-generic,phase0-2026-05-20,full_frame_bgr,274,134895944,1080,1920,3,110,110
jfzxugsgnnvsrsg6,22095RA98C,480 Mbps,AMD Ryzen 5 5500,6.17.0-23-generic,phase0-2026-05-20,full_frame_bgr,275,137104407,1080,1920,3,110,110
jfzxugsgnnvsrsg6,22095RA98C,480 Mbps,AMD Ryzen 5 5500,6.17.0-23-generic,phase0-2026-05-20,full_frame_bgr,276,138498710,1080,1920,3,110,110
jfzxugsgnnvsrsg6,22095RA98C,480 Mbps,AMD Ryzen 5 5500,6.17.0-23-generic,phase0-2026-05-20,full_frame_bgr,277,135678702,1080,1920,3,110,110
jfzxugsgnnvsrsg6,22095RA98C,480 Mbps,AMD Ryzen 5 5500,6.17.0-23-generic,phase0-2026-05-20,full_frame_bgr,278,137201753,1080,1920,3,110,110
jfzxugsgnnvsrsg6,22095RA98C,480 Mbps,AMD Ryzen 5 5500,6.17.0-23-generic,phase0-2026-05-20,full_frame_bgr,279,140430192,1080,1920,3,110,110
jfzxugsgnnvsrsg6,22095RA98C,480 Mbps,AMD Ryzen 5 5500,6.17.0-23-generic,phase0-2026-05-20,full_frame_bgr,280,136733550,1080,1920,3,110,110
jfzxugsgnnvsrsg6,22095RA98C,480 Mbps,AMD Ryzen 5 5500,6.17.0-23-generic,phase0-2026-05-20,full_frame_bgr,281,137994935,1080,1920,3,110,110
jfzxugsgnnvsrsg6,22095RA98C,480 Mbps,AMD Ryzen 5 5500,6.17.0-23-generic,phase0-2026-05-20,full_frame_bgr,282,137615738,1080,1920,3,110,110
jfzxugsgnnvsrsg6,22095RA98C,480 Mbps,AMD Ryzen 5 5500,6.17.0-23-generic,phase0-2026-05-20,full_frame_bgr,283,140591002,1080,1920,3,110,110
jfzxugsgnnvsrsg6,22095RA98C,480 Mbps,AMD Ryzen 5 5500,6.17.0-23-generic,phase0-2026-05-20,full_frame_bgr,284,137890462,1080,1920,3,110,110
jfzxugsgnnvsrsg6,22095RA98C,480 Mbps,AMD Ryzen 5 5500,6.17.0-23-generic,phase0-2026-05-20,full_frame_bgr,285,139983107,1080,1920,3,110,110
jfzxugsgnnvsrsg6,22095RA98C,480 Mbps,AMD Ryzen 5 5500,6.17.0-23-generic,phase0-2026-05-20,full_frame_bgr,286,137889492,1080,1920,3,110,110
jfzxugsgnnvsrsg6,22095RA98C,480 Mbps,AMD Ryzen 5 5500,6.17.0-23-generic,phase0-2026-05-20,full_frame_bgr,287,135336833,1080,1920,3,110,110
jfzxugsgnnvsrsg6,22095RA98C,480 Mbps,AMD Ryzen 5 5500,6.17.0-23-generic,phase0-2026-05-20,full_frame_bgr,288,140286802,1080,1920,3,110,110
jfzxugsgnnvsrsg6,22095RA98C,480 Mbps,AMD Ryzen 5 5500,6.17.0-23-generic,phase0-2026-05-20,full_frame_bgr,289,146891521,1080,1920,3,110,110
jfzxugsgnnvsrsg6,22095RA98C,480 Mbps,AMD Ryzen 5 5500,6.17.0-23-generic,phase0-2026-05-20,full_frame_bgr,290,136468650,1080,1920,3,110,110
jfzxugsgnnvsrsg6,22095RA98C,480 Mbps,AMD Ryzen 5 5500,6.17.0-23-generic,phase0-2026-05-20,full_frame_bgr,291,139392344,1080,1920,3,110,110
jfzxugsgnnvsrsg6,22095RA98C,480 Mbps,AMD Ryzen 5 5500,6.17.0-23-generic,phase0-2026-05-20,full_frame_bgr,292,134508833,1080,1920,3,110,110
jfzxugsgnnvsrsg6,22095RA98C,480 Mbps,AMD Ryzen 5 5500,6.17.0-23-generic,phase0-2026-05-20,full_frame_bgr,293,137517245,1080,1920,3,110,110
jfzxugsgnnvsrsg6,22095RA98C,480 Mbps,AMD Ryzen 5 5500,6.17.0-23-generic,phase0-2026-05-20,full_frame_bgr,294,141419437,1080,1920,3,110,110
jfzxugsgnnvsrsg6,22095RA98C,480 Mbps,AMD Ryzen 5 5500,6.17.0-23-generic,phase0-2026-05-20,full_frame_bgr,295,137159846,1080,1920,3,110,110
jfzxugsgnnvsrsg6,22095RA98C,480 Mbps,AMD Ryzen 5 5500,6.17.0-23-generic,phase0-2026-05-20,full_frame_bgr,296,138157286,1080,1920,3,110,110
jfzxugsgnnvsrsg6,22095RA98C,480 Mbps,AMD Ryzen 5 5500,6.17.0-23-generic,phase0-2026-05-20,full_frame_bgr,297,137281931,1080,1920,3,110,110
jfzxugsgnnvsrsg6,22095RA98C,480 Mbps,AMD Ryzen 5 5500,6.17.0-23-generic,phase0-2026-05-20,full_frame_bgr,298,137652816,1080,1920,3,110,110
jfzxugsgnnvsrsg6,22095RA98C,480 Mbps,AMD Ryzen 5 5500,6.17.0-23-generic,phase0-2026-05-20,full_frame_bgr,299,140348149,1080,1920,3,110,110
jfzxugsgnnvsrsg6,22095RA98C,480 Mbps,AMD Ryzen 5 5500,6.17.0-23-generic,phase0-2026-05-20,full_frame_bgr,300,137303863,1080,1920,3,110,110
jfzxugsgnnvsrsg6,22095RA98C,480 Mbps,AMD Ryzen 5 5500,6.17.0-23-generic,phase0-2026-05-20,full_frame_bgr,301,139243310,1080,1920,3,110,110
jfzxugsgnnvsrsg6,22095RA98C,480 Mbps,AMD Ryzen 5 5500,6.17.0-23-generic,phase0-2026-05-20,full_frame_bgr,302,139338702,1080,1920,3,110,110
jfzxugsgnnvsrsg6,22095RA98C,480 Mbps,AMD Ryzen 5 5500,6.17.0-23-generic,phase0-2026-05-20,full_frame_bgr,303,138307739,1080,1920,3,110,110
jfzxugsgnnvsrsg6,22095RA98C,480 Mbps,AMD Ryzen 5 5500,6.17.0-23-generic,phase0-2026-05-20,full_frame_bgr,304,136687617,1080,1920,3,110,110
jfzxugsgnnvsrsg6,22095RA98C,480 Mbps,AMD Ryzen 5 5500,6.17.0-23-generic,phase0-2026-05-20,full_frame_bgr,305,137577572,1080,1920,3,110,110
jfzxugsgnnvsrsg6,22095RA98C,480 Mbps,AMD Ryzen 5 5500,6.17.0-23-generic,phase0-2026-05-20,full_frame_bgr,306,143489164,1080,1920,3,110,110
jfzxugsgnnvsrsg6,22095RA98C,480 Mbps,AMD Ryzen 5 5500,6.17.0-23-generic,phase0-2026-05-20,full_frame_bgr,307,140395686,1080,1920,3,110,110
jfzxugsgnnvsrsg6,22095RA98C,480 Mbps,AMD Ryzen 5 5500,6.17.0-23-generic,phase0-2026-05-20,full_frame_bgr,308,146095281,1080,1920,3,110,110
jfzxugsgnnvsrsg6,22095RA98C,480 Mbps,AMD Ryzen 5 5500,6.17.0-23-generic,phase0-2026-05-20,full_frame_bgr,309,138212665,1080,1920,3,110,110
jfzxugsgnnvsrsg6,22095RA98C,480 Mbps,AMD Ryzen 5 5500,6.17.0-23-generic,phase0-2026-05-20,full_frame_bgr,310,136915792,1080,1920,3,110,110
jfzxugsgnnvsrsg6,22095RA98C,480 Mbps,AMD Ryzen 5 5500,6.17.0-23-generic,phase0-2026-05-20,full_frame_bgr,311,136014987,1080,1920,3,110,110
jfzxugsgnnvsrsg6,22095RA98C,480 Mbps,AMD Ryzen 5 5500,6.17.0-23-generic,phase0-2026-05-20,full_frame_bgr,312,137257623,1080,1920,3,110,110
jfzxugsgnnvsrsg6,22095RA98C,480 Mbps,AMD Ryzen 5 5500,6.17.0-23-generic,phase0-2026-05-20,full_frame_bgr,313,138339230,1080,1920,3,110,110
jfzxugsgnnvsrsg6,22095RA98C,480 Mbps,AMD Ryzen 5 5500,6.17.0-23-generic,phase0-2026-05-20,full_frame_bgr,314,136260233,1080,1920,3,110,110
jfzxugsgnnvsrsg6,22095RA98C,480 Mbps,AMD Ryzen 5 5500,6.17.0-23-generic,phase0-2026-05-20,full_frame_bgr,315,149250429,1080,1920,3,110,110
jfzxugsgnnvsrsg6,22095RA98C,480 Mbps,AMD Ryzen 5 5500,6.17.0-23-generic,phase0-2026-05-20,full_frame_bgr,316,137688584,1080,1920,3,110,110
jfzxugsgnnvsrsg6,22095RA98C,480 Mbps,AMD Ryzen 5 5500,6.17.0-23-generic,phase0-2026-05-20,full_frame_bgr,317,141287912,1080,1920,3,110,110
jfzxugsgnnvsrsg6,22095RA98C,480 Mbps,AMD Ryzen 5 5500,6.17.0-23-generic,phase0-2026-05-20,full_frame_bgr,318,138323598,1080,1920,3,110,110
jfzxugsgnnvsrsg6,22095RA98C,480 Mbps,AMD Ryzen 5 5500,6.17.0-23-generic,phase0-2026-05-20,full_frame_bgr,319,139193449,1080,1920,3,110,110
jfzxugsgnnvsrsg6,22095RA98C,480 Mbps,AMD Ryzen 5 5500,6.17.0-23-generic,phase0-2026-05-20,full_frame_bgr,320,143326049,1080,1920,3,110,110
jfzxugsgnnvsrsg6,22095RA98C,480 Mbps,AMD Ryzen 5 5500,6.17.0-23-generic,phase0-2026-05-20,full_frame_bgr,321,136601282,1080,1920,3,110,110
jfzxugsgnnvsrsg6,22095RA98C,480 Mbps,AMD Ryzen 5 5500,6.17.0-23-generic,phase0-2026-05-20,full_frame_bgr,322,141590387,1080,1920,3,110,110
jfzxugsgnnvsrsg6,22095RA98C,480 Mbps,AMD Ryzen 5 5500,6.17.0-23-generic,phase0-2026-05-20,full_frame_bgr,323,140433433,1080,1920,3,110,110
jfzxugsgnnvsrsg6,22095RA98C,480 Mbps,AMD Ryzen 5 5500,6.17.0-23-generic,phase0-2026-05-20,full_frame_bgr,324,136036557,1080,1920,3,110,110
jfzxugsgnnvsrsg6,22095RA98C,480 Mbps,AMD Ryzen 5 5500,6.17.0-23-generic,phase0-2026-05-20,full_frame_bgr,325,142195626,1080,1920,3,110,110
jfzxugsgnnvsrsg6,22095RA98C,480 Mbps,AMD Ryzen 5 5500,6.17.0-23-generic,phase0-2026-05-20,full_frame_bgr,326,139516188,1080,1920,3,110,110
jfzxugsgnnvsrsg6,22095RA98C,480 Mbps,AMD Ryzen 5 5500,6.17.0-23-generic,phase0-2026-05-20,full_frame_bgr,327,146241142,1080,1920,3,110,110
jfzxugsgnnvsrsg6,22095RA98C,480 Mbps,AMD Ryzen 5 5500,6.17.0-23-generic,phase0-2026-05-20,full_frame_bgr,328,136599356,1080,1920,3,110,110
jfzxugsgnnvsrsg6,22095RA98C,480 Mbps,AMD Ryzen 5 5500,6.17.0-23-generic,phase0-2026-05-20,full_frame_bgr,329,134833927,1080,1920,3,110,110
jfzxugsgnnvsrsg6,22095RA98C,480 Mbps,AMD Ryzen 5 5500,6.17.0-23-generic,phase0-2026-05-20,full_frame_bgr,330,138612448,1080,1920,3,110,110
jfzxugsgnnvsrsg6,22095RA98C,480 Mbps,AMD Ryzen 5 5500,6.17.0-23-generic,phase0-2026-05-20,full_frame_bgr,331,139694711,1080,1920,3,110,110
jfzxugsgnnvsrsg6,22095RA98C,480 Mbps,AMD Ryzen 5 5500,6.17.0-23-generic,phase0-2026-05-20,full_frame_bgr,332,134353832,1080,1920,3,110,110
jfzxugsgnnvsrsg6,22095RA98C,480 Mbps,AMD Ryzen 5 5500,6.17.0-23-generic,phase0-2026-05-20,full_frame_bgr,333,135511084,1080,1920,3,110,110
jfzxugsgnnvsrsg6,22095RA98C,480 Mbps,AMD Ryzen 5 5500,6.17.0-23-generic,phase0-2026-05-20,full_frame_bgr,334,136797801,1080,1920,3,110,110
jfzxugsgnnvsrsg6,22095RA98C,480 Mbps,AMD Ryzen 5 5500,6.17.0-23-generic,phase0-2026-05-20,full_frame_bgr,335,133175928,1080,1920,3,110,110
jfzxugsgnnvsrsg6,22095RA98C,480 Mbps,AMD Ryzen 5 5500,6.17.0-23-generic,phase0-2026-05-20,full_frame_bgr,336,140331865,1080,1920,3,110,110
jfzxugsgnnvsrsg6,22095RA98C,480 Mbps,AMD Ryzen 5 5500,6.17.0-23-generic,phase0-2026-05-20,full_frame_bgr,337,141096505,1080,1920,3,110,110
jfzxugsgnnvsrsg6,22095RA98C,480 Mbps,AMD Ryzen 5 5500,6.17.0-23-generic,phase0-2026-05-20,full_frame_bgr,338,135400922,1080,1920,3,110,110
jfzxugsgnnvsrsg6,22095RA98C,480 Mbps,AMD Ryzen 5 5500,6.17.0-23-generic,phase0-2026-05-20,full_frame_bgr,339,134386587,1080,1920,3,110,110
jfzxugsgnnvsrsg6,22095RA98C,480 Mbps,AMD Ryzen 5 5500,6.17.0-23-generic,phase0-2026-05-20,full_frame_bgr,340,140651015,1080,1920,3,110,110
jfzxugsgnnvsrsg6,22095RA98C,480 Mbps,AMD Ryzen 5 5500,6.17.0-23-generic,phase0-2026-05-20,full_frame_bgr,341,137341420,1080,1920,3,110,110
jfzxugsgnnvsrsg6,22095RA98C,480 Mbps,AMD Ryzen 5 5500,6.17.0-23-generic,phase0-2026-05-20,full_frame_bgr,342,133807372,1080,1920,3,110,110
jfzxugsgnnvsrsg6,22095RA98C,480 Mbps,AMD Ryzen 5 5500,6.17.0-23-generic,phase0-2026-05-20,full_frame_bgr,343,135754669,1080,1920,3,110,110
jfzxugsgnnvsrsg6,22095RA98C,480 Mbps,AMD Ryzen 5 5500,6.17.0-23-generic,phase0-2026-05-20,full_frame_bgr,344,135474572,1080,1920,3,110,110
jfzxugsgnnvsrsg6,22095RA98C,480 Mbps,AMD Ryzen 5 5500,6.17.0-23-generic,phase0-2026-05-20,full_frame_bgr,345,137626643,1080,1920,3,110,110
jfzxugsgnnvsrsg6,22095RA98C,480 Mbps,AMD Ryzen 5 5500,6.17.0-23-generic,phase0-2026-05-20,full_frame_bgr,346,138274065,1080,1920,3,110,110
jfzxugsgnnvsrsg6,22095RA98C,480 Mbps,AMD Ryzen 5 5500,6.17.0-23-generic,phase0-2026-05-20,full_frame_bgr,347,135618679,1080,1920,3,110,110
jfzxugsgnnvsrsg6,22095RA98C,480 Mbps,AMD Ryzen 5 5500,6.17.0-23-generic,phase0-2026-05-20,full_frame_bgr,348,140917942,1080,1920,3,110,110
jfzxugsgnnvsrsg6,22095RA98C,480 Mbps,AMD Ryzen 5 5500,6.17.0-23-generic,phase0-2026-05-20,full_frame_bgr,349,137496079,1080,1920,3,110,110
jfzxugsgnnvsrsg6,22095RA98C,480 Mbps,AMD Ryzen 5 5500,6.17.0-23-generic,phase0-2026-05-20,full_frame_bgr,350,133530308,1080,1920,3,110,110
jfzxugsgnnvsrsg6,22095RA98C,480 Mbps,AMD Ryzen 5 5500,6.17.0-23-generic,phase0-2026-05-20,full_frame_bgr,351,137894016,1080,1920,3,110,110
jfzxugsgnnvsrsg6,22095RA98C,480 Mbps,AMD Ryzen 5 5500,6.17.0-23-generic,phase0-2026-05-20,full_frame_bgr,352,137120330,1080,1920,3,110,110
jfzxugsgnnvsrsg6,22095RA98C,480 Mbps,AMD Ryzen 5 5500,6.17.0-23-generic,phase0-2026-05-20,full_frame_bgr,353,134741876,1080,1920,3,110,110
jfzxugsgnnvsrsg6,22095RA98C,480 Mbps,AMD Ryzen 5 5500,6.17.0-23-generic,phase0-2026-05-20,full_frame_bgr,354,135268065,1080,1920,3,110,110
jfzxugsgnnvsrsg6,22095RA98C,480 Mbps,AMD Ryzen 5 5500,6.17.0-23-generic,phase0-2026-05-20,full_frame_bgr,355,134747037,1080,1920,3,110,110
jfzxugsgnnvsrsg6,22095RA98C,480 Mbps,AMD Ryzen 5 5500,6.17.0-23-generic,phase0-2026-05-20,full_frame_bgr,356,134954200,1080,1920,3,110,110
jfzxugsgnnvsrsg6,22095RA98C,480 Mbps,AMD Ryzen 5 5500,6.17.0-23-generic,phase0-2026-05-20,full_frame_bgr,357,131701080,1080,1920,3,110,110
jfzxugsgnnvsrsg6,22095RA98C,480 Mbps,AMD Ryzen 5 5500,6.17.0-23-generic,phase0-2026-05-20,full_frame_bgr,358,144149416,1080,1920,3,110,110
jfzxugsgnnvsrsg6,22095RA98C,480 Mbps,AMD Ryzen 5 5500,6.17.0-23-generic,phase0-2026-05-20,full_frame_bgr,359,137363722,1080,1920,3,110,110
jfzxugsgnnvsrsg6,22095RA98C,480 Mbps,AMD Ryzen 5 5500,6.17.0-23-generic,phase0-2026-05-20,full_frame_bgr,360,135285204,1080,1920,3,110,110
jfzxugsgnnvsrsg6,22095RA98C,480 Mbps,AMD Ryzen 5 5500,6.17.0-23-generic,phase0-2026-05-20,full_frame_bgr,361,136520579,1080,1920,3,110,110
jfzxugsgnnvsrsg6,22095RA98C,480 Mbps,AMD Ryzen 5 5500,6.17.0-23-generic,phase0-2026-05-20,full_frame_bgr,362,133063590,1080,1920,3,110,110
jfzxugsgnnvsrsg6,22095RA98C,480 Mbps,AMD Ryzen 5 5500,6.17.0-23-generic,phase0-2026-05-20,full_frame_bgr,363,136210386,1080,1920,3,110,110
jfzxugsgnnvsrsg6,22095RA98C,480 Mbps,AMD Ryzen 5 5500,6.17.0-23-generic,phase0-2026-05-20,full_frame_bgr,364,138887130,1080,1920,3,110,110
jfzxugsgnnvsrsg6,22095RA98C,480 Mbps,AMD Ryzen 5 5500,6.17.0-23-generic,phase0-2026-05-20,full_frame_bgr,365,136189931,1080,1920,3,110,110
jfzxugsgnnvsrsg6,22095RA98C,480 Mbps,AMD Ryzen 5 5500,6.17.0-23-generic,phase0-2026-05-20,full_frame_bgr,366,141318129,1080,1920,3,110,110
jfzxugsgnnvsrsg6,22095RA98C,480 Mbps,AMD Ryzen 5 5500,6.17.0-23-generic,phase0-2026-05-20,full_frame_bgr,367,139799494,1080,1920,3,110,110
jfzxugsgnnvsrsg6,22095RA98C,480 Mbps,AMD Ryzen 5 5500,6.17.0-23-generic,phase0-2026-05-20,full_frame_bgr,368,136034895,1080,1920,3,110,110
jfzxugsgnnvsrsg6,22095RA98C,480 Mbps,AMD Ryzen 5 5500,6.17.0-23-generic,phase0-2026-05-20,full_frame_bgr,369,142806041,1080,1920,3,110,110
jfzxugsgnnvsrsg6,22095RA98C,480 Mbps,AMD Ryzen 5 5500,6.17.0-23-generic,phase0-2026-05-20,full_frame_bgr,370,142017655,1080,1920,3,110,110
jfzxugsgnnvsrsg6,22095RA98C,480 Mbps,AMD Ryzen 5 5500,6.17.0-23-generic,phase0-2026-05-20,full_frame_bgr,371,133804662,1080,1920,3,110,110
jfzxugsgnnvsrsg6,22095RA98C,480 Mbps,AMD Ryzen 5 5500,6.17.0-23-generic,phase0-2026-05-20,full_frame_bgr,372,136433066,1080,1920,3,110,110
jfzxugsgnnvsrsg6,22095RA98C,480 Mbps,AMD Ryzen 5 5500,6.17.0-23-generic,phase0-2026-05-20,full_frame_bgr,373,140999001,1080,1920,3,110,110
jfzxugsgnnvsrsg6,22095RA98C,480 Mbps,AMD Ryzen 5 5500,6.17.0-23-generic,phase0-2026-05-20,full_frame_bgr,374,141978026,1080,1920,3,110,110
jfzxugsgnnvsrsg6,22095RA98C,480 Mbps,AMD Ryzen 5 5500,6.17.0-23-generic,phase0-2026-05-20,full_frame_bgr,375,132021014,1080,1920,3,110,110
jfzxugsgnnvsrsg6,22095RA98C,480 Mbps,AMD Ryzen 5 5500,6.17.0-23-generic,phase0-2026-05-20,full_frame_bgr,376,139913294,1080,1920,3,110,110
jfzxugsgnnvsrsg6,22095RA98C,480 Mbps,AMD Ryzen 5 5500,6.17.0-23-generic,phase0-2026-05-20,full_frame_bgr,377,140986519,1080,1920,3,110,110
jfzxugsgnnvsrsg6,22095RA98C,480 Mbps,AMD Ryzen 5 5500,6.17.0-23-generic,phase0-2026-05-20,full_frame_bgr,378,137178599,1080,1920,3,110,110
jfzxugsgnnvsrsg6,22095RA98C,480 Mbps,AMD Ryzen 5 5500,6.17.0-23-generic,phase0-2026-05-20,full_frame_bgr,379,134965951,1080,1920,3,110,110
jfzxugsgnnvsrsg6,22095RA98C,480 Mbps,AMD Ryzen 5 5500,6.17.0-23-generic,phase0-2026-05-20,full_frame_bgr,380,137907539,1080,1920,3,110,110
jfzxugsgnnvsrsg6,22095RA98C,480 Mbps,AMD Ryzen 5 5500,6.17.0-23-generic,phase0-2026-05-20,full_frame_bgr,381,138126023,1080,1920,3,110,110
jfzxugsgnnvsrsg6,22095RA98C,480 Mbps,AMD Ryzen 5 5500,6.17.0-23-generic,phase0-2026-05-20,full_frame_bgr,382,138535526,1080,1920,3,110,110
jfzxugsgnnvsrsg6,22095RA98C,480 Mbps,AMD Ryzen 5 5500,6.17.0-23-generic,phase0-2026-05-20,full_frame_bgr,383,134743522,1080,1920,3,110,110
jfzxugsgnnvsrsg6,22095RA98C,480 Mbps,AMD Ryzen 5 5500,6.17.0-23-generic,phase0-2026-05-20,full_frame_bgr,384,136832755,1080,1920,3,110,110
jfzxugsgnnvsrsg6,22095RA98C,480 Mbps,AMD Ryzen 5 5500,6.17.0-23-generic,phase0-2026-05-20,full_frame_bgr,385,143065269,1080,1920,3,110,110
jfzxugsgnnvsrsg6,22095RA98C,480 Mbps,AMD Ryzen 5 5500,6.17.0-23-generic,phase0-2026-05-20,full_frame_bgr,386,135524235,1080,1920,3,110,110
jfzxugsgnnvsrsg6,22095RA98C,480 Mbps,AMD Ryzen 5 5500,6.17.0-23-generic,phase0-2026-05-20,full_frame_bgr,387,136666558,1080,1920,3,110,110
jfzxugsgnnvsrsg6,22095RA98C,480 Mbps,AMD Ryzen 5 5500,6.17.0-23-generic,phase0-2026-05-20,full_frame_bgr,388,148087898,1080,1920,3,110,110
jfzxugsgnnvsrsg6,22095RA98C,480 Mbps,AMD Ryzen 5 5500,6.17.0-23-generic,phase0-2026-05-20,full_frame_bgr,389,142490557,1080,1920,3,110,110
jfzxugsgnnvsrsg6,22095RA98C,480 Mbps,AMD Ryzen 5 5500,6.17.0-23-generic,phase0-2026-05-20,full_frame_bgr,390,138069230,1080,1920,3,110,110
jfzxugsgnnvsrsg6,22095RA98C,480 Mbps,AMD Ryzen 5 5500,6.17.0-23-generic,phase0-2026-05-20,full_frame_bgr,391,145743891,1080,1920,3,110,110
jfzxugsgnnvsrsg6,22095RA98C,480 Mbps,AMD Ryzen 5 5500,6.17.0-23-generic,phase0-2026-05-20,full_frame_bgr,392,140426879,1080,1920,3,110,110
jfzxugsgnnvsrsg6,22095RA98C,480 Mbps,AMD Ryzen 5 5500,6.17.0-23-generic,phase0-2026-05-20,full_frame_bgr,393,136777564,1080,1920,3,110,110
jfzxugsgnnvsrsg6,22095RA98C,480 Mbps,AMD Ryzen 5 5500,6.17.0-23-generic,phase0-2026-05-20,full_frame_bgr,394,137593292,1080,1920,3,110,110
jfzxugsgnnvsrsg6,22095RA98C,480 Mbps,AMD Ryzen 5 5500,6.17.0-23-generic,phase0-2026-05-20,full_frame_bgr,395,142946146,1080,1920,3,110,110
jfzxugsgnnvsrsg6,22095RA98C,480 Mbps,AMD Ryzen 5 5500,6.17.0-23-generic,phase0-2026-05-20,full_frame_bgr,396,134957600,1080,1920,3,110,110
jfzxugsgnnvsrsg6,22095RA98C,480 Mbps,AMD Ryzen 5 5500,6.17.0-23-generic,phase0-2026-05-20,full_frame_bgr,397,140703471,1080,1920,3,110,110
jfzxugsgnnvsrsg6,22095RA98C,480 Mbps,AMD Ryzen 5 5500,6.17.0-23-generic,phase0-2026-05-20,full_frame_bgr,398,132649528,1080,1920,3,110,110
jfzxugsgnnvsrsg6,22095RA98C,480 Mbps,AMD Ryzen 5 5500,6.17.0-23-generic,phase0-2026-05-20,full_frame_bgr,399,134616414,1080,1920,3,110,110
jfzxugsgnnvsrsg6,22095RA98C,480 Mbps,AMD Ryzen 5 5500,6.17.0-23-generic,phase0-2026-05-20,full_frame_bgr,400,141819258,1080,1920,3,110,110
jfzxugsgnnvsrsg6,22095RA98C,480 Mbps,AMD Ryzen 5 5500,6.17.0-23-generic,phase0-2026-05-20,full_frame_bgr,401,136600360,1080,1920,3,110,110
jfzxugsgnnvsrsg6,22095RA98C,480 Mbps,AMD Ryzen 5 5500,6.17.0-23-generic,phase0-2026-05-20,full_frame_bgr,402,140741870,1080,1920,3,110,110
jfzxugsgnnvsrsg6,22095RA98C,480 Mbps,AMD Ryzen 5 5500,6.17.0-23-generic,phase0-2026-05-20,full_frame_bgr,403,145397293,1080,1920,3,110,110
jfzxugsgnnvsrsg6,22095RA98C,480 Mbps,AMD Ryzen 5 5500,6.17.0-23-generic,phase0-2026-05-20,full_frame_bgr,404,138371835,1080,1920,3,110,110
jfzxugsgnnvsrsg6,22095RA98C,480 Mbps,AMD Ryzen 5 5500,6.17.0-23-generic,phase0-2026-05-20,full_frame_bgr,405,134751798,1080,1920,3,110,110
jfzxugsgnnvsrsg6,22095RA98C,480 Mbps,AMD Ryzen 5 5500,6.17.0-23-generic,phase0-2026-05-20,full_frame_bgr,406,135455821,1080,1920,3,110,110
jfzxugsgnnvsrsg6,22095RA98C,480 Mbps,AMD Ryzen 5 5500,6.17.0-23-generic,phase0-2026-05-20,full_frame_bgr,407,133646884,1080,1920,3,110,110
jfzxugsgnnvsrsg6,22095RA98C,480 Mbps,AMD Ryzen 5 5500,6.17.0-23-generic,phase0-2026-05-20,full_frame_bgr,408,131830353,1080,1920,3,110,110
jfzxugsgnnvsrsg6,22095RA98C,480 Mbps,AMD Ryzen 5 5500,6.17.0-23-generic,phase0-2026-05-20,full_frame_bgr,409,135903450,1080,1920,3,110,110
jfzxugsgnnvsrsg6,22095RA98C,480 Mbps,AMD Ryzen 5 5500,6.17.0-23-generic,phase0-2026-05-20,full_frame_bgr,410,140803064,1080,1920,3,110,110
jfzxugsgnnvsrsg6,22095RA98C,480 Mbps,AMD Ryzen 5 5500,6.17.0-23-generic,phase0-2026-05-20,full_frame_bgr,411,134186824,1080,1920,3,110,110
jfzxugsgnnvsrsg6,22095RA98C,480 Mbps,AMD Ryzen 5 5500,6.17.0-23-generic,phase0-2026-05-20,full_frame_bgr,412,134083973,1080,1920,3,110,110
jfzxugsgnnvsrsg6,22095RA98C,480 Mbps,AMD Ryzen 5 5500,6.17.0-23-generic,phase0-2026-05-20,full_frame_bgr,413,135929493,1080,1920,3,110,110
jfzxugsgnnvsrsg6,22095RA98C,480 Mbps,AMD Ryzen 5 5500,6.17.0-23-generic,phase0-2026-05-20,full_frame_bgr,414,135275995,1080,1920,3,110,110
jfzxugsgnnvsrsg6,22095RA98C,480 Mbps,AMD Ryzen 5 5500,6.17.0-23-generic,phase0-2026-05-20,full_frame_bgr,415,131845902,1080,1920,3,110,110
jfzxugsgnnvsrsg6,22095RA98C,480 Mbps,AMD Ryzen 5 5500,6.17.0-23-generic,phase0-2026-05-20,full_frame_bgr,416,138380730,1080,1920,3,110,110
jfzxugsgnnvsrsg6,22095RA98C,480 Mbps,AMD Ryzen 5 5500,6.17.0-23-generic,phase0-2026-05-20,full_frame_bgr,417,138302037,1080,1920,3,110,110
jfzxugsgnnvsrsg6,22095RA98C,480 Mbps,AMD Ryzen 5 5500,6.17.0-23-generic,phase0-2026-05-20,full_frame_bgr,418,133788568,1080,1920,3,110,110
jfzxugsgnnvsrsg6,22095RA98C,480 Mbps,AMD Ryzen 5 5500,6.17.0-23-generic,phase0-2026-05-20,full_frame_bgr,419,135749478,1080,1920,3,110,110
jfzxugsgnnvsrsg6,22095RA98C,480 Mbps,AMD Ryzen 5 5500,6.17.0-23-generic,phase0-2026-05-20,full_frame_bgr,420,137848142,1080,1920,3,110,110
jfzxugsgnnvsrsg6,22095RA98C,480 Mbps,AMD Ryzen 5 5500,6.17.0-23-generic,phase0-2026-05-20,full_frame_bgr,421,140446006,1080,1920,3,110,110
jfzxugsgnnvsrsg6,22095RA98C,480 Mbps,AMD Ryzen 5 5500,6.17.0-23-generic,phase0-2026-05-20,full_frame_bgr,422,139190188,1080,1920,3,110,110
jfzxugsgnnvsrsg6,22095RA98C,480 Mbps,AMD Ryzen 5 5500,6.17.0-23-generic,phase0-2026-05-20,full_frame_bgr,423,136081855,1080,1920,3,110,110
jfzxugsgnnvsrsg6,22095RA98C,480 Mbps,AMD Ryzen 5 5500,6.17.0-23-generic,phase0-2026-05-20,full_frame_bgr,424,139365989,1080,1920,3,110,110
jfzxugsgnnvsrsg6,22095RA98C,480 Mbps,AMD Ryzen 5 5500,6.17.0-23-generic,phase0-2026-05-20,full_frame_bgr,425,145643373,1080,1920,3,110,110
jfzxugsgnnvsrsg6,22095RA98C,480 Mbps,AMD Ryzen 5 5500,6.17.0-23-generic,phase0-2026-05-20,full_frame_bgr,426,137217252,1080,1920,3,110,110
jfzxugsgnnvsrsg6,22095RA98C,480 Mbps,AMD Ryzen 5 5500,6.17.0-23-generic,phase0-2026-05-20,full_frame_bgr,427,132738590,1080,1920,3,110,110
jfzxugsgnnvsrsg6,22095RA98C,480 Mbps,AMD Ryzen 5 5500,6.17.0-23-generic,phase0-2026-05-20,full_frame_bgr,428,137858697,1080,1920,3,110,110
jfzxugsgnnvsrsg6,22095RA98C,480 Mbps,AMD Ryzen 5 5500,6.17.0-23-generic,phase0-2026-05-20,full_frame_bgr,429,138871719,1080,1920,3,110,110
jfzxugsgnnvsrsg6,22095RA98C,480 Mbps,AMD Ryzen 5 5500,6.17.0-23-generic,phase0-2026-05-20,full_frame_bgr,430,133931275,1080,1920,3,110,110
jfzxugsgnnvsrsg6,22095RA98C,480 Mbps,AMD Ryzen 5 5500,6.17.0-23-generic,phase0-2026-05-20,full_frame_bgr,431,143279345,1080,1920,3,110,110
jfzxugsgnnvsrsg6,22095RA98C,480 Mbps,AMD Ryzen 5 5500,6.17.0-23-generic,phase0-2026-05-20,full_frame_bgr,432,137016138,1080,1920,3,110,110
jfzxugsgnnvsrsg6,22095RA98C,480 Mbps,AMD Ryzen 5 5500,6.17.0-23-generic,phase0-2026-05-20,full_frame_bgr,433,133491835,1080,1920,3,110,110
jfzxugsgnnvsrsg6,22095RA98C,480 Mbps,AMD Ryzen 5 5500,6.17.0-23-generic,phase0-2026-05-20,full_frame_bgr,434,138581524,1080,1920,3,110,110
jfzxugsgnnvsrsg6,22095RA98C,480 Mbps,AMD Ryzen 5 5500,6.17.0-23-generic,phase0-2026-05-20,full_frame_bgr,435,137866243,1080,1920,3,110,110
jfzxugsgnnvsrsg6,22095RA98C,480 Mbps,AMD Ryzen 5 5500,6.17.0-23-generic,phase0-2026-05-20,full_frame_bgr,436,134349212,1080,1920,3,110,110
jfzxugsgnnvsrsg6,22095RA98C,480 Mbps,AMD Ryzen 5 5500,6.17.0-23-generic,phase0-2026-05-20,full_frame_bgr,437,138995994,1080,1920,3,110,110
jfzxugsgnnvsrsg6,22095RA98C,480 Mbps,AMD Ryzen 5 5500,6.17.0-23-generic,phase0-2026-05-20,full_frame_bgr,438,140869118,1080,1920,3,110,110
jfzxugsgnnvsrsg6,22095RA98C,480 Mbps,AMD Ryzen 5 5500,6.17.0-23-generic,phase0-2026-05-20,full_frame_bgr,439,136336829,1080,1920,3,110,110
jfzxugsgnnvsrsg6,22095RA98C,480 Mbps,AMD Ryzen 5 5500,6.17.0-23-generic,phase0-2026-05-20,full_frame_bgr,440,137264392,1080,1920,3,110,110
jfzxugsgnnvsrsg6,22095RA98C,480 Mbps,AMD Ryzen 5 5500,6.17.0-23-generic,phase0-2026-05-20,full_frame_bgr,441,132794188,1080,1920,3,110,110
jfzxugsgnnvsrsg6,22095RA98C,480 Mbps,AMD Ryzen 5 5500,6.17.0-23-generic,phase0-2026-05-20,full_frame_bgr,442,136791515,1080,1920,3,110,110
jfzxugsgnnvsrsg6,22095RA98C,480 Mbps,AMD Ryzen 5 5500,6.17.0-23-generic,phase0-2026-05-20,full_frame_bgr,443,137743369,1080,1920,3,110,110
jfzxugsgnnvsrsg6,22095RA98C,480 Mbps,AMD Ryzen 5 5500,6.17.0-23-generic,phase0-2026-05-20,full_frame_bgr,444,135646461,1080,1920,3,110,110
jfzxugsgnnvsrsg6,22095RA98C,480 Mbps,AMD Ryzen 5 5500,6.17.0-23-generic,phase0-2026-05-20,full_frame_bgr,445,136492152,1080,1920,3,110,110
jfzxugsgnnvsrsg6,22095RA98C,480 Mbps,AMD Ryzen 5 5500,6.17.0-23-generic,phase0-2026-05-20,full_frame_bgr,446,139590290,1080,1920,3,110,110
jfzxugsgnnvsrsg6,22095RA98C,480 Mbps,AMD Ryzen 5 5500,6.17.0-23-generic,phase0-2026-05-20,full_frame_bgr,447,139408153,1080,1920,3,110,110
jfzxugsgnnvsrsg6,22095RA98C,480 Mbps,AMD Ryzen 5 5500,6.17.0-23-generic,phase0-2026-05-20,full_frame_bgr,448,133410333,1080,1920,3,110,110
jfzxugsgnnvsrsg6,22095RA98C,480 Mbps,AMD Ryzen 5 5500,6.17.0-23-generic,phase0-2026-05-20,full_frame_bgr,449,136761822,1080,1920,3,110,110
jfzxugsgnnvsrsg6,22095RA98C,480 Mbps,AMD Ryzen 5 5500,6.17.0-23-generic,phase0-2026-05-20,full_frame_bgr,450,137964370,1080,1920,3,110,110
jfzxugsgnnvsrsg6,22095RA98C,480 Mbps,AMD Ryzen 5 5500,6.17.0-23-generic,phase0-2026-05-20,full_frame_bgr,451,134332384,1080,1920,3,110,110
jfzxugsgnnvsrsg6,22095RA98C,480 Mbps,AMD Ryzen 5 5500,6.17.0-23-generic,phase0-2026-05-20,full_frame_bgr,452,133953682,1080,1920,3,110,110
jfzxugsgnnvsrsg6,22095RA98C,480 Mbps,AMD Ryzen 5 5500,6.17.0-23-generic,phase0-2026-05-20,full_frame_bgr,453,139672249,1080,1920,3,110,110
jfzxugsgnnvsrsg6,22095RA98C,480 Mbps,AMD Ryzen 5 5500,6.17.0-23-generic,phase0-2026-05-20,full_frame_bgr,454,138965459,1080,1920,3,110,110
jfzxugsgnnvsrsg6,22095RA98C,480 Mbps,AMD Ryzen 5 5500,6.17.0-23-generic,phase0-2026-05-20,full_frame_bgr,455,138716925,1080,1920,3,110,110
jfzxugsgnnvsrsg6,22095RA98C,480 Mbps,AMD Ryzen 5 5500,6.17.0-23-generic,phase0-2026-05-20,full_frame_bgr,456,137004809,1080,1920,3,110,110
jfzxugsgnnvsrsg6,22095RA98C,480 Mbps,AMD Ryzen 5 5500,6.17.0-23-generic,phase0-2026-05-20,full_frame_bgr,457,131893830,1080,1920,3,110,110
jfzxugsgnnvsrsg6,22095RA98C,480 Mbps,AMD Ryzen 5 5500,6.17.0-23-generic,phase0-2026-05-20,full_frame_bgr,458,139343426,1080,1920,3,110,110
jfzxugsgnnvsrsg6,22095RA98C,480 Mbps,AMD Ryzen 5 5500,6.17.0-23-generic,phase0-2026-05-20,full_frame_bgr,459,136515400,1080,1920,3,110,110
jfzxugsgnnvsrsg6,22095RA98C,480 Mbps,AMD Ryzen 5 5500,6.17.0-23-generic,phase0-2026-05-20,full_frame_bgr,460,135696176,1080,1920,3,110,110
jfzxugsgnnvsrsg6,22095RA98C,480 Mbps,AMD Ryzen 5 5500,6.17.0-23-generic,phase0-2026-05-20,full_frame_bgr,461,143232044,1080,1920,3,110,110
jfzxugsgnnvsrsg6,22095RA98C,480 Mbps,AMD Ryzen 5 5500,6.17.0-23-generic,phase0-2026-05-20,full_frame_bgr,462,141778643,1080,1920,3,110,110
jfzxugsgnnvsrsg6,22095RA98C,480 Mbps,AMD Ryzen 5 5500,6.17.0-23-generic,phase0-2026-05-20,full_frame_bgr,463,136848907,1080,1920,3,110,110
jfzxugsgnnvsrsg6,22095RA98C,480 Mbps,AMD Ryzen 5 5500,6.17.0-23-generic,phase0-2026-05-20,full_frame_bgr,464,135049623,1080,1920,3,110,110
jfzxugsgnnvsrsg6,22095RA98C,480 Mbps,AMD Ryzen 5 5500,6.17.0-23-generic,phase0-2026-05-20,full_frame_bgr,465,140393549,1080,1920,3,110,110
jfzxugsgnnvsrsg6,22095RA98C,480 Mbps,AMD Ryzen 5 5500,6.17.0-23-generic,phase0-2026-05-20,full_frame_bgr,466,137173138,1080,1920,3,110,110
jfzxugsgnnvsrsg6,22095RA98C,480 Mbps,AMD Ryzen 5 5500,6.17.0-23-generic,phase0-2026-05-20,full_frame_bgr,467,137759784,1080,1920,3,110,110
jfzxugsgnnvsrsg6,22095RA98C,480 Mbps,AMD Ryzen 5 5500,6.17.0-23-generic,phase0-2026-05-20,full_frame_bgr,468,139672544,1080,1920,3,110,110
jfzxugsgnnvsrsg6,22095RA98C,480 Mbps,AMD Ryzen 5 5500,6.17.0-23-generic,phase0-2026-05-20,full_frame_bgr,469,137082746,1080,1920,3,110,110
jfzxugsgnnvsrsg6,22095RA98C,480 Mbps,AMD Ryzen 5 5500,6.17.0-23-generic,phase0-2026-05-20,full_frame_bgr,470,138422124,1080,1920,3,110,110
jfzxugsgnnvsrsg6,22095RA98C,480 Mbps,AMD Ryzen 5 5500,6.17.0-23-generic,phase0-2026-05-20,full_frame_bgr,471,136477838,1080,1920,3,110,110
jfzxugsgnnvsrsg6,22095RA98C,480 Mbps,AMD Ryzen 5 5500,6.17.0-23-generic,phase0-2026-05-20,full_frame_bgr,472,135803123,1080,1920,3,110,110
jfzxugsgnnvsrsg6,22095RA98C,480 Mbps,AMD Ryzen 5 5500,6.17.0-23-generic,phase0-2026-05-20,full_frame_bgr,473,143326224,1080,1920,3,110,110
jfzxugsgnnvsrsg6,22095RA98C,480 Mbps,AMD Ryzen 5 5500,6.17.0-23-generic,phase0-2026-05-20,full_frame_bgr,474,134521630,1080,1920,3,110,110
jfzxugsgnnvsrsg6,22095RA98C,480 Mbps,AMD Ryzen 5 5500,6.17.0-23-generic,phase0-2026-05-20,full_frame_bgr,475,139848846,1080,1920,3,110,110
jfzxugsgnnvsrsg6,22095RA98C,480 Mbps,AMD Ryzen 5 5500,6.17.0-23-generic,phase0-2026-05-20,full_frame_bgr,476,137026289,1080,1920,3,110,110
jfzxugsgnnvsrsg6,22095RA98C,480 Mbps,AMD Ryzen 5 5500,6.17.0-23-generic,phase0-2026-05-20,full_frame_bgr,477,135413295,1080,1920,3,110,110
jfzxugsgnnvsrsg6,22095RA98C,480 Mbps,AMD Ryzen 5 5500,6.17.0-23-generic,phase0-2026-05-20,full_frame_bgr,478,138183648,1080,1920,3,110,110
jfzxugsgnnvsrsg6,22095RA98C,480 Mbps,AMD Ryzen 5 5500,6.17.0-23-generic,phase0-2026-05-20,full_frame_bgr,479,138298789,1080,1920,3,110,110
jfzxugsgnnvsrsg6,22095RA98C,480 Mbps,AMD Ryzen 5 5500,6.17.0-23-generic,phase0-2026-05-20,full_frame_bgr,480,133154821,1080,1920,3,110,110
jfzxugsgnnvsrsg6,22095RA98C,480 Mbps,AMD Ryzen 5 5500,6.17.0-23-generic,phase0-2026-05-20,full_frame_bgr,481,137903424,1080,1920,3,110,110
jfzxugsgnnvsrsg6,22095RA98C,480 Mbps,AMD Ryzen 5 5500,6.17.0-23-generic,phase0-2026-05-20,full_frame_bgr,482,138012710,1080,1920,3,110,110
jfzxugsgnnvsrsg6,22095RA98C,480 Mbps,AMD Ryzen 5 5500,6.17.0-23-generic,phase0-2026-05-20,full_frame_bgr,483,135869449,1080,1920,3,110,110
jfzxugsgnnvsrsg6,22095RA98C,480 Mbps,AMD Ryzen 5 5500,6.17.0-23-generic,phase0-2026-05-20,full_frame_bgr,484,137625824,1080,1920,3,110,110
jfzxugsgnnvsrsg6,22095RA98C,480 Mbps,AMD Ryzen 5 5500,6.17.0-23-generic,phase0-2026-05-20,full_frame_bgr,485,139114464,1080,1920,3,110,110
jfzxugsgnnvsrsg6,22095RA98C,480 Mbps,AMD Ryzen 5 5500,6.17.0-23-generic,phase0-2026-05-20,full_frame_bgr,486,139866495,1080,1920,3,110,110
jfzxugsgnnvsrsg6,22095RA98C,480 Mbps,AMD Ryzen 5 5500,6.17.0-23-generic,phase0-2026-05-20,full_frame_bgr,487,137234907,1080,1920,3,110,110
jfzxugsgnnvsrsg6,22095RA98C,480 Mbps,AMD Ryzen 5 5500,6.17.0-23-generic,phase0-2026-05-20,full_frame_bgr,488,133519780,1080,1920,3,110,110
jfzxugsgnnvsrsg6,22095RA98C,480 Mbps,AMD Ryzen 5 5500,6.17.0-23-generic,phase0-2026-05-20,full_frame_bgr,489,134957466,1080,1920,3,110,110
jfzxugsgnnvsrsg6,22095RA98C,480 Mbps,AMD Ryzen 5 5500,6.17.0-23-generic,phase0-2026-05-20,full_frame_bgr,490,134793790,1080,1920,3,110,110
jfzxugsgnnvsrsg6,22095RA98C,480 Mbps,AMD Ryzen 5 5500,6.17.0-23-generic,phase0-2026-05-20,full_frame_bgr,491,138232231,1080,1920,3,110,110
jfzxugsgnnvsrsg6,22095RA98C,480 Mbps,AMD Ryzen 5 5500,6.17.0-23-generic,phase0-2026-05-20,full_frame_bgr,492,133829501,1080,1920,3,110,110
jfzxugsgnnvsrsg6,22095RA98C,480 Mbps,AMD Ryzen 5 5500,6.17.0-23-generic,phase0-2026-05-20,full_frame_bgr,493,133329714,1080,1920,3,110,110
jfzxugsgnnvsrsg6,22095RA98C,480 Mbps,AMD Ryzen 5 5500,6.17.0-23-generic,phase0-2026-05-20,full_frame_bgr,494,138197589,1080,1920,3,110,110
jfzxugsgnnvsrsg6,22095RA98C,480 Mbps,AMD Ryzen 5 5500,6.17.0-23-generic,phase0-2026-05-20,full_frame_bgr,495,141733078,1080,1920,3,110,110
jfzxugsgnnvsrsg6,22095RA98C,480 Mbps,AMD Ryzen 5 5500,6.17.0-23-generic,phase0-2026-05-20,full_frame_bgr,496,140891778,1080,1920,3,110,110
jfzxugsgnnvsrsg6,22095RA98C,480 Mbps,AMD Ryzen 5 5500,6.17.0-23-generic,phase0-2026-05-20,full_frame_bgr,497,137863040,1080,1920,3,110,110
jfzxugsgnnvsrsg6,22095RA98C,480 Mbps,AMD Ryzen 5 5500,6.17.0-23-generic,phase0-2026-05-20,full_frame_bgr,498,138208421,1080,1920,3,110,110
jfzxugsgnnvsrsg6,22095RA98C,480 Mbps,AMD Ryzen 5 5500,6.17.0-23-generic,phase0-2026-05-20,full_frame_bgr,499,141471914,1080,1920,3,110,110
jfzxugsgnnvsrsg6,22095RA98C,480 Mbps,AMD Ryzen 5 5500,6.17.0-23-generic,phase0-2026-05-20,full_frame_gray,0,33874675,1080,1920,1,110,110
jfzxugsgnnvsrsg6,22095RA98C,480 Mbps,AMD Ryzen 5 5500,6.17.0-23-generic,phase0-2026-05-20,full_frame_gray,1,34818182,1080,1920,1,110,110
jfzxugsgnnvsrsg6,22095RA98C,480 Mbps,AMD Ryzen 5 5500,6.17.0-23-generic,phase0-2026-05-20,full_frame_gray,2,33744153,1080,1920,1,110,110
jfzxugsgnnvsrsg6,22095RA98C,480 Mbps,AMD Ryzen 5 5500,6.17.0-23-generic,phase0-2026-05-20,full_frame_gray,3,33387890,1080,1920,1,110,110
jfzxugsgnnvsrsg6,22095RA98C,480 Mbps,AMD Ryzen 5 5500,6.17.0-23-generic,phase0-2026-05-20,full_frame_gray,4,33806209,1080,1920,1,110,110
jfzxugsgnnvsrsg6,22095RA98C,480 Mbps,AMD Ryzen 5 5500,6.17.0-23-generic,phase0-2026-05-20,full_frame_gray,5,33304912,1080,1920,1,110,110
jfzxugsgnnvsrsg6,22095RA98C,480 Mbps,AMD Ryzen 5 5500,6.17.0-23-generic,phase0-2026-05-20,full_frame_gray,6,35000469,1080,1920,1,110,110
jfzxugsgnnvsrsg6,22095RA98C,480 Mbps,AMD Ryzen 5 5500,6.17.0-23-generic,phase0-2026-05-20,full_frame_gray,7,35286226,1080,1920,1,110,110
jfzxugsgnnvsrsg6,22095RA98C,480 Mbps,AMD Ryzen 5 5500,6.17.0-23-generic,phase0-2026-05-20,full_frame_gray,8,33631313,1080,1920,1,110,110
jfzxugsgnnvsrsg6,22095RA98C,480 Mbps,AMD Ryzen 5 5500,6.17.0-23-generic,phase0-2026-05-20,full_frame_gray,9,34317883,1080,1920,1,110,110
jfzxugsgnnvsrsg6,22095RA98C,480 Mbps,AMD Ryzen 5 5500,6.17.0-23-generic,phase0-2026-05-20,full_frame_gray,10,34968599,1080,1920,1,110,110
jfzxugsgnnvsrsg6,22095RA98C,480 Mbps,AMD Ryzen 5 5500,6.17.0-23-generic,phase0-2026-05-20,full_frame_gray,11,32122858,1080,1920,1,110,110
jfzxugsgnnvsrsg6,22095RA98C,480 Mbps,AMD Ryzen 5 5500,6.17.0-23-generic,phase0-2026-05-20,full_frame_gray,12,33635427,1080,1920,1,110,110
jfzxugsgnnvsrsg6,22095RA98C,480 Mbps,AMD Ryzen 5 5500,6.17.0-23-generic,phase0-2026-05-20,full_frame_gray,13,35838139,1080,1920,1,110,110
jfzxugsgnnvsrsg6,22095RA98C,480 Mbps,AMD Ryzen 5 5500,6.17.0-23-generic,phase0-2026-05-20,full_frame_gray,14,34976040,1080,1920,1,110,110
jfzxugsgnnvsrsg6,22095RA98C,480 Mbps,AMD Ryzen 5 5500,6.17.0-23-generic,phase0-2026-05-20,full_frame_gray,15,34976151,1080,1920,1,110,110
jfzxugsgnnvsrsg6,22095RA98C,480 Mbps,AMD Ryzen 5 5500,6.17.0-23-generic,phase0-2026-05-20,full_frame_gray,16,33250112,1080,1920,1,110,110
jfzxugsgnnvsrsg6,22095RA98C,480 Mbps,AMD Ryzen 5 5500,6.17.0-23-generic,phase0-2026-05-20,full_frame_gray,17,33856357,1080,1920,1,110,110
jfzxugsgnnvsrsg6,22095RA98C,480 Mbps,AMD Ryzen 5 5500,6.17.0-23-generic,phase0-2026-05-20,full_frame_gray,18,34734547,1080,1920,1,110,110
jfzxugsgnnvsrsg6,22095RA98C,480 Mbps,AMD Ryzen 5 5500,6.17.0-23-generic,phase0-2026-05-20,full_frame_gray,19,35175178,1080,1920,1,110,110
jfzxugsgnnvsrsg6,22095RA98C,480 Mbps,AMD Ryzen 5 5500,6.17.0-23-generic,phase0-2026-05-20,full_frame_gray,20,33382773,1080,1920,1,110,110
jfzxugsgnnvsrsg6,22095RA98C,480 Mbps,AMD Ryzen 5 5500,6.17.0-23-generic,phase0-2026-05-20,full_frame_gray,21,34731597,1080,1920,1,110,110
jfzxugsgnnvsrsg6,22095RA98C,480 Mbps,AMD Ryzen 5 5500,6.17.0-23-generic,phase0-2026-05-20,full_frame_gray,22,33821384,1080,1920,1,110,110
jfzxugsgnnvsrsg6,22095RA98C,480 Mbps,AMD Ryzen 5 5500,6.17.0-23-generic,phase0-2026-05-20,full_frame_gray,23,33408977,1080,1920,1,110,110
jfzxugsgnnvsrsg6,22095RA98C,480 Mbps,AMD Ryzen 5 5500,6.17.0-23-generic,phase0-2026-05-20,full_frame_gray,24,32591551,1080,1920,1,110,110
jfzxugsgnnvsrsg6,22095RA98C,480 Mbps,AMD Ryzen 5 5500,6.17.0-23-generic,phase0-2026-05-20,full_frame_gray,25,33659689,1080,1920,1,110,110
jfzxugsgnnvsrsg6,22095RA98C,480 Mbps,AMD Ryzen 5 5500,6.17.0-23-generic,phase0-2026-05-20,full_frame_gray,26,35479077,1080,1920,1,110,110
jfzxugsgnnvsrsg6,22095RA98C,480 Mbps,AMD Ryzen 5 5500,6.17.0-23-generic,phase0-2026-05-20,full_frame_gray,27,33652169,1080,1920,1,110,110
jfzxugsgnnvsrsg6,22095RA98C,480 Mbps,AMD Ryzen 5 5500,6.17.0-23-generic,phase0-2026-05-20,full_frame_gray,28,35185639,1080,1920,1,110,110
jfzxugsgnnvsrsg6,22095RA98C,480 Mbps,AMD Ryzen 5 5500,6.17.0-23-generic,phase0-2026-05-20,full_frame_gray,29,34024162,1080,1920,1,110,110
jfzxugsgnnvsrsg6,22095RA98C,480 Mbps,AMD Ryzen 5 5500,6.17.0-23-generic,phase0-2026-05-20,full_frame_gray,30,32221207,1080,1920,1,110,110
jfzxugsgnnvsrsg6,22095RA98C,480 Mbps,AMD Ryzen 5 5500,6.17.0-23-generic,phase0-2026-05-20,full_frame_gray,31,32459169,1080,1920,1,110,110
jfzxugsgnnvsrsg6,22095RA98C,480 Mbps,AMD Ryzen 5 5500,6.17.0-23-generic,phase0-2026-05-20,full_frame_gray,32,34738278,1080,1920,1,110,110
jfzxugsgnnvsrsg6,22095RA98C,480 Mbps,AMD Ryzen 5 5500,6.17.0-23-generic,phase0-2026-05-20,full_frame_gray,33,33475312,1080,1920,1,110,110
jfzxugsgnnvsrsg6,22095RA98C,480 Mbps,AMD Ryzen 5 5500,6.17.0-23-generic,phase0-2026-05-20,full_frame_gray,34,34343633,1080,1920,1,110,110
jfzxugsgnnvsrsg6,22095RA98C,480 Mbps,AMD Ryzen 5 5500,6.17.0-23-generic,phase0-2026-05-20,full_frame_gray,35,31527033,1080,1920,1,110,110
jfzxugsgnnvsrsg6,22095RA98C,480 Mbps,AMD Ryzen 5 5500,6.17.0-23-generic,phase0-2026-05-20,full_frame_gray,36,32778518,1080,1920,1,110,110
jfzxugsgnnvsrsg6,22095RA98C,480 Mbps,AMD Ryzen 5 5500,6.17.0-23-generic,phase0-2026-05-20,full_frame_gray,37,31665497,1080,1920,1,110,110
jfzxugsgnnvsrsg6,22095RA98C,480 Mbps,AMD Ryzen 5 5500,6.17.0-23-generic,phase0-2026-05-20,full_frame_gray,38,34946019,1080,1920,1,110,110
jfzxugsgnnvsrsg6,22095RA98C,480 Mbps,AMD Ryzen 5 5500,6.17.0-23-generic,phase0-2026-05-20,full_frame_gray,39,33684776,1080,1920,1,110,110
jfzxugsgnnvsrsg6,22095RA98C,480 Mbps,AMD Ryzen 5 5500,6.17.0-23-generic,phase0-2026-05-20,full_frame_gray,40,34401662,1080,1920,1,110,110
jfzxugsgnnvsrsg6,22095RA98C,480 Mbps,AMD Ryzen 5 5500,6.17.0-23-generic,phase0-2026-05-20,full_frame_gray,41,33568315,1080,1920,1,110,110
jfzxugsgnnvsrsg6,22095RA98C,480 Mbps,AMD Ryzen 5 5500,6.17.0-23-generic,phase0-2026-05-20,full_frame_gray,42,32910565,1080,1920,1,110,110
jfzxugsgnnvsrsg6,22095RA98C,480 Mbps,AMD Ryzen 5 5500,6.17.0-23-generic,phase0-2026-05-20,full_frame_gray,43,32124754,1080,1920,1,110,110
jfzxugsgnnvsrsg6,22095RA98C,480 Mbps,AMD Ryzen 5 5500,6.17.0-23-generic,phase0-2026-05-20,full_frame_gray,44,34604930,1080,1920,1,110,110
jfzxugsgnnvsrsg6,22095RA98C,480 Mbps,AMD Ryzen 5 5500,6.17.0-23-generic,phase0-2026-05-20,full_frame_gray,45,33654294,1080,1920,1,110,110
jfzxugsgnnvsrsg6,22095RA98C,480 Mbps,AMD Ryzen 5 5500,6.17.0-23-generic,phase0-2026-05-20,full_frame_gray,46,33052609,1080,1920,1,110,110
jfzxugsgnnvsrsg6,22095RA98C,480 Mbps,AMD Ryzen 5 5500,6.17.0-23-generic,phase0-2026-05-20,full_frame_gray,47,33245926,1080,1920,1,110,110
jfzxugsgnnvsrsg6,22095RA98C,480 Mbps,AMD Ryzen 5 5500,6.17.0-23-generic,phase0-2026-05-20,full_frame_gray,48,35158790,1080,1920,1,110,110
jfzxugsgnnvsrsg6,22095RA98C,480 Mbps,AMD Ryzen 5 5500,6.17.0-23-generic,phase0-2026-05-20,full_frame_gray,49,34903407,1080,1920,1,110,110
jfzxugsgnnvsrsg6,22095RA98C,480 Mbps,AMD Ryzen 5 5500,6.17.0-23-generic,phase0-2026-05-20,full_frame_gray,50,33932569,1080,1920,1,110,110
jfzxugsgnnvsrsg6,22095RA98C,480 Mbps,AMD Ryzen 5 5500,6.17.0-23-generic,phase0-2026-05-20,full_frame_gray,51,34678847,1080,1920,1,110,110
jfzxugsgnnvsrsg6,22095RA98C,480 Mbps,AMD Ryzen 5 5500,6.17.0-23-generic,phase0-2026-05-20,full_frame_gray,52,36537506,1080,1920,1,110,110
jfzxugsgnnvsrsg6,22095RA98C,480 Mbps,AMD Ryzen 5 5500,6.17.0-23-generic,phase0-2026-05-20,full_frame_gray,53,33981933,1080,1920,1,110,110
jfzxugsgnnvsrsg6,22095RA98C,480 Mbps,AMD Ryzen 5 5500,6.17.0-23-generic,phase0-2026-05-20,full_frame_gray,54,32652352,1080,1920,1,110,110
jfzxugsgnnvsrsg6,22095RA98C,480 Mbps,AMD Ryzen 5 5500,6.17.0-23-generic,phase0-2026-05-20,full_frame_gray,55,33067710,1080,1920,1,110,110
jfzxugsgnnvsrsg6,22095RA98C,480 Mbps,AMD Ryzen 5 5500,6.17.0-23-generic,phase0-2026-05-20,full_frame_gray,56,37054372,1080,1920,1,110,110
jfzxugsgnnvsrsg6,22095RA98C,480 Mbps,AMD Ryzen 5 5500,6.17.0-23-generic,phase0-2026-05-20,full_frame_gray,57,34752203,1080,1920,1,110,110
jfzxugsgnnvsrsg6,22095RA98C,480 Mbps,AMD Ryzen 5 5500,6.17.0-23-generic,phase0-2026-05-20,full_frame_gray,58,35374750,1080,1920,1,110,110
jfzxugsgnnvsrsg6,22095RA98C,480 Mbps,AMD Ryzen 5 5500,6.17.0-23-generic,phase0-2026-05-20,full_frame_gray,59,33281920,1080,1920,1,110,110
jfzxugsgnnvsrsg6,22095RA98C,480 Mbps,AMD Ryzen 5 5500,6.17.0-23-generic,phase0-2026-05-20,full_frame_gray,60,32544012,1080,1920,1,110,110
jfzxugsgnnvsrsg6,22095RA98C,480 Mbps,AMD Ryzen 5 5500,6.17.0-23-generic,phase0-2026-05-20,full_frame_gray,61,33967282,1080,1920,1,110,110
jfzxugsgnnvsrsg6,22095RA98C,480 Mbps,AMD Ryzen 5 5500,6.17.0-23-generic,phase0-2026-05-20,full_frame_gray,62,34956392,1080,1920,1,110,110
jfzxugsgnnvsrsg6,22095RA98C,480 Mbps,AMD Ryzen 5 5500,6.17.0-23-generic,phase0-2026-05-20,full_frame_gray,63,34590259,1080,1920,1,110,110
jfzxugsgnnvsrsg6,22095RA98C,480 Mbps,AMD Ryzen 5 5500,6.17.0-23-generic,phase0-2026-05-20,full_frame_gray,64,35238887,1080,1920,1,110,110
jfzxugsgnnvsrsg6,22095RA98C,480 Mbps,AMD Ryzen 5 5500,6.17.0-23-generic,phase0-2026-05-20,full_frame_gray,65,33345265,1080,1920,1,110,110
jfzxugsgnnvsrsg6,22095RA98C,480 Mbps,AMD Ryzen 5 5500,6.17.0-23-generic,phase0-2026-05-20,full_frame_gray,66,33522091,1080,1920,1,110,110
jfzxugsgnnvsrsg6,22095RA98C,480 Mbps,AMD Ryzen 5 5500,6.17.0-23-generic,phase0-2026-05-20,full_frame_gray,67,31258705,1080,1920,1,110,110
jfzxugsgnnvsrsg6,22095RA98C,480 Mbps,AMD Ryzen 5 5500,6.17.0-23-generic,phase0-2026-05-20,full_frame_gray,68,35273987,1080,1920,1,110,110
jfzxugsgnnvsrsg6,22095RA98C,480 Mbps,AMD Ryzen 5 5500,6.17.0-23-generic,phase0-2026-05-20,full_frame_gray,69,34096059,1080,1920,1,110,110
jfzxugsgnnvsrsg6,22095RA98C,480 Mbps,AMD Ryzen 5 5500,6.17.0-23-generic,phase0-2026-05-20,full_frame_gray,70,33799281,1080,1920,1,110,110
jfzxugsgnnvsrsg6,22095RA98C,480 Mbps,AMD Ryzen 5 5500,6.17.0-23-generic,phase0-2026-05-20,full_frame_gray,71,33164794,1080,1920,1,110,110
jfzxugsgnnvsrsg6,22095RA98C,480 Mbps,AMD Ryzen 5 5500,6.17.0-23-generic,phase0-2026-05-20,full_frame_gray,72,33361772,1080,1920,1,110,110
jfzxugsgnnvsrsg6,22095RA98C,480 Mbps,AMD Ryzen 5 5500,6.17.0-23-generic,phase0-2026-05-20,full_frame_gray,73,36792872,1080,1920,1,110,110
jfzxugsgnnvsrsg6,22095RA98C,480 Mbps,AMD Ryzen 5 5500,6.17.0-23-generic,phase0-2026-05-20,full_frame_gray,74,37072697,1080,1920,1,110,110
jfzxugsgnnvsrsg6,22095RA98C,480 Mbps,AMD Ryzen 5 5500,6.17.0-23-generic,phase0-2026-05-20,full_frame_gray,75,33292266,1080,1920,1,110,110
jfzxugsgnnvsrsg6,22095RA98C,480 Mbps,AMD Ryzen 5 5500,6.17.0-23-generic,phase0-2026-05-20,full_frame_gray,76,33327299,1080,1920,1,110,110
jfzxugsgnnvsrsg6,22095RA98C,480 Mbps,AMD Ryzen 5 5500,6.17.0-23-generic,phase0-2026-05-20,full_frame_gray,77,33330379,1080,1920,1,110,110
jfzxugsgnnvsrsg6,22095RA98C,480 Mbps,AMD Ryzen 5 5500,6.17.0-23-generic,phase0-2026-05-20,full_frame_gray,78,34016911,1080,1920,1,110,110
jfzxugsgnnvsrsg6,22095RA98C,480 Mbps,AMD Ryzen 5 5500,6.17.0-23-generic,phase0-2026-05-20,full_frame_gray,79,33974207,1080,1920,1,110,110
jfzxugsgnnvsrsg6,22095RA98C,480 Mbps,AMD Ryzen 5 5500,6.17.0-23-generic,phase0-2026-05-20,full_frame_gray,80,35828525,1080,1920,1,110,110
jfzxugsgnnvsrsg6,22095RA98C,480 Mbps,AMD Ryzen 5 5500,6.17.0-23-generic,phase0-2026-05-20,full_frame_gray,81,33106849,1080,1920,1,110,110
jfzxugsgnnvsrsg6,22095RA98C,480 Mbps,AMD Ryzen 5 5500,6.17.0-23-generic,phase0-2026-05-20,full_frame_gray,82,32522216,1080,1920,1,110,110
jfzxugsgnnvsrsg6,22095RA98C,480 Mbps,AMD Ryzen 5 5500,6.17.0-23-generic,phase0-2026-05-20,full_frame_gray,83,33793641,1080,1920,1,110,110
jfzxugsgnnvsrsg6,22095RA98C,480 Mbps,AMD Ryzen 5 5500,6.17.0-23-generic,phase0-2026-05-20,full_frame_gray,84,31787939,1080,1920,1,110,110
jfzxugsgnnvsrsg6,22095RA98C,480 Mbps,AMD Ryzen 5 5500,6.17.0-23-generic,phase0-2026-05-20,full_frame_gray,85,33367392,1080,1920,1,110,110
jfzxugsgnnvsrsg6,22095RA98C,480 Mbps,AMD Ryzen 5 5500,6.17.0-23-generic,phase0-2026-05-20,full_frame_gray,86,33615095,1080,1920,1,110,110
jfzxugsgnnvsrsg6,22095RA98C,480 Mbps,AMD Ryzen 5 5500,6.17.0-23-generic,phase0-2026-05-20,full_frame_gray,87,33464491,1080,1920,1,110,110
jfzxugsgnnvsrsg6,22095RA98C,480 Mbps,AMD Ryzen 5 5500,6.17.0-23-generic,phase0-2026-05-20,full_frame_gray,88,33386634,1080,1920,1,110,110
jfzxugsgnnvsrsg6,22095RA98C,480 Mbps,AMD Ryzen 5 5500,6.17.0-23-generic,phase0-2026-05-20,full_frame_gray,89,34350491,1080,1920,1,110,110
jfzxugsgnnvsrsg6,22095RA98C,480 Mbps,AMD Ryzen 5 5500,6.17.0-23-generic,phase0-2026-05-20,full_frame_gray,90,33108999,1080,1920,1,110,110
jfzxugsgnnvsrsg6,22095RA98C,480 Mbps,AMD Ryzen 5 5500,6.17.0-23-generic,phase0-2026-05-20,full_frame_gray,91,32708353,1080,1920,1,110,110
jfzxugsgnnvsrsg6,22095RA98C,480 Mbps,AMD Ryzen 5 5500,6.17.0-23-generic,phase0-2026-05-20,full_frame_gray,92,34316828,1080,1920,1,110,110
jfzxugsgnnvsrsg6,22095RA98C,480 Mbps,AMD Ryzen 5 5500,6.17.0-23-generic,phase0-2026-05-20,full_frame_gray,93,33365983,1080,1920,1,110,110
jfzxugsgnnvsrsg6,22095RA98C,480 Mbps,AMD Ryzen 5 5500,6.17.0-23-generic,phase0-2026-05-20,full_frame_gray,94,33754467,1080,1920,1,110,110
jfzxugsgnnvsrsg6,22095RA98C,480 Mbps,AMD Ryzen 5 5500,6.17.0-23-generic,phase0-2026-05-20,full_frame_gray,95,33534648,1080,1920,1,110,110
jfzxugsgnnvsrsg6,22095RA98C,480 Mbps,AMD Ryzen 5 5500,6.17.0-23-generic,phase0-2026-05-20,full_frame_gray,96,31308247,1080,1920,1,110,110
jfzxugsgnnvsrsg6,22095RA98C,480 Mbps,AMD Ryzen 5 5500,6.17.0-23-generic,phase0-2026-05-20,full_frame_gray,97,31269248,1080,1920,1,110,110
jfzxugsgnnvsrsg6,22095RA98C,480 Mbps,AMD Ryzen 5 5500,6.17.0-23-generic,phase0-2026-05-20,full_frame_gray,98,33266929,1080,1920,1,110,110
jfzxugsgnnvsrsg6,22095RA98C,480 Mbps,AMD Ryzen 5 5500,6.17.0-23-generic,phase0-2026-05-20,full_frame_gray,99,33755383,1080,1920,1,110,110
jfzxugsgnnvsrsg6,22095RA98C,480 Mbps,AMD Ryzen 5 5500,6.17.0-23-generic,phase0-2026-05-20,full_frame_gray,100,34756202,1080,1920,1,110,110
jfzxugsgnnvsrsg6,22095RA98C,480 Mbps,AMD Ryzen 5 5500,6.17.0-23-generic,phase0-2026-05-20,full_frame_gray,101,33473017,1080,1920,1,110,110
jfzxugsgnnvsrsg6,22095RA98C,480 Mbps,AMD Ryzen 5 5500,6.17.0-23-generic,phase0-2026-05-20,full_frame_gray,102,36230965,1080,1920,1,110,110
jfzxugsgnnvsrsg6,22095RA98C,480 Mbps,AMD Ryzen 5 5500,6.17.0-23-generic,phase0-2026-05-20,full_frame_gray,103,34570485,1080,1920,1,110,110
jfzxugsgnnvsrsg6,22095RA98C,480 Mbps,AMD Ryzen 5 5500,6.17.0-23-generic,phase0-2026-05-20,full_frame_gray,104,33211644,1080,1920,1,110,110
jfzxugsgnnvsrsg6,22095RA98C,480 Mbps,AMD Ryzen 5 5500,6.17.0-23-generic,phase0-2026-05-20,full_frame_gray,105,34221525,1080,1920,1,110,110
jfzxugsgnnvsrsg6,22095RA98C,480 Mbps,AMD Ryzen 5 5500,6.17.0-23-generic,phase0-2026-05-20,full_frame_gray,106,33407061,1080,1920,1,110,110
jfzxugsgnnvsrsg6,22095RA98C,480 Mbps,AMD Ryzen 5 5500,6.17.0-23-generic,phase0-2026-05-20,full_frame_gray,107,35201192,1080,1920,1,110,110
jfzxugsgnnvsrsg6,22095RA98C,480 Mbps,AMD Ryzen 5 5500,6.17.0-23-generic,phase0-2026-05-20,full_frame_gray,108,32895526,1080,1920,1,110,110
jfzxugsgnnvsrsg6,22095RA98C,480 Mbps,AMD Ryzen 5 5500,6.17.0-23-generic,phase0-2026-05-20,full_frame_gray,109,32532833,1080,1920,1,110,110
jfzxugsgnnvsrsg6,22095RA98C,480 Mbps,AMD Ryzen 5 5500,6.17.0-23-generic,phase0-2026-05-20,full_frame_gray,110,33138628,1080,1920,1,110,110
jfzxugsgnnvsrsg6,22095RA98C,480 Mbps,AMD Ryzen 5 5500,6.17.0-23-generic,phase0-2026-05-20,full_frame_gray,111,33701188,1080,1920,1,110,110
jfzxugsgnnvsrsg6,22095RA98C,480 Mbps,AMD Ryzen 5 5500,6.17.0-23-generic,phase0-2026-05-20,full_frame_gray,112,33807057,1080,1920,1,110,110
jfzxugsgnnvsrsg6,22095RA98C,480 Mbps,AMD Ryzen 5 5500,6.17.0-23-generic,phase0-2026-05-20,full_frame_gray,113,34043349,1080,1920,1,110,110
jfzxugsgnnvsrsg6,22095RA98C,480 Mbps,AMD Ryzen 5 5500,6.17.0-23-generic,phase0-2026-05-20,full_frame_gray,114,32817599,1080,1920,1,110,110
jfzxugsgnnvsrsg6,22095RA98C,480 Mbps,AMD Ryzen 5 5500,6.17.0-23-generic,phase0-2026-05-20,full_frame_gray,115,33080772,1080,1920,1,110,110
jfzxugsgnnvsrsg6,22095RA98C,480 Mbps,AMD Ryzen 5 5500,6.17.0-23-generic,phase0-2026-05-20,full_frame_gray,116,33674045,1080,1920,1,110,110
jfzxugsgnnvsrsg6,22095RA98C,480 Mbps,AMD Ryzen 5 5500,6.17.0-23-generic,phase0-2026-05-20,full_frame_gray,117,34664924,1080,1920,1,110,110
jfzxugsgnnvsrsg6,22095RA98C,480 Mbps,AMD Ryzen 5 5500,6.17.0-23-generic,phase0-2026-05-20,full_frame_gray,118,33634271,1080,1920,1,110,110
jfzxugsgnnvsrsg6,22095RA98C,480 Mbps,AMD Ryzen 5 5500,6.17.0-23-generic,phase0-2026-05-20,full_frame_gray,119,33757182,1080,1920,1,110,110
jfzxugsgnnvsrsg6,22095RA98C,480 Mbps,AMD Ryzen 5 5500,6.17.0-23-generic,phase0-2026-05-20,full_frame_gray,120,31650144,1080,1920,1,110,110
jfzxugsgnnvsrsg6,22095RA98C,480 Mbps,AMD Ryzen 5 5500,6.17.0-23-generic,phase0-2026-05-20,full_frame_gray,121,33327065,1080,1920,1,110,110
jfzxugsgnnvsrsg6,22095RA98C,480 Mbps,AMD Ryzen 5 5500,6.17.0-23-generic,phase0-2026-05-20,full_frame_gray,122,33060130,1080,1920,1,110,110
jfzxugsgnnvsrsg6,22095RA98C,480 Mbps,AMD Ryzen 5 5500,6.17.0-23-generic,phase0-2026-05-20,full_frame_gray,123,33986563,1080,1920,1,110,110
jfzxugsgnnvsrsg6,22095RA98C,480 Mbps,AMD Ryzen 5 5500,6.17.0-23-generic,phase0-2026-05-20,full_frame_gray,124,33367788,1080,1920,1,110,110
jfzxugsgnnvsrsg6,22095RA98C,480 Mbps,AMD Ryzen 5 5500,6.17.0-23-generic,phase0-2026-05-20,full_frame_gray,125,35845810,1080,1920,1,110,110
jfzxugsgnnvsrsg6,22095RA98C,480 Mbps,AMD Ryzen 5 5500,6.17.0-23-generic,phase0-2026-05-20,full_frame_gray,126,32754953,1080,1920,1,110,110
jfzxugsgnnvsrsg6,22095RA98C,480 Mbps,AMD Ryzen 5 5500,6.17.0-23-generic,phase0-2026-05-20,full_frame_gray,127,32965909,1080,1920,1,110,110
jfzxugsgnnvsrsg6,22095RA98C,480 Mbps,AMD Ryzen 5 5500,6.17.0-23-generic,phase0-2026-05-20,full_frame_gray,128,33058466,1080,1920,1,110,110
jfzxugsgnnvsrsg6,22095RA98C,480 Mbps,AMD Ryzen 5 5500,6.17.0-23-generic,phase0-2026-05-20,full_frame_gray,129,33535058,1080,1920,1,110,110
jfzxugsgnnvsrsg6,22095RA98C,480 Mbps,AMD Ryzen 5 5500,6.17.0-23-generic,phase0-2026-05-20,full_frame_gray,130,34228421,1080,1920,1,110,110
jfzxugsgnnvsrsg6,22095RA98C,480 Mbps,AMD Ryzen 5 5500,6.17.0-23-generic,phase0-2026-05-20,full_frame_gray,131,33513317,1080,1920,1,110,110
jfzxugsgnnvsrsg6,22095RA98C,480 Mbps,AMD Ryzen 5 5500,6.17.0-23-generic,phase0-2026-05-20,full_frame_gray,132,33098210,1080,1920,1,110,110
jfzxugsgnnvsrsg6,22095RA98C,480 Mbps,AMD Ryzen 5 5500,6.17.0-23-generic,phase0-2026-05-20,full_frame_gray,133,35040403,1080,1920,1,110,110
jfzxugsgnnvsrsg6,22095RA98C,480 Mbps,AMD Ryzen 5 5500,6.17.0-23-generic,phase0-2026-05-20,full_frame_gray,134,32551801,1080,1920,1,110,110
jfzxugsgnnvsrsg6,22095RA98C,480 Mbps,AMD Ryzen 5 5500,6.17.0-23-generic,phase0-2026-05-20,full_frame_gray,135,35953433,1080,1920,1,110,110
jfzxugsgnnvsrsg6,22095RA98C,480 Mbps,AMD Ryzen 5 5500,6.17.0-23-generic,phase0-2026-05-20,full_frame_gray,136,33924984,1080,1920,1,110,110
jfzxugsgnnvsrsg6,22095RA98C,480 Mbps,AMD Ryzen 5 5500,6.17.0-23-generic,phase0-2026-05-20,full_frame_gray,137,32910883,1080,1920,1,110,110
jfzxugsgnnvsrsg6,22095RA98C,480 Mbps,AMD Ryzen 5 5500,6.17.0-23-generic,phase0-2026-05-20,full_frame_gray,138,34718764,1080,1920,1,110,110
jfzxugsgnnvsrsg6,22095RA98C,480 Mbps,AMD Ryzen 5 5500,6.17.0-23-generic,phase0-2026-05-20,full_frame_gray,139,33353262,1080,1920,1,110,110
jfzxugsgnnvsrsg6,22095RA98C,480 Mbps,AMD Ryzen 5 5500,6.17.0-23-generic,phase0-2026-05-20,full_frame_gray,140,32793263,1080,1920,1,110,110
jfzxugsgnnvsrsg6,22095RA98C,480 Mbps,AMD Ryzen 5 5500,6.17.0-23-generic,phase0-2026-05-20,full_frame_gray,141,35064454,1080,1920,1,110,110
jfzxugsgnnvsrsg6,22095RA98C,480 Mbps,AMD Ryzen 5 5500,6.17.0-23-generic,phase0-2026-05-20,full_frame_gray,142,33051556,1080,1920,1,110,110
jfzxugsgnnvsrsg6,22095RA98C,480 Mbps,AMD Ryzen 5 5500,6.17.0-23-generic,phase0-2026-05-20,full_frame_gray,143,33820534,1080,1920,1,110,110
jfzxugsgnnvsrsg6,22095RA98C,480 Mbps,AMD Ryzen 5 5500,6.17.0-23-generic,phase0-2026-05-20,full_frame_gray,144,33477643,1080,1920,1,110,110
jfzxugsgnnvsrsg6,22095RA98C,480 Mbps,AMD Ryzen 5 5500,6.17.0-23-generic,phase0-2026-05-20,full_frame_gray,145,31545472,1080,1920,1,110,110
jfzxugsgnnvsrsg6,22095RA98C,480 Mbps,AMD Ryzen 5 5500,6.17.0-23-generic,phase0-2026-05-20,full_frame_gray,146,32639359,1080,1920,1,110,110
jfzxugsgnnvsrsg6,22095RA98C,480 Mbps,AMD Ryzen 5 5500,6.17.0-23-generic,phase0-2026-05-20,full_frame_gray,147,34119501,1080,1920,1,110,110
jfzxugsgnnvsrsg6,22095RA98C,480 Mbps,AMD Ryzen 5 5500,6.17.0-23-generic,phase0-2026-05-20,full_frame_gray,148,34432488,1080,1920,1,110,110
jfzxugsgnnvsrsg6,22095RA98C,480 Mbps,AMD Ryzen 5 5500,6.17.0-23-generic,phase0-2026-05-20,full_frame_gray,149,36235978,1080,1920,1,110,110
jfzxugsgnnvsrsg6,22095RA98C,480 Mbps,AMD Ryzen 5 5500,6.17.0-23-generic,phase0-2026-05-20,full_frame_gray,150,33535058,1080,1920,1,110,110
jfzxugsgnnvsrsg6,22095RA98C,480 Mbps,AMD Ryzen 5 5500,6.17.0-23-generic,phase0-2026-05-20,full_frame_gray,151,35158853,1080,1920,1,110,110
jfzxugsgnnvsrsg6,22095RA98C,480 Mbps,AMD Ryzen 5 5500,6.17.0-23-generic,phase0-2026-05-20,full_frame_gray,152,34246341,1080,1920,1,110,110
jfzxugsgnnvsrsg6,22095RA98C,480 Mbps,AMD Ryzen 5 5500,6.17.0-23-generic,phase0-2026-05-20,full_frame_gray,153,38626501,1080,1920,1,110,110
jfzxugsgnnvsrsg6,22095RA98C,480 Mbps,AMD Ryzen 5 5500,6.17.0-23-generic,phase0-2026-05-20,full_frame_gray,154,36779127,1080,1920,1,110,110
jfzxugsgnnvsrsg6,22095RA98C,480 Mbps,AMD Ryzen 5 5500,6.17.0-23-generic,phase0-2026-05-20,full_frame_gray,155,36870205,1080,1920,1,110,110
jfzxugsgnnvsrsg6,22095RA98C,480 Mbps,AMD Ryzen 5 5500,6.17.0-23-generic,phase0-2026-05-20,full_frame_gray,156,32727391,1080,1920,1,110,110
jfzxugsgnnvsrsg6,22095RA98C,480 Mbps,AMD Ryzen 5 5500,6.17.0-23-generic,phase0-2026-05-20,full_frame_gray,157,32443359,1080,1920,1,110,110
jfzxugsgnnvsrsg6,22095RA98C,480 Mbps,AMD Ryzen 5 5500,6.17.0-23-generic,phase0-2026-05-20,full_frame_gray,158,31961666,1080,1920,1,110,110
jfzxugsgnnvsrsg6,22095RA98C,480 Mbps,AMD Ryzen 5 5500,6.17.0-23-generic,phase0-2026-05-20,full_frame_gray,159,34308673,1080,1920,1,110,110
jfzxugsgnnvsrsg6,22095RA98C,480 Mbps,AMD Ryzen 5 5500,6.17.0-23-generic,phase0-2026-05-20,full_frame_gray,160,33533284,1080,1920,1,110,110
jfzxugsgnnvsrsg6,22095RA98C,480 Mbps,AMD Ryzen 5 5500,6.17.0-23-generic,phase0-2026-05-20,full_frame_gray,161,34226755,1080,1920,1,110,110
jfzxugsgnnvsrsg6,22095RA98C,480 Mbps,AMD Ryzen 5 5500,6.17.0-23-generic,phase0-2026-05-20,full_frame_gray,162,32828792,1080,1920,1,110,110
jfzxugsgnnvsrsg6,22095RA98C,480 Mbps,AMD Ryzen 5 5500,6.17.0-23-generic,phase0-2026-05-20,full_frame_gray,163,33963382,1080,1920,1,110,110
jfzxugsgnnvsrsg6,22095RA98C,480 Mbps,AMD Ryzen 5 5500,6.17.0-23-generic,phase0-2026-05-20,full_frame_gray,164,32660248,1080,1920,1,110,110
jfzxugsgnnvsrsg6,22095RA98C,480 Mbps,AMD Ryzen 5 5500,6.17.0-23-generic,phase0-2026-05-20,full_frame_gray,165,35848118,1080,1920,1,110,110
jfzxugsgnnvsrsg6,22095RA98C,480 Mbps,AMD Ryzen 5 5500,6.17.0-23-generic,phase0-2026-05-20,full_frame_gray,166,34751912,1080,1920,1,110,110
jfzxugsgnnvsrsg6,22095RA98C,480 Mbps,AMD Ryzen 5 5500,6.17.0-23-generic,phase0-2026-05-20,full_frame_gray,167,33474639,1080,1920,1,110,110
jfzxugsgnnvsrsg6,22095RA98C,480 Mbps,AMD Ryzen 5 5500,6.17.0-23-generic,phase0-2026-05-20,full_frame_gray,168,35377127,1080,1920,1,110,110
jfzxugsgnnvsrsg6,22095RA98C,480 Mbps,AMD Ryzen 5 5500,6.17.0-23-generic,phase0-2026-05-20,full_frame_gray,169,32441189,1080,1920,1,110,110
jfzxugsgnnvsrsg6,22095RA98C,480 Mbps,AMD Ryzen 5 5500,6.17.0-23-generic,phase0-2026-05-20,full_frame_gray,170,32181355,1080,1920,1,110,110
jfzxugsgnnvsrsg6,22095RA98C,480 Mbps,AMD Ryzen 5 5500,6.17.0-23-generic,phase0-2026-05-20,full_frame_gray,171,33457947,1080,1920,1,110,110
jfzxugsgnnvsrsg6,22095RA98C,480 Mbps,AMD Ryzen 5 5500,6.17.0-23-generic,phase0-2026-05-20,full_frame_gray,172,32957574,1080,1920,1,110,110
jfzxugsgnnvsrsg6,22095RA98C,480 Mbps,AMD Ryzen 5 5500,6.17.0-23-generic,phase0-2026-05-20,full_frame_gray,173,33983194,1080,1920,1,110,110
jfzxugsgnnvsrsg6,22095RA98C,480 Mbps,AMD Ryzen 5 5500,6.17.0-23-generic,phase0-2026-05-20,full_frame_gray,174,33709551,1080,1920,1,110,110
jfzxugsgnnvsrsg6,22095RA98C,480 Mbps,AMD Ryzen 5 5500,6.17.0-23-generic,phase0-2026-05-20,full_frame_gray,175,32221549,1080,1920,1,110,110
jfzxugsgnnvsrsg6,22095RA98C,480 Mbps,AMD Ryzen 5 5500,6.17.0-23-generic,phase0-2026-05-20,full_frame_gray,176,32646607,1080,1920,1,110,110
jfzxugsgnnvsrsg6,22095RA98C,480 Mbps,AMD Ryzen 5 5500,6.17.0-23-generic,phase0-2026-05-20,full_frame_gray,177,33955712,1080,1920,1,110,110
jfzxugsgnnvsrsg6,22095RA98C,480 Mbps,AMD Ryzen 5 5500,6.17.0-23-generic,phase0-2026-05-20,full_frame_gray,178,33251090,1080,1920,1,110,110
jfzxugsgnnvsrsg6,22095RA98C,480 Mbps,AMD Ryzen 5 5500,6.17.0-23-generic,phase0-2026-05-20,full_frame_gray,179,33342518,1080,1920,1,110,110
jfzxugsgnnvsrsg6,22095RA98C,480 Mbps,AMD Ryzen 5 5500,6.17.0-23-generic,phase0-2026-05-20,full_frame_gray,180,34195103,1080,1920,1,110,110
jfzxugsgnnvsrsg6,22095RA98C,480 Mbps,AMD Ryzen 5 5500,6.17.0-23-generic,phase0-2026-05-20,full_frame_gray,181,32394664,1080,1920,1,110,110
jfzxugsgnnvsrsg6,22095RA98C,480 Mbps,AMD Ryzen 5 5500,6.17.0-23-generic,phase0-2026-05-20,full_frame_gray,182,33006458,1080,1920,1,110,110
jfzxugsgnnvsrsg6,22095RA98C,480 Mbps,AMD Ryzen 5 5500,6.17.0-23-generic,phase0-2026-05-20,full_frame_gray,183,36069288,1080,1920,1,110,110
jfzxugsgnnvsrsg6,22095RA98C,480 Mbps,AMD Ryzen 5 5500,6.17.0-23-generic,phase0-2026-05-20,full_frame_gray,184,36083260,1080,1920,1,110,110
jfzxugsgnnvsrsg6,22095RA98C,480 Mbps,AMD Ryzen 5 5500,6.17.0-23-generic,phase0-2026-05-20,full_frame_gray,185,33821780,1080,1920,1,110,110
jfzxugsgnnvsrsg6,22095RA98C,480 Mbps,AMD Ryzen 5 5500,6.17.0-23-generic,phase0-2026-05-20,full_frame_gray,186,32675497,1080,1920,1,110,110
jfzxugsgnnvsrsg6,22095RA98C,480 Mbps,AMD Ryzen 5 5500,6.17.0-23-generic,phase0-2026-05-20,full_frame_gray,187,32262550,1080,1920,1,110,110
jfzxugsgnnvsrsg6,22095RA98C,480 Mbps,AMD Ryzen 5 5500,6.17.0-23-generic,phase0-2026-05-20,full_frame_gray,188,34126313,1080,1920,1,110,110
jfzxugsgnnvsrsg6,22095RA98C,480 Mbps,AMD Ryzen 5 5500,6.17.0-23-generic,phase0-2026-05-20,full_frame_gray,189,34428169,1080,1920,1,110,110
jfzxugsgnnvsrsg6,22095RA98C,480 Mbps,AMD Ryzen 5 5500,6.17.0-23-generic,phase0-2026-05-20,full_frame_gray,190,33418691,1080,1920,1,110,110
jfzxugsgnnvsrsg6,22095RA98C,480 Mbps,AMD Ryzen 5 5500,6.17.0-23-generic,phase0-2026-05-20,full_frame_gray,191,34763639,1080,1920,1,110,110
jfzxugsgnnvsrsg6,22095RA98C,480 Mbps,AMD Ryzen 5 5500,6.17.0-23-generic,phase0-2026-05-20,full_frame_gray,192,34462202,1080,1920,1,110,110
jfzxugsgnnvsrsg6,22095RA98C,480 Mbps,AMD Ryzen 5 5500,6.17.0-23-generic,phase0-2026-05-20,full_frame_gray,193,33486278,1080,1920,1,110,110
jfzxugsgnnvsrsg6,22095RA98C,480 Mbps,AMD Ryzen 5 5500,6.17.0-23-generic,phase0-2026-05-20,full_frame_gray,194,33075201,1080,1920,1,110,110
jfzxugsgnnvsrsg6,22095RA98C,480 Mbps,AMD Ryzen 5 5500,6.17.0-23-generic,phase0-2026-05-20,full_frame_gray,195,33659823,1080,1920,1,110,110
jfzxugsgnnvsrsg6,22095RA98C,480 Mbps,AMD Ryzen 5 5500,6.17.0-23-generic,phase0-2026-05-20,full_frame_gray,196,35559158,1080,1920,1,110,110
jfzxugsgnnvsrsg6,22095RA98C,480 Mbps,AMD Ryzen 5 5500,6.17.0-23-generic,phase0-2026-05-20,full_frame_gray,197,34398777,1080,1920,1,110,110
jfzxugsgnnvsrsg6,22095RA98C,480 Mbps,AMD Ryzen 5 5500,6.17.0-23-generic,phase0-2026-05-20,full_frame_gray,198,33200052,1080,1920,1,110,110
jfzxugsgnnvsrsg6,22095RA98C,480 Mbps,AMD Ryzen 5 5500,6.17.0-23-generic,phase0-2026-05-20,full_frame_gray,199,34122793,1080,1920,1,110,110
jfzxugsgnnvsrsg6,22095RA98C,480 Mbps,AMD Ryzen 5 5500,6.17.0-23-generic,phase0-2026-05-20,full_frame_gray,200,33279529,1080,1920,1,110,110
jfzxugsgnnvsrsg6,22095RA98C,480 Mbps,AMD Ryzen 5 5500,6.17.0-23-generic,phase0-2026-05-20,full_frame_gray,201,34856027,1080,1920,1,110,110
jfzxugsgnnvsrsg6,22095RA98C,480 Mbps,AMD Ryzen 5 5500,6.17.0-23-generic,phase0-2026-05-20,full_frame_gray,202,34955146,1080,1920,1,110,110
jfzxugsgnnvsrsg6,22095RA98C,480 Mbps,AMD Ryzen 5 5500,6.17.0-23-generic,phase0-2026-05-20,full_frame_gray,203,33904294,1080,1920,1,110,110
jfzxugsgnnvsrsg6,22095RA98C,480 Mbps,AMD Ryzen 5 5500,6.17.0-23-generic,phase0-2026-05-20,full_frame_gray,204,32960961,1080,1920,1,110,110
jfzxugsgnnvsrsg6,22095RA98C,480 Mbps,AMD Ryzen 5 5500,6.17.0-23-generic,phase0-2026-05-20,full_frame_gray,205,33359336,1080,1920,1,110,110
jfzxugsgnnvsrsg6,22095RA98C,480 Mbps,AMD Ryzen 5 5500,6.17.0-23-generic,phase0-2026-05-20,full_frame_gray,206,34796841,1080,1920,1,110,110
jfzxugsgnnvsrsg6,22095RA98C,480 Mbps,AMD Ryzen 5 5500,6.17.0-23-generic,phase0-2026-05-20,full_frame_gray,207,38727935,1080,1920,1,110,110
jfzxugsgnnvsrsg6,22095RA98C,480 Mbps,AMD Ryzen 5 5500,6.17.0-23-generic,phase0-2026-05-20,full_frame_gray,208,35012651,1080,1920,1,110,110
jfzxugsgnnvsrsg6,22095RA98C,480 Mbps,AMD Ryzen 5 5500,6.17.0-23-generic,phase0-2026-05-20,full_frame_gray,209,33530741,1080,1920,1,110,110
jfzxugsgnnvsrsg6,22095RA98C,480 Mbps,AMD Ryzen 5 5500,6.17.0-23-generic,phase0-2026-05-20,full_frame_gray,210,33478657,1080,1920,1,110,110
jfzxugsgnnvsrsg6,22095RA98C,480 Mbps,AMD Ryzen 5 5500,6.17.0-23-generic,phase0-2026-05-20,full_frame_gray,211,33751310,1080,1920,1,110,110
jfzxugsgnnvsrsg6,22095RA98C,480 Mbps,AMD Ryzen 5 5500,6.17.0-23-generic,phase0-2026-05-20,full_frame_gray,212,32892305,1080,1920,1,110,110
jfzxugsgnnvsrsg6,22095RA98C,480 Mbps,AMD Ryzen 5 5500,6.17.0-23-generic,phase0-2026-05-20,full_frame_gray,213,33501418,1080,1920,1,110,110
jfzxugsgnnvsrsg6,22095RA98C,480 Mbps,AMD Ryzen 5 5500,6.17.0-23-generic,phase0-2026-05-20,full_frame_gray,214,33590836,1080,1920,1,110,110
jfzxugsgnnvsrsg6,22095RA98C,480 Mbps,AMD Ryzen 5 5500,6.17.0-23-generic,phase0-2026-05-20,full_frame_gray,215,35577526,1080,1920,1,110,110
jfzxugsgnnvsrsg6,22095RA98C,480 Mbps,AMD Ryzen 5 5500,6.17.0-23-generic,phase0-2026-05-20,full_frame_gray,216,32767432,1080,1920,1,110,110
jfzxugsgnnvsrsg6,22095RA98C,480 Mbps,AMD Ryzen 5 5500,6.17.0-23-generic,phase0-2026-05-20,full_frame_gray,217,32035978,1080,1920,1,110,110
jfzxugsgnnvsrsg6,22095RA98C,480 Mbps,AMD Ryzen 5 5500,6.17.0-23-generic,phase0-2026-05-20,full_frame_gray,218,33493505,1080,1920,1,110,110
jfzxugsgnnvsrsg6,22095RA98C,480 Mbps,AMD Ryzen 5 5500,6.17.0-23-generic,phase0-2026-05-20,full_frame_gray,219,33955015,1080,1920,1,110,110
jfzxugsgnnvsrsg6,22095RA98C,480 Mbps,AMD Ryzen 5 5500,6.17.0-23-generic,phase0-2026-05-20,full_frame_gray,220,33479484,1080,1920,1,110,110
jfzxugsgnnvsrsg6,22095RA98C,480 Mbps,AMD Ryzen 5 5500,6.17.0-23-generic,phase0-2026-05-20,full_frame_gray,221,34429886,1080,1920,1,110,110
jfzxugsgnnvsrsg6,22095RA98C,480 Mbps,AMD Ryzen 5 5500,6.17.0-23-generic,phase0-2026-05-20,full_frame_gray,222,33888999,1080,1920,1,110,110
jfzxugsgnnvsrsg6,22095RA98C,480 Mbps,AMD Ryzen 5 5500,6.17.0-23-generic,phase0-2026-05-20,full_frame_gray,223,33761778,1080,1920,1,110,110
jfzxugsgnnvsrsg6,22095RA98C,480 Mbps,AMD Ryzen 5 5500,6.17.0-23-generic,phase0-2026-05-20,full_frame_gray,224,34014380,1080,1920,1,110,110
jfzxugsgnnvsrsg6,22095RA98C,480 Mbps,AMD Ryzen 5 5500,6.17.0-23-generic,phase0-2026-05-20,full_frame_gray,225,36037485,1080,1920,1,110,110
jfzxugsgnnvsrsg6,22095RA98C,480 Mbps,AMD Ryzen 5 5500,6.17.0-23-generic,phase0-2026-05-20,full_frame_gray,226,34516644,1080,1920,1,110,110
jfzxugsgnnvsrsg6,22095RA98C,480 Mbps,AMD Ryzen 5 5500,6.17.0-23-generic,phase0-2026-05-20,full_frame_gray,227,32887712,1080,1920,1,110,110
jfzxugsgnnvsrsg6,22095RA98C,480 Mbps,AMD Ryzen 5 5500,6.17.0-23-generic,phase0-2026-05-20,full_frame_gray,228,32899583,1080,1920,1,110,110
jfzxugsgnnvsrsg6,22095RA98C,480 Mbps,AMD Ryzen 5 5500,6.17.0-23-generic,phase0-2026-05-20,full_frame_gray,229,34777266,1080,1920,1,110,110
jfzxugsgnnvsrsg6,22095RA98C,480 Mbps,AMD Ryzen 5 5500,6.17.0-23-generic,phase0-2026-05-20,full_frame_gray,230,33849266,1080,1920,1,110,110
jfzxugsgnnvsrsg6,22095RA98C,480 Mbps,AMD Ryzen 5 5500,6.17.0-23-generic,phase0-2026-05-20,full_frame_gray,231,34331087,1080,1920,1,110,110
jfzxugsgnnvsrsg6,22095RA98C,480 Mbps,AMD Ryzen 5 5500,6.17.0-23-generic,phase0-2026-05-20,full_frame_gray,232,32841528,1080,1920,1,110,110
jfzxugsgnnvsrsg6,22095RA98C,480 Mbps,AMD Ryzen 5 5500,6.17.0-23-generic,phase0-2026-05-20,full_frame_gray,233,36160036,1080,1920,1,110,110
jfzxugsgnnvsrsg6,22095RA98C,480 Mbps,AMD Ryzen 5 5500,6.17.0-23-generic,phase0-2026-05-20,full_frame_gray,234,34102207,1080,1920,1,110,110
jfzxugsgnnvsrsg6,22095RA98C,480 Mbps,AMD Ryzen 5 5500,6.17.0-23-generic,phase0-2026-05-20,full_frame_gray,235,36267495,1080,1920,1,110,110
jfzxugsgnnvsrsg6,22095RA98C,480 Mbps,AMD Ryzen 5 5500,6.17.0-23-generic,phase0-2026-05-20,full_frame_gray,236,34089917,1080,1920,1,110,110
jfzxugsgnnvsrsg6,22095RA98C,480 Mbps,AMD Ryzen 5 5500,6.17.0-23-generic,phase0-2026-05-20,full_frame_gray,237,34634694,1080,1920,1,110,110
jfzxugsgnnvsrsg6,22095RA98C,480 Mbps,AMD Ryzen 5 5500,6.17.0-23-generic,phase0-2026-05-20,full_frame_gray,238,33229892,1080,1920,1,110,110
jfzxugsgnnvsrsg6,22095RA98C,480 Mbps,AMD Ryzen 5 5500,6.17.0-23-generic,phase0-2026-05-20,full_frame_gray,239,33898930,1080,1920,1,110,110
jfzxugsgnnvsrsg6,22095RA98C,480 Mbps,AMD Ryzen 5 5500,6.17.0-23-generic,phase0-2026-05-20,full_frame_gray,240,33770659,1080,1920,1,110,110
jfzxugsgnnvsrsg6,22095RA98C,480 Mbps,AMD Ryzen 5 5500,6.17.0-23-generic,phase0-2026-05-20,full_frame_gray,241,31676537,1080,1920,1,110,110
jfzxugsgnnvsrsg6,22095RA98C,480 Mbps,AMD Ryzen 5 5500,6.17.0-23-generic,phase0-2026-05-20,full_frame_gray,242,33504206,1080,1920,1,110,110
jfzxugsgnnvsrsg6,22095RA98C,480 Mbps,AMD Ryzen 5 5500,6.17.0-23-generic,phase0-2026-05-20,full_frame_gray,243,35119126,1080,1920,1,110,110
jfzxugsgnnvsrsg6,22095RA98C,480 Mbps,AMD Ryzen 5 5500,6.17.0-23-generic,phase0-2026-05-20,full_frame_gray,244,33371714,1080,1920,1,110,110
jfzxugsgnnvsrsg6,22095RA98C,480 Mbps,AMD Ryzen 5 5500,6.17.0-23-generic,phase0-2026-05-20,full_frame_gray,245,33620660,1080,1920,1,110,110
jfzxugsgnnvsrsg6,22095RA98C,480 Mbps,AMD Ryzen 5 5500,6.17.0-23-generic,phase0-2026-05-20,full_frame_gray,246,32770750,1080,1920,1,110,110
jfzxugsgnnvsrsg6,22095RA98C,480 Mbps,AMD Ryzen 5 5500,6.17.0-23-generic,phase0-2026-05-20,full_frame_gray,247,31273791,1080,1920,1,110,110
jfzxugsgnnvsrsg6,22095RA98C,480 Mbps,AMD Ryzen 5 5500,6.17.0-23-generic,phase0-2026-05-20,full_frame_gray,248,33065625,1080,1920,1,110,110
jfzxugsgnnvsrsg6,22095RA98C,480 Mbps,AMD Ryzen 5 5500,6.17.0-23-generic,phase0-2026-05-20,full_frame_gray,249,33138301,1080,1920,1,110,110
jfzxugsgnnvsrsg6,22095RA98C,480 Mbps,AMD Ryzen 5 5500,6.17.0-23-generic,phase0-2026-05-20,full_frame_gray,250,34066102,1080,1920,1,110,110
jfzxugsgnnvsrsg6,22095RA98C,480 Mbps,AMD Ryzen 5 5500,6.17.0-23-generic,phase0-2026-05-20,full_frame_gray,251,33702550,1080,1920,1,110,110
jfzxugsgnnvsrsg6,22095RA98C,480 Mbps,AMD Ryzen 5 5500,6.17.0-23-generic,phase0-2026-05-20,full_frame_gray,252,33145732,1080,1920,1,110,110
jfzxugsgnnvsrsg6,22095RA98C,480 Mbps,AMD Ryzen 5 5500,6.17.0-23-generic,phase0-2026-05-20,full_frame_gray,253,33811190,1080,1920,1,110,110
jfzxugsgnnvsrsg6,22095RA98C,480 Mbps,AMD Ryzen 5 5500,6.17.0-23-generic,phase0-2026-05-20,full_frame_gray,254,33956852,1080,1920,1,110,110
jfzxugsgnnvsrsg6,22095RA98C,480 Mbps,AMD Ryzen 5 5500,6.17.0-23-generic,phase0-2026-05-20,full_frame_gray,255,32992179,1080,1920,1,110,110
jfzxugsgnnvsrsg6,22095RA98C,480 Mbps,AMD Ryzen 5 5500,6.17.0-23-generic,phase0-2026-05-20,full_frame_gray,256,35086269,1080,1920,1,110,110
jfzxugsgnnvsrsg6,22095RA98C,480 Mbps,AMD Ryzen 5 5500,6.17.0-23-generic,phase0-2026-05-20,full_frame_gray,257,32894521,1080,1920,1,110,110
jfzxugsgnnvsrsg6,22095RA98C,480 Mbps,AMD Ryzen 5 5500,6.17.0-23-generic,phase0-2026-05-20,full_frame_gray,258,33561017,1080,1920,1,110,110
jfzxugsgnnvsrsg6,22095RA98C,480 Mbps,AMD Ryzen 5 5500,6.17.0-23-generic,phase0-2026-05-20,full_frame_gray,259,32107822,1080,1920,1,110,110
jfzxugsgnnvsrsg6,22095RA98C,480 Mbps,AMD Ryzen 5 5500,6.17.0-23-generic,phase0-2026-05-20,full_frame_gray,260,34172890,1080,1920,1,110,110
jfzxugsgnnvsrsg6,22095RA98C,480 Mbps,AMD Ryzen 5 5500,6.17.0-23-generic,phase0-2026-05-20,full_frame_gray,261,32456233,1080,1920,1,110,110
jfzxugsgnnvsrsg6,22095RA98C,480 Mbps,AMD Ryzen 5 5500,6.17.0-23-generic,phase0-2026-05-20,full_frame_gray,262,35317279,1080,1920,1,110,110
jfzxugsgnnvsrsg6,22095RA98C,480 Mbps,AMD Ryzen 5 5500,6.17.0-23-generic,phase0-2026-05-20,full_frame_gray,263,33666086,1080,1920,1,110,110
jfzxugsgnnvsrsg6,22095RA98C,480 Mbps,AMD Ryzen 5 5500,6.17.0-23-generic,phase0-2026-05-20,full_frame_gray,264,32651489,1080,1920,1,110,110
jfzxugsgnnvsrsg6,22095RA98C,480 Mbps,AMD Ryzen 5 5500,6.17.0-23-generic,phase0-2026-05-20,full_frame_gray,265,33417935,1080,1920,1,110,110
jfzxugsgnnvsrsg6,22095RA98C,480 Mbps,AMD Ryzen 5 5500,6.17.0-23-generic,phase0-2026-05-20,full_frame_gray,266,32318861,1080,1920,1,110,110
jfzxugsgnnvsrsg6,22095RA98C,480 Mbps,AMD Ryzen 5 5500,6.17.0-23-generic,phase0-2026-05-20,full_frame_gray,267,32296359,1080,1920,1,110,110
jfzxugsgnnvsrsg6,22095RA98C,480 Mbps,AMD Ryzen 5 5500,6.17.0-23-generic,phase0-2026-05-20,full_frame_gray,268,34761721,1080,1920,1,110,110
jfzxugsgnnvsrsg6,22095RA98C,480 Mbps,AMD Ryzen 5 5500,6.17.0-23-generic,phase0-2026-05-20,full_frame_gray,269,33727902,1080,1920,1,110,110
jfzxugsgnnvsrsg6,22095RA98C,480 Mbps,AMD Ryzen 5 5500,6.17.0-23-generic,phase0-2026-05-20,full_frame_gray,270,34235606,1080,1920,1,110,110
jfzxugsgnnvsrsg6,22095RA98C,480 Mbps,AMD Ryzen 5 5500,6.17.0-23-generic,phase0-2026-05-20,full_frame_gray,271,33387423,1080,1920,1,110,110
jfzxugsgnnvsrsg6,22095RA98C,480 Mbps,AMD Ryzen 5 5500,6.17.0-23-generic,phase0-2026-05-20,full_frame_gray,272,32453083,1080,1920,1,110,110
jfzxugsgnnvsrsg6,22095RA98C,480 Mbps,AMD Ryzen 5 5500,6.17.0-23-generic,phase0-2026-05-20,full_frame_gray,273,32456093,1080,1920,1,110,110
jfzxugsgnnvsrsg6,22095RA98C,480 Mbps,AMD Ryzen 5 5500,6.17.0-23-generic,phase0-2026-05-20,full_frame_gray,274,35300247,1080,1920,1,110,110
jfzxugsgnnvsrsg6,22095RA98C,480 Mbps,AMD Ryzen 5 5500,6.17.0-23-generic,phase0-2026-05-20,full_frame_gray,275,33266855,1080,1920,1,110,110
jfzxugsgnnvsrsg6,22095RA98C,480 Mbps,AMD Ryzen 5 5500,6.17.0-23-generic,phase0-2026-05-20,full_frame_gray,276,35134009,1080,1920,1,110,110
jfzxugsgnnvsrsg6,22095RA98C,480 Mbps,AMD Ryzen 5 5500,6.17.0-23-generic,phase0-2026-05-20,full_frame_gray,277,34508446,1080,1920,1,110,110
jfzxugsgnnvsrsg6,22095RA98C,480 Mbps,AMD Ryzen 5 5500,6.17.0-23-generic,phase0-2026-05-20,full_frame_gray,278,32722174,1080,1920,1,110,110
jfzxugsgnnvsrsg6,22095RA98C,480 Mbps,AMD Ryzen 5 5500,6.17.0-23-generic,phase0-2026-05-20,full_frame_gray,279,33351037,1080,1920,1,110,110
jfzxugsgnnvsrsg6,22095RA98C,480 Mbps,AMD Ryzen 5 5500,6.17.0-23-generic,phase0-2026-05-20,full_frame_gray,280,34928932,1080,1920,1,110,110
jfzxugsgnnvsrsg6,22095RA98C,480 Mbps,AMD Ryzen 5 5500,6.17.0-23-generic,phase0-2026-05-20,full_frame_gray,281,33590118,1080,1920,1,110,110
jfzxugsgnnvsrsg6,22095RA98C,480 Mbps,AMD Ryzen 5 5500,6.17.0-23-generic,phase0-2026-05-20,full_frame_gray,282,33332126,1080,1920,1,110,110
jfzxugsgnnvsrsg6,22095RA98C,480 Mbps,AMD Ryzen 5 5500,6.17.0-23-generic,phase0-2026-05-20,full_frame_gray,283,33632112,1080,1920,1,110,110
jfzxugsgnnvsrsg6,22095RA98C,480 Mbps,AMD Ryzen 5 5500,6.17.0-23-generic,phase0-2026-05-20,full_frame_gray,284,33492879,1080,1920,1,110,110
jfzxugsgnnvsrsg6,22095RA98C,480 Mbps,AMD Ryzen 5 5500,6.17.0-23-generic,phase0-2026-05-20,full_frame_gray,285,31613469,1080,1920,1,110,110
jfzxugsgnnvsrsg6,22095RA98C,480 Mbps,AMD Ryzen 5 5500,6.17.0-23-generic,phase0-2026-05-20,full_frame_gray,286,34963895,1080,1920,1,110,110
jfzxugsgnnvsrsg6,22095RA98C,480 Mbps,AMD Ryzen 5 5500,6.17.0-23-generic,phase0-2026-05-20,full_frame_gray,287,33525853,1080,1920,1,110,110
jfzxugsgnnvsrsg6,22095RA98C,480 Mbps,AMD Ryzen 5 5500,6.17.0-23-generic,phase0-2026-05-20,full_frame_gray,288,33885053,1080,1920,1,110,110
jfzxugsgnnvsrsg6,22095RA98C,480 Mbps,AMD Ryzen 5 5500,6.17.0-23-generic,phase0-2026-05-20,full_frame_gray,289,32524787,1080,1920,1,110,110
jfzxugsgnnvsrsg6,22095RA98C,480 Mbps,AMD Ryzen 5 5500,6.17.0-23-generic,phase0-2026-05-20,full_frame_gray,290,33496480,1080,1920,1,110,110
jfzxugsgnnvsrsg6,22095RA98C,480 Mbps,AMD Ryzen 5 5500,6.17.0-23-generic,phase0-2026-05-20,full_frame_gray,291,31839239,1080,1920,1,110,110
jfzxugsgnnvsrsg6,22095RA98C,480 Mbps,AMD Ryzen 5 5500,6.17.0-23-generic,phase0-2026-05-20,full_frame_gray,292,34540829,1080,1920,1,110,110
jfzxugsgnnvsrsg6,22095RA98C,480 Mbps,AMD Ryzen 5 5500,6.17.0-23-generic,phase0-2026-05-20,full_frame_gray,293,33709088,1080,1920,1,110,110
jfzxugsgnnvsrsg6,22095RA98C,480 Mbps,AMD Ryzen 5 5500,6.17.0-23-generic,phase0-2026-05-20,full_frame_gray,294,32939353,1080,1920,1,110,110
jfzxugsgnnvsrsg6,22095RA98C,480 Mbps,AMD Ryzen 5 5500,6.17.0-23-generic,phase0-2026-05-20,full_frame_gray,295,33833588,1080,1920,1,110,110
jfzxugsgnnvsrsg6,22095RA98C,480 Mbps,AMD Ryzen 5 5500,6.17.0-23-generic,phase0-2026-05-20,full_frame_gray,296,34362893,1080,1920,1,110,110
jfzxugsgnnvsrsg6,22095RA98C,480 Mbps,AMD Ryzen 5 5500,6.17.0-23-generic,phase0-2026-05-20,full_frame_gray,297,37028811,1080,1920,1,110,110
jfzxugsgnnvsrsg6,22095RA98C,480 Mbps,AMD Ryzen 5 5500,6.17.0-23-generic,phase0-2026-05-20,full_frame_gray,298,35866932,1080,1920,1,110,110
jfzxugsgnnvsrsg6,22095RA98C,480 Mbps,AMD Ryzen 5 5500,6.17.0-23-generic,phase0-2026-05-20,full_frame_gray,299,33983631,1080,1920,1,110,110
jfzxugsgnnvsrsg6,22095RA98C,480 Mbps,AMD Ryzen 5 5500,6.17.0-23-generic,phase0-2026-05-20,full_frame_gray,300,34384496,1080,1920,1,110,110
jfzxugsgnnvsrsg6,22095RA98C,480 Mbps,AMD Ryzen 5 5500,6.17.0-23-generic,phase0-2026-05-20,full_frame_gray,301,33541044,1080,1920,1,110,110
jfzxugsgnnvsrsg6,22095RA98C,480 Mbps,AMD Ryzen 5 5500,6.17.0-23-generic,phase0-2026-05-20,full_frame_gray,302,31562235,1080,1920,1,110,110
jfzxugsgnnvsrsg6,22095RA98C,480 Mbps,AMD Ryzen 5 5500,6.17.0-23-generic,phase0-2026-05-20,full_frame_gray,303,32747686,1080,1920,1,110,110
jfzxugsgnnvsrsg6,22095RA98C,480 Mbps,AMD Ryzen 5 5500,6.17.0-23-generic,phase0-2026-05-20,full_frame_gray,304,32858303,1080,1920,1,110,110
jfzxugsgnnvsrsg6,22095RA98C,480 Mbps,AMD Ryzen 5 5500,6.17.0-23-generic,phase0-2026-05-20,full_frame_gray,305,34318907,1080,1920,1,110,110
jfzxugsgnnvsrsg6,22095RA98C,480 Mbps,AMD Ryzen 5 5500,6.17.0-23-generic,phase0-2026-05-20,full_frame_gray,306,34026912,1080,1920,1,110,110
jfzxugsgnnvsrsg6,22095RA98C,480 Mbps,AMD Ryzen 5 5500,6.17.0-23-generic,phase0-2026-05-20,full_frame_gray,307,34758294,1080,1920,1,110,110
jfzxugsgnnvsrsg6,22095RA98C,480 Mbps,AMD Ryzen 5 5500,6.17.0-23-generic,phase0-2026-05-20,full_frame_gray,308,35393308,1080,1920,1,110,110
jfzxugsgnnvsrsg6,22095RA98C,480 Mbps,AMD Ryzen 5 5500,6.17.0-23-generic,phase0-2026-05-20,full_frame_gray,309,33971178,1080,1920,1,110,110
jfzxugsgnnvsrsg6,22095RA98C,480 Mbps,AMD Ryzen 5 5500,6.17.0-23-generic,phase0-2026-05-20,full_frame_gray,310,34488962,1080,1920,1,110,110
jfzxugsgnnvsrsg6,22095RA98C,480 Mbps,AMD Ryzen 5 5500,6.17.0-23-generic,phase0-2026-05-20,full_frame_gray,311,33333524,1080,1920,1,110,110
jfzxugsgnnvsrsg6,22095RA98C,480 Mbps,AMD Ryzen 5 5500,6.17.0-23-generic,phase0-2026-05-20,full_frame_gray,312,33398220,1080,1920,1,110,110
jfzxugsgnnvsrsg6,22095RA98C,480 Mbps,AMD Ryzen 5 5500,6.17.0-23-generic,phase0-2026-05-20,full_frame_gray,313,32787228,1080,1920,1,110,110
jfzxugsgnnvsrsg6,22095RA98C,480 Mbps,AMD Ryzen 5 5500,6.17.0-23-generic,phase0-2026-05-20,full_frame_gray,314,35231725,1080,1920,1,110,110
jfzxugsgnnvsrsg6,22095RA98C,480 Mbps,AMD Ryzen 5 5500,6.17.0-23-generic,phase0-2026-05-20,full_frame_gray,315,33740169,1080,1920,1,110,110
jfzxugsgnnvsrsg6,22095RA98C,480 Mbps,AMD Ryzen 5 5500,6.17.0-23-generic,phase0-2026-05-20,full_frame_gray,316,33845387,1080,1920,1,110,110
jfzxugsgnnvsrsg6,22095RA98C,480 Mbps,AMD Ryzen 5 5500,6.17.0-23-generic,phase0-2026-05-20,full_frame_gray,317,39077770,1080,1920,1,110,110
jfzxugsgnnvsrsg6,22095RA98C,480 Mbps,AMD Ryzen 5 5500,6.17.0-23-generic,phase0-2026-05-20,full_frame_gray,318,34157823,1080,1920,1,110,110
jfzxugsgnnvsrsg6,22095RA98C,480 Mbps,AMD Ryzen 5 5500,6.17.0-23-generic,phase0-2026-05-20,full_frame_gray,319,32957642,1080,1920,1,110,110
jfzxugsgnnvsrsg6,22095RA98C,480 Mbps,AMD Ryzen 5 5500,6.17.0-23-generic,phase0-2026-05-20,full_frame_gray,320,33002946,1080,1920,1,110,110
jfzxugsgnnvsrsg6,22095RA98C,480 Mbps,AMD Ryzen 5 5500,6.17.0-23-generic,phase0-2026-05-20,full_frame_gray,321,31562824,1080,1920,1,110,110
jfzxugsgnnvsrsg6,22095RA98C,480 Mbps,AMD Ryzen 5 5500,6.17.0-23-generic,phase0-2026-05-20,full_frame_gray,322,35524919,1080,1920,1,110,110
jfzxugsgnnvsrsg6,22095RA98C,480 Mbps,AMD Ryzen 5 5500,6.17.0-23-generic,phase0-2026-05-20,full_frame_gray,323,35535620,1080,1920,1,110,110
jfzxugsgnnvsrsg6,22095RA98C,480 Mbps,AMD Ryzen 5 5500,6.17.0-23-generic,phase0-2026-05-20,full_frame_gray,324,33939876,1080,1920,1,110,110
jfzxugsgnnvsrsg6,22095RA98C,480 Mbps,AMD Ryzen 5 5500,6.17.0-23-generic,phase0-2026-05-20,full_frame_gray,325,34427767,1080,1920,1,110,110
jfzxugsgnnvsrsg6,22095RA98C,480 Mbps,AMD Ryzen 5 5500,6.17.0-23-generic,phase0-2026-05-20,full_frame_gray,326,33108225,1080,1920,1,110,110
jfzxugsgnnvsrsg6,22095RA98C,480 Mbps,AMD Ryzen 5 5500,6.17.0-23-generic,phase0-2026-05-20,full_frame_gray,327,33094174,1080,1920,1,110,110
jfzxugsgnnvsrsg6,22095RA98C,480 Mbps,AMD Ryzen 5 5500,6.17.0-23-generic,phase0-2026-05-20,full_frame_gray,328,34652796,1080,1920,1,110,110
jfzxugsgnnvsrsg6,22095RA98C,480 Mbps,AMD Ryzen 5 5500,6.17.0-23-generic,phase0-2026-05-20,full_frame_gray,329,33442233,1080,1920,1,110,110
jfzxugsgnnvsrsg6,22095RA98C,480 Mbps,AMD Ryzen 5 5500,6.17.0-23-generic,phase0-2026-05-20,full_frame_gray,330,32998536,1080,1920,1,110,110
jfzxugsgnnvsrsg6,22095RA98C,480 Mbps,AMD Ryzen 5 5500,6.17.0-23-generic,phase0-2026-05-20,full_frame_gray,331,31728538,1080,1920,1,110,110
jfzxugsgnnvsrsg6,22095RA98C,480 Mbps,AMD Ryzen 5 5500,6.17.0-23-generic,phase0-2026-05-20,full_frame_gray,332,31161809,1080,1920,1,110,110
jfzxugsgnnvsrsg6,22095RA98C,480 Mbps,AMD Ryzen 5 5500,6.17.0-23-generic,phase0-2026-05-20,full_frame_gray,333,32181716,1080,1920,1,110,110
jfzxugsgnnvsrsg6,22095RA98C,480 Mbps,AMD Ryzen 5 5500,6.17.0-23-generic,phase0-2026-05-20,full_frame_gray,334,34129738,1080,1920,1,110,110
jfzxugsgnnvsrsg6,22095RA98C,480 Mbps,AMD Ryzen 5 5500,6.17.0-23-generic,phase0-2026-05-20,full_frame_gray,335,34413923,1080,1920,1,110,110
jfzxugsgnnvsrsg6,22095RA98C,480 Mbps,AMD Ryzen 5 5500,6.17.0-23-generic,phase0-2026-05-20,full_frame_gray,336,34305164,1080,1920,1,110,110
jfzxugsgnnvsrsg6,22095RA98C,480 Mbps,AMD Ryzen 5 5500,6.17.0-23-generic,phase0-2026-05-20,full_frame_gray,337,33086711,1080,1920,1,110,110
jfzxugsgnnvsrsg6,22095RA98C,480 Mbps,AMD Ryzen 5 5500,6.17.0-23-generic,phase0-2026-05-20,full_frame_gray,338,33230263,1080,1920,1,110,110
jfzxugsgnnvsrsg6,22095RA98C,480 Mbps,AMD Ryzen 5 5500,6.17.0-23-generic,phase0-2026-05-20,full_frame_gray,339,33819363,1080,1920,1,110,110
jfzxugsgnnvsrsg6,22095RA98C,480 Mbps,AMD Ryzen 5 5500,6.17.0-23-generic,phase0-2026-05-20,full_frame_gray,340,32353150,1080,1920,1,110,110
jfzxugsgnnvsrsg6,22095RA98C,480 Mbps,AMD Ryzen 5 5500,6.17.0-23-generic,phase0-2026-05-20,full_frame_gray,341,34815427,1080,1920,1,110,110
jfzxugsgnnvsrsg6,22095RA98C,480 Mbps,AMD Ryzen 5 5500,6.17.0-23-generic,phase0-2026-05-20,full_frame_gray,342,33019036,1080,1920,1,110,110
jfzxugsgnnvsrsg6,22095RA98C,480 Mbps,AMD Ryzen 5 5500,6.17.0-23-generic,phase0-2026-05-20,full_frame_gray,343,33792221,1080,1920,1,110,110
jfzxugsgnnvsrsg6,22095RA98C,480 Mbps,AMD Ryzen 5 5500,6.17.0-23-generic,phase0-2026-05-20,full_frame_gray,344,31960607,1080,1920,1,110,110
jfzxugsgnnvsrsg6,22095RA98C,480 Mbps,AMD Ryzen 5 5500,6.17.0-23-generic,phase0-2026-05-20,full_frame_gray,345,32998074,1080,1920,1,110,110
jfzxugsgnnvsrsg6,22095RA98C,480 Mbps,AMD Ryzen 5 5500,6.17.0-23-generic,phase0-2026-05-20,full_frame_gray,346,31731438,1080,1920,1,110,110
jfzxugsgnnvsrsg6,22095RA98C,480 Mbps,AMD Ryzen 5 5500,6.17.0-23-generic,phase0-2026-05-20,full_frame_gray,347,34259390,1080,1920,1,110,110
jfzxugsgnnvsrsg6,22095RA98C,480 Mbps,AMD Ryzen 5 5500,6.17.0-23-generic,phase0-2026-05-20,full_frame_gray,348,34023690,1080,1920,1,110,110
jfzxugsgnnvsrsg6,22095RA98C,480 Mbps,AMD Ryzen 5 5500,6.17.0-23-generic,phase0-2026-05-20,full_frame_gray,349,33295099,1080,1920,1,110,110
jfzxugsgnnvsrsg6,22095RA98C,480 Mbps,AMD Ryzen 5 5500,6.17.0-23-generic,phase0-2026-05-20,full_frame_gray,350,34041462,1080,1920,1,110,110
jfzxugsgnnvsrsg6,22095RA98C,480 Mbps,AMD Ryzen 5 5500,6.17.0-23-generic,phase0-2026-05-20,full_frame_gray,351,32205638,1080,1920,1,110,110
jfzxugsgnnvsrsg6,22095RA98C,480 Mbps,AMD Ryzen 5 5500,6.17.0-23-generic,phase0-2026-05-20,full_frame_gray,352,31423752,1080,1920,1,110,110
jfzxugsgnnvsrsg6,22095RA98C,480 Mbps,AMD Ryzen 5 5500,6.17.0-23-generic,phase0-2026-05-20,full_frame_gray,353,34139111,1080,1920,1,110,110
jfzxugsgnnvsrsg6,22095RA98C,480 Mbps,AMD Ryzen 5 5500,6.17.0-23-generic,phase0-2026-05-20,full_frame_gray,354,33613196,1080,1920,1,110,110
jfzxugsgnnvsrsg6,22095RA98C,480 Mbps,AMD Ryzen 5 5500,6.17.0-23-generic,phase0-2026-05-20,full_frame_gray,355,33477865,1080,1920,1,110,110
jfzxugsgnnvsrsg6,22095RA98C,480 Mbps,AMD Ryzen 5 5500,6.17.0-23-generic,phase0-2026-05-20,full_frame_gray,356,32824100,1080,1920,1,110,110
jfzxugsgnnvsrsg6,22095RA98C,480 Mbps,AMD Ryzen 5 5500,6.17.0-23-generic,phase0-2026-05-20,full_frame_gray,357,32288514,1080,1920,1,110,110
jfzxugsgnnvsrsg6,22095RA98C,480 Mbps,AMD Ryzen 5 5500,6.17.0-23-generic,phase0-2026-05-20,full_frame_gray,358,31995870,1080,1920,1,110,110
jfzxugsgnnvsrsg6,22095RA98C,480 Mbps,AMD Ryzen 5 5500,6.17.0-23-generic,phase0-2026-05-20,full_frame_gray,359,34536283,1080,1920,1,110,110
jfzxugsgnnvsrsg6,22095RA98C,480 Mbps,AMD Ryzen 5 5500,6.17.0-23-generic,phase0-2026-05-20,full_frame_gray,360,34161112,1080,1920,1,110,110
jfzxugsgnnvsrsg6,22095RA98C,480 Mbps,AMD Ryzen 5 5500,6.17.0-23-generic,phase0-2026-05-20,full_frame_gray,361,32922428,1080,1920,1,110,110
jfzxugsgnnvsrsg6,22095RA98C,480 Mbps,AMD Ryzen 5 5500,6.17.0-23-generic,phase0-2026-05-20,full_frame_gray,362,33395068,1080,1920,1,110,110
jfzxugsgnnvsrsg6,22095RA98C,480 Mbps,AMD Ryzen 5 5500,6.17.0-23-generic,phase0-2026-05-20,full_frame_gray,363,32101169,1080,1920,1,110,110
jfzxugsgnnvsrsg6,22095RA98C,480 Mbps,AMD Ryzen 5 5500,6.17.0-23-generic,phase0-2026-05-20,full_frame_gray,364,32229509,1080,1920,1,110,110
jfzxugsgnnvsrsg6,22095RA98C,480 Mbps,AMD Ryzen 5 5500,6.17.0-23-generic,phase0-2026-05-20,full_frame_gray,365,32970100,1080,1920,1,110,110
jfzxugsgnnvsrsg6,22095RA98C,480 Mbps,AMD Ryzen 5 5500,6.17.0-23-generic,phase0-2026-05-20,full_frame_gray,366,33786099,1080,1920,1,110,110
jfzxugsgnnvsrsg6,22095RA98C,480 Mbps,AMD Ryzen 5 5500,6.17.0-23-generic,phase0-2026-05-20,full_frame_gray,367,32444057,1080,1920,1,110,110
jfzxugsgnnvsrsg6,22095RA98C,480 Mbps,AMD Ryzen 5 5500,6.17.0-23-generic,phase0-2026-05-20,full_frame_gray,368,34680924,1080,1920,1,110,110
jfzxugsgnnvsrsg6,22095RA98C,480 Mbps,AMD Ryzen 5 5500,6.17.0-23-generic,phase0-2026-05-20,full_frame_gray,369,34671233,1080,1920,1,110,110
jfzxugsgnnvsrsg6,22095RA98C,480 Mbps,AMD Ryzen 5 5500,6.17.0-23-generic,phase0-2026-05-20,full_frame_gray,370,34776382,1080,1920,1,110,110
jfzxugsgnnvsrsg6,22095RA98C,480 Mbps,AMD Ryzen 5 5500,6.17.0-23-generic,phase0-2026-05-20,full_frame_gray,371,32850881,1080,1920,1,110,110
jfzxugsgnnvsrsg6,22095RA98C,480 Mbps,AMD Ryzen 5 5500,6.17.0-23-generic,phase0-2026-05-20,full_frame_gray,372,36767238,1080,1920,1,110,110
jfzxugsgnnvsrsg6,22095RA98C,480 Mbps,AMD Ryzen 5 5500,6.17.0-23-generic,phase0-2026-05-20,full_frame_gray,373,33258505,1080,1920,1,110,110
jfzxugsgnnvsrsg6,22095RA98C,480 Mbps,AMD Ryzen 5 5500,6.17.0-23-generic,phase0-2026-05-20,full_frame_gray,374,32342348,1080,1920,1,110,110
jfzxugsgnnvsrsg6,22095RA98C,480 Mbps,AMD Ryzen 5 5500,6.17.0-23-generic,phase0-2026-05-20,full_frame_gray,375,32068805,1080,1920,1,110,110
jfzxugsgnnvsrsg6,22095RA98C,480 Mbps,AMD Ryzen 5 5500,6.17.0-23-generic,phase0-2026-05-20,full_frame_gray,376,32700698,1080,1920,1,110,110
jfzxugsgnnvsrsg6,22095RA98C,480 Mbps,AMD Ryzen 5 5500,6.17.0-23-generic,phase0-2026-05-20,full_frame_gray,377,33364414,1080,1920,1,110,110
jfzxugsgnnvsrsg6,22095RA98C,480 Mbps,AMD Ryzen 5 5500,6.17.0-23-generic,phase0-2026-05-20,full_frame_gray,378,33904619,1080,1920,1,110,110
jfzxugsgnnvsrsg6,22095RA98C,480 Mbps,AMD Ryzen 5 5500,6.17.0-23-generic,phase0-2026-05-20,full_frame_gray,379,33773118,1080,1920,1,110,110
jfzxugsgnnvsrsg6,22095RA98C,480 Mbps,AMD Ryzen 5 5500,6.17.0-23-generic,phase0-2026-05-20,full_frame_gray,380,33963324,1080,1920,1,110,110
jfzxugsgnnvsrsg6,22095RA98C,480 Mbps,AMD Ryzen 5 5500,6.17.0-23-generic,phase0-2026-05-20,full_frame_gray,381,33424708,1080,1920,1,110,110
jfzxugsgnnvsrsg6,22095RA98C,480 Mbps,AMD Ryzen 5 5500,6.17.0-23-generic,phase0-2026-05-20,full_frame_gray,382,33091401,1080,1920,1,110,110
jfzxugsgnnvsrsg6,22095RA98C,480 Mbps,AMD Ryzen 5 5500,6.17.0-23-generic,phase0-2026-05-20,full_frame_gray,383,32323957,1080,1920,1,110,110
jfzxugsgnnvsrsg6,22095RA98C,480 Mbps,AMD Ryzen 5 5500,6.17.0-23-generic,phase0-2026-05-20,full_frame_gray,384,34315683,1080,1920,1,110,110
jfzxugsgnnvsrsg6,22095RA98C,480 Mbps,AMD Ryzen 5 5500,6.17.0-23-generic,phase0-2026-05-20,full_frame_gray,385,33860005,1080,1920,1,110,110
jfzxugsgnnvsrsg6,22095RA98C,480 Mbps,AMD Ryzen 5 5500,6.17.0-23-generic,phase0-2026-05-20,full_frame_gray,386,34698505,1080,1920,1,110,110
jfzxugsgnnvsrsg6,22095RA98C,480 Mbps,AMD Ryzen 5 5500,6.17.0-23-generic,phase0-2026-05-20,full_frame_gray,387,32499692,1080,1920,1,110,110
jfzxugsgnnvsrsg6,22095RA98C,480 Mbps,AMD Ryzen 5 5500,6.17.0-23-generic,phase0-2026-05-20,full_frame_gray,388,32211318,1080,1920,1,110,110
jfzxugsgnnvsrsg6,22095RA98C,480 Mbps,AMD Ryzen 5 5500,6.17.0-23-generic,phase0-2026-05-20,full_frame_gray,389,32032373,1080,1920,1,110,110
jfzxugsgnnvsrsg6,22095RA98C,480 Mbps,AMD Ryzen 5 5500,6.17.0-23-generic,phase0-2026-05-20,full_frame_gray,390,34767191,1080,1920,1,110,110
jfzxugsgnnvsrsg6,22095RA98C,480 Mbps,AMD Ryzen 5 5500,6.17.0-23-generic,phase0-2026-05-20,full_frame_gray,391,33152496,1080,1920,1,110,110
jfzxugsgnnvsrsg6,22095RA98C,480 Mbps,AMD Ryzen 5 5500,6.17.0-23-generic,phase0-2026-05-20,full_frame_gray,392,35070186,1080,1920,1,110,110
jfzxugsgnnvsrsg6,22095RA98C,480 Mbps,AMD Ryzen 5 5500,6.17.0-23-generic,phase0-2026-05-20,full_frame_gray,393,33893408,1080,1920,1,110,110
jfzxugsgnnvsrsg6,22095RA98C,480 Mbps,AMD Ryzen 5 5500,6.17.0-23-generic,phase0-2026-05-20,full_frame_gray,394,33262901,1080,1920,1,110,110
jfzxugsgnnvsrsg6,22095RA98C,480 Mbps,AMD Ryzen 5 5500,6.17.0-23-generic,phase0-2026-05-20,full_frame_gray,395,31591086,1080,1920,1,110,110
jfzxugsgnnvsrsg6,22095RA98C,480 Mbps,AMD Ryzen 5 5500,6.17.0-23-generic,phase0-2026-05-20,full_frame_gray,396,36213019,1080,1920,1,110,110
jfzxugsgnnvsrsg6,22095RA98C,480 Mbps,AMD Ryzen 5 5500,6.17.0-23-generic,phase0-2026-05-20,full_frame_gray,397,34721955,1080,1920,1,110,110
jfzxugsgnnvsrsg6,22095RA98C,480 Mbps,AMD Ryzen 5 5500,6.17.0-23-generic,phase0-2026-05-20,full_frame_gray,398,36583259,1080,1920,1,110,110
jfzxugsgnnvsrsg6,22095RA98C,480 Mbps,AMD Ryzen 5 5500,6.17.0-23-generic,phase0-2026-05-20,full_frame_gray,399,33813430,1080,1920,1,110,110
jfzxugsgnnvsrsg6,22095RA98C,480 Mbps,AMD Ryzen 5 5500,6.17.0-23-generic,phase0-2026-05-20,full_frame_gray,400,33602372,1080,1920,1,110,110
jfzxugsgnnvsrsg6,22095RA98C,480 Mbps,AMD Ryzen 5 5500,6.17.0-23-generic,phase0-2026-05-20,full_frame_gray,401,34911901,1080,1920,1,110,110
jfzxugsgnnvsrsg6,22095RA98C,480 Mbps,AMD Ryzen 5 5500,6.17.0-23-generic,phase0-2026-05-20,full_frame_gray,402,35386360,1080,1920,1,110,110
jfzxugsgnnvsrsg6,22095RA98C,480 Mbps,AMD Ryzen 5 5500,6.17.0-23-generic,phase0-2026-05-20,full_frame_gray,403,33713452,1080,1920,1,110,110
jfzxugsgnnvsrsg6,22095RA98C,480 Mbps,AMD Ryzen 5 5500,6.17.0-23-generic,phase0-2026-05-20,full_frame_gray,404,34428381,1080,1920,1,110,110
jfzxugsgnnvsrsg6,22095RA98C,480 Mbps,AMD Ryzen 5 5500,6.17.0-23-generic,phase0-2026-05-20,full_frame_gray,405,32483570,1080,1920,1,110,110
jfzxugsgnnvsrsg6,22095RA98C,480 Mbps,AMD Ryzen 5 5500,6.17.0-23-generic,phase0-2026-05-20,full_frame_gray,406,33303478,1080,1920,1,110,110
jfzxugsgnnvsrsg6,22095RA98C,480 Mbps,AMD Ryzen 5 5500,6.17.0-23-generic,phase0-2026-05-20,full_frame_gray,407,31608387,1080,1920,1,110,110
jfzxugsgnnvsrsg6,22095RA98C,480 Mbps,AMD Ryzen 5 5500,6.17.0-23-generic,phase0-2026-05-20,full_frame_gray,408,33943701,1080,1920,1,110,110
jfzxugsgnnvsrsg6,22095RA98C,480 Mbps,AMD Ryzen 5 5500,6.17.0-23-generic,phase0-2026-05-20,full_frame_gray,409,33705551,1080,1920,1,110,110
jfzxugsgnnvsrsg6,22095RA98C,480 Mbps,AMD Ryzen 5 5500,6.17.0-23-generic,phase0-2026-05-20,full_frame_gray,410,34382497,1080,1920,1,110,110
jfzxugsgnnvsrsg6,22095RA98C,480 Mbps,AMD Ryzen 5 5500,6.17.0-23-generic,phase0-2026-05-20,full_frame_gray,411,32652334,1080,1920,1,110,110
jfzxugsgnnvsrsg6,22095RA98C,480 Mbps,AMD Ryzen 5 5500,6.17.0-23-generic,phase0-2026-05-20,full_frame_gray,412,34172240,1080,1920,1,110,110
jfzxugsgnnvsrsg6,22095RA98C,480 Mbps,AMD Ryzen 5 5500,6.17.0-23-generic,phase0-2026-05-20,full_frame_gray,413,33820191,1080,1920,1,110,110
jfzxugsgnnvsrsg6,22095RA98C,480 Mbps,AMD Ryzen 5 5500,6.17.0-23-generic,phase0-2026-05-20,full_frame_gray,414,34610076,1080,1920,1,110,110
jfzxugsgnnvsrsg6,22095RA98C,480 Mbps,AMD Ryzen 5 5500,6.17.0-23-generic,phase0-2026-05-20,full_frame_gray,415,33995815,1080,1920,1,110,110
jfzxugsgnnvsrsg6,22095RA98C,480 Mbps,AMD Ryzen 5 5500,6.17.0-23-generic,phase0-2026-05-20,full_frame_gray,416,34014927,1080,1920,1,110,110
jfzxugsgnnvsrsg6,22095RA98C,480 Mbps,AMD Ryzen 5 5500,6.17.0-23-generic,phase0-2026-05-20,full_frame_gray,417,32542625,1080,1920,1,110,110
jfzxugsgnnvsrsg6,22095RA98C,480 Mbps,AMD Ryzen 5 5500,6.17.0-23-generic,phase0-2026-05-20,full_frame_gray,418,31611598,1080,1920,1,110,110
jfzxugsgnnvsrsg6,22095RA98C,480 Mbps,AMD Ryzen 5 5500,6.17.0-23-generic,phase0-2026-05-20,full_frame_gray,419,33546948,1080,1920,1,110,110
jfzxugsgnnvsrsg6,22095RA98C,480 Mbps,AMD Ryzen 5 5500,6.17.0-23-generic,phase0-2026-05-20,full_frame_gray,420,34678792,1080,1920,1,110,110
jfzxugsgnnvsrsg6,22095RA98C,480 Mbps,AMD Ryzen 5 5500,6.17.0-23-generic,phase0-2026-05-20,full_frame_gray,421,33753405,1080,1920,1,110,110
jfzxugsgnnvsrsg6,22095RA98C,480 Mbps,AMD Ryzen 5 5500,6.17.0-23-generic,phase0-2026-05-20,full_frame_gray,422,33813820,1080,1920,1,110,110
jfzxugsgnnvsrsg6,22095RA98C,480 Mbps,AMD Ryzen 5 5500,6.17.0-23-generic,phase0-2026-05-20,full_frame_gray,423,33566987,1080,1920,1,110,110
jfzxugsgnnvsrsg6,22095RA98C,480 Mbps,AMD Ryzen 5 5500,6.17.0-23-generic,phase0-2026-05-20,full_frame_gray,424,32227789,1080,1920,1,110,110
jfzxugsgnnvsrsg6,22095RA98C,480 Mbps,AMD Ryzen 5 5500,6.17.0-23-generic,phase0-2026-05-20,full_frame_gray,425,33244122,1080,1920,1,110,110
jfzxugsgnnvsrsg6,22095RA98C,480 Mbps,AMD Ryzen 5 5500,6.17.0-23-generic,phase0-2026-05-20,full_frame_gray,426,34971244,1080,1920,1,110,110
jfzxugsgnnvsrsg6,22095RA98C,480 Mbps,AMD Ryzen 5 5500,6.17.0-23-generic,phase0-2026-05-20,full_frame_gray,427,34815542,1080,1920,1,110,110
jfzxugsgnnvsrsg6,22095RA98C,480 Mbps,AMD Ryzen 5 5500,6.17.0-23-generic,phase0-2026-05-20,full_frame_gray,428,32858841,1080,1920,1,110,110
jfzxugsgnnvsrsg6,22095RA98C,480 Mbps,AMD Ryzen 5 5500,6.17.0-23-generic,phase0-2026-05-20,full_frame_gray,429,34437181,1080,1920,1,110,110
jfzxugsgnnvsrsg6,22095RA98C,480 Mbps,AMD Ryzen 5 5500,6.17.0-23-generic,phase0-2026-05-20,full_frame_gray,430,35195553,1080,1920,1,110,110
jfzxugsgnnvsrsg6,22095RA98C,480 Mbps,AMD Ryzen 5 5500,6.17.0-23-generic,phase0-2026-05-20,full_frame_gray,431,40700535,1080,1920,1,110,110
jfzxugsgnnvsrsg6,22095RA98C,480 Mbps,AMD Ryzen 5 5500,6.17.0-23-generic,phase0-2026-05-20,full_frame_gray,432,35774931,1080,1920,1,110,110
jfzxugsgnnvsrsg6,22095RA98C,480 Mbps,AMD Ryzen 5 5500,6.17.0-23-generic,phase0-2026-05-20,full_frame_gray,433,33572579,1080,1920,1,110,110
jfzxugsgnnvsrsg6,22095RA98C,480 Mbps,AMD Ryzen 5 5500,6.17.0-23-generic,phase0-2026-05-20,full_frame_gray,434,34047678,1080,1920,1,110,110
jfzxugsgnnvsrsg6,22095RA98C,480 Mbps,AMD Ryzen 5 5500,6.17.0-23-generic,phase0-2026-05-20,full_frame_gray,435,32832138,1080,1920,1,110,110
jfzxugsgnnvsrsg6,22095RA98C,480 Mbps,AMD Ryzen 5 5500,6.17.0-23-generic,phase0-2026-05-20,full_frame_gray,436,32868022,1080,1920,1,110,110
jfzxugsgnnvsrsg6,22095RA98C,480 Mbps,AMD Ryzen 5 5500,6.17.0-23-generic,phase0-2026-05-20,full_frame_gray,437,33239792,1080,1920,1,110,110
jfzxugsgnnvsrsg6,22095RA98C,480 Mbps,AMD Ryzen 5 5500,6.17.0-23-generic,phase0-2026-05-20,full_frame_gray,438,37265943,1080,1920,1,110,110
jfzxugsgnnvsrsg6,22095RA98C,480 Mbps,AMD Ryzen 5 5500,6.17.0-23-generic,phase0-2026-05-20,full_frame_gray,439,33064487,1080,1920,1,110,110
jfzxugsgnnvsrsg6,22095RA98C,480 Mbps,AMD Ryzen 5 5500,6.17.0-23-generic,phase0-2026-05-20,full_frame_gray,440,33156615,1080,1920,1,110,110
jfzxugsgnnvsrsg6,22095RA98C,480 Mbps,AMD Ryzen 5 5500,6.17.0-23-generic,phase0-2026-05-20,full_frame_gray,441,32719329,1080,1920,1,110,110
jfzxugsgnnvsrsg6,22095RA98C,480 Mbps,AMD Ryzen 5 5500,6.17.0-23-generic,phase0-2026-05-20,full_frame_gray,442,33004572,1080,1920,1,110,110
jfzxugsgnnvsrsg6,22095RA98C,480 Mbps,AMD Ryzen 5 5500,6.17.0-23-generic,phase0-2026-05-20,full_frame_gray,443,32453248,1080,1920,1,110,110
jfzxugsgnnvsrsg6,22095RA98C,480 Mbps,AMD Ryzen 5 5500,6.17.0-23-generic,phase0-2026-05-20,full_frame_gray,444,35304732,1080,1920,1,110,110
jfzxugsgnnvsrsg6,22095RA98C,480 Mbps,AMD Ryzen 5 5500,6.17.0-23-generic,phase0-2026-05-20,full_frame_gray,445,33266074,1080,1920,1,110,110
jfzxugsgnnvsrsg6,22095RA98C,480 Mbps,AMD Ryzen 5 5500,6.17.0-23-generic,phase0-2026-05-20,full_frame_gray,446,34039837,1080,1920,1,110,110
jfzxugsgnnvsrsg6,22095RA98C,480 Mbps,AMD Ryzen 5 5500,6.17.0-23-generic,phase0-2026-05-20,full_frame_gray,447,33600361,1080,1920,1,110,110
jfzxugsgnnvsrsg6,22095RA98C,480 Mbps,AMD Ryzen 5 5500,6.17.0-23-generic,phase0-2026-05-20,full_frame_gray,448,34016185,1080,1920,1,110,110
jfzxugsgnnvsrsg6,22095RA98C,480 Mbps,AMD Ryzen 5 5500,6.17.0-23-generic,phase0-2026-05-20,full_frame_gray,449,33390844,1080,1920,1,110,110
jfzxugsgnnvsrsg6,22095RA98C,480 Mbps,AMD Ryzen 5 5500,6.17.0-23-generic,phase0-2026-05-20,full_frame_gray,450,34950973,1080,1920,1,110,110
jfzxugsgnnvsrsg6,22095RA98C,480 Mbps,AMD Ryzen 5 5500,6.17.0-23-generic,phase0-2026-05-20,full_frame_gray,451,34549590,1080,1920,1,110,110
jfzxugsgnnvsrsg6,22095RA98C,480 Mbps,AMD Ryzen 5 5500,6.17.0-23-generic,phase0-2026-05-20,full_frame_gray,452,34397608,1080,1920,1,110,110
jfzxugsgnnvsrsg6,22095RA98C,480 Mbps,AMD Ryzen 5 5500,6.17.0-23-generic,phase0-2026-05-20,full_frame_gray,453,34351996,1080,1920,1,110,110
jfzxugsgnnvsrsg6,22095RA98C,480 Mbps,AMD Ryzen 5 5500,6.17.0-23-generic,phase0-2026-05-20,full_frame_gray,454,32975230,1080,1920,1,110,110
jfzxugsgnnvsrsg6,22095RA98C,480 Mbps,AMD Ryzen 5 5500,6.17.0-23-generic,phase0-2026-05-20,full_frame_gray,455,33857252,1080,1920,1,110,110
jfzxugsgnnvsrsg6,22095RA98C,480 Mbps,AMD Ryzen 5 5500,6.17.0-23-generic,phase0-2026-05-20,full_frame_gray,456,34845193,1080,1920,1,110,110
jfzxugsgnnvsrsg6,22095RA98C,480 Mbps,AMD Ryzen 5 5500,6.17.0-23-generic,phase0-2026-05-20,full_frame_gray,457,33342750,1080,1920,1,110,110
jfzxugsgnnvsrsg6,22095RA98C,480 Mbps,AMD Ryzen 5 5500,6.17.0-23-generic,phase0-2026-05-20,full_frame_gray,458,35285778,1080,1920,1,110,110
jfzxugsgnnvsrsg6,22095RA98C,480 Mbps,AMD Ryzen 5 5500,6.17.0-23-generic,phase0-2026-05-20,full_frame_gray,459,33580129,1080,1920,1,110,110
jfzxugsgnnvsrsg6,22095RA98C,480 Mbps,AMD Ryzen 5 5500,6.17.0-23-generic,phase0-2026-05-20,full_frame_gray,460,33052086,1080,1920,1,110,110
jfzxugsgnnvsrsg6,22095RA98C,480 Mbps,AMD Ryzen 5 5500,6.17.0-23-generic,phase0-2026-05-20,full_frame_gray,461,33878684,1080,1920,1,110,110
jfzxugsgnnvsrsg6,22095RA98C,480 Mbps,AMD Ryzen 5 5500,6.17.0-23-generic,phase0-2026-05-20,full_frame_gray,462,36489527,1080,1920,1,110,110
jfzxugsgnnvsrsg6,22095RA98C,480 Mbps,AMD Ryzen 5 5500,6.17.0-23-generic,phase0-2026-05-20,full_frame_gray,463,33008103,1080,1920,1,110,110
jfzxugsgnnvsrsg6,22095RA98C,480 Mbps,AMD Ryzen 5 5500,6.17.0-23-generic,phase0-2026-05-20,full_frame_gray,464,33540866,1080,1920,1,110,110
jfzxugsgnnvsrsg6,22095RA98C,480 Mbps,AMD Ryzen 5 5500,6.17.0-23-generic,phase0-2026-05-20,full_frame_gray,465,33754914,1080,1920,1,110,110
jfzxugsgnnvsrsg6,22095RA98C,480 Mbps,AMD Ryzen 5 5500,6.17.0-23-generic,phase0-2026-05-20,full_frame_gray,466,33547557,1080,1920,1,110,110
jfzxugsgnnvsrsg6,22095RA98C,480 Mbps,AMD Ryzen 5 5500,6.17.0-23-generic,phase0-2026-05-20,full_frame_gray,467,34209301,1080,1920,1,110,110
jfzxugsgnnvsrsg6,22095RA98C,480 Mbps,AMD Ryzen 5 5500,6.17.0-23-generic,phase0-2026-05-20,full_frame_gray,468,35545660,1080,1920,1,110,110
jfzxugsgnnvsrsg6,22095RA98C,480 Mbps,AMD Ryzen 5 5500,6.17.0-23-generic,phase0-2026-05-20,full_frame_gray,469,33119132,1080,1920,1,110,110
jfzxugsgnnvsrsg6,22095RA98C,480 Mbps,AMD Ryzen 5 5500,6.17.0-23-generic,phase0-2026-05-20,full_frame_gray,470,33608552,1080,1920,1,110,110
jfzxugsgnnvsrsg6,22095RA98C,480 Mbps,AMD Ryzen 5 5500,6.17.0-23-generic,phase0-2026-05-20,full_frame_gray,471,33611933,1080,1920,1,110,110
jfzxugsgnnvsrsg6,22095RA98C,480 Mbps,AMD Ryzen 5 5500,6.17.0-23-generic,phase0-2026-05-20,full_frame_gray,472,32072286,1080,1920,1,110,110
jfzxugsgnnvsrsg6,22095RA98C,480 Mbps,AMD Ryzen 5 5500,6.17.0-23-generic,phase0-2026-05-20,full_frame_gray,473,32514433,1080,1920,1,110,110
jfzxugsgnnvsrsg6,22095RA98C,480 Mbps,AMD Ryzen 5 5500,6.17.0-23-generic,phase0-2026-05-20,full_frame_gray,474,33443659,1080,1920,1,110,110
jfzxugsgnnvsrsg6,22095RA98C,480 Mbps,AMD Ryzen 5 5500,6.17.0-23-generic,phase0-2026-05-20,full_frame_gray,475,33764875,1080,1920,1,110,110
jfzxugsgnnvsrsg6,22095RA98C,480 Mbps,AMD Ryzen 5 5500,6.17.0-23-generic,phase0-2026-05-20,full_frame_gray,476,33728302,1080,1920,1,110,110
jfzxugsgnnvsrsg6,22095RA98C,480 Mbps,AMD Ryzen 5 5500,6.17.0-23-generic,phase0-2026-05-20,full_frame_gray,477,32833339,1080,1920,1,110,110
jfzxugsgnnvsrsg6,22095RA98C,480 Mbps,AMD Ryzen 5 5500,6.17.0-23-generic,phase0-2026-05-20,full_frame_gray,478,32811667,1080,1920,1,110,110
jfzxugsgnnvsrsg6,22095RA98C,480 Mbps,AMD Ryzen 5 5500,6.17.0-23-generic,phase0-2026-05-20,full_frame_gray,479,31885582,1080,1920,1,110,110
jfzxugsgnnvsrsg6,22095RA98C,480 Mbps,AMD Ryzen 5 5500,6.17.0-23-generic,phase0-2026-05-20,full_frame_gray,480,32685726,1080,1920,1,110,110
jfzxugsgnnvsrsg6,22095RA98C,480 Mbps,AMD Ryzen 5 5500,6.17.0-23-generic,phase0-2026-05-20,full_frame_gray,481,35417019,1080,1920,1,110,110
jfzxugsgnnvsrsg6,22095RA98C,480 Mbps,AMD Ryzen 5 5500,6.17.0-23-generic,phase0-2026-05-20,full_frame_gray,482,34797335,1080,1920,1,110,110
jfzxugsgnnvsrsg6,22095RA98C,480 Mbps,AMD Ryzen 5 5500,6.17.0-23-generic,phase0-2026-05-20,full_frame_gray,483,33631043,1080,1920,1,110,110
jfzxugsgnnvsrsg6,22095RA98C,480 Mbps,AMD Ryzen 5 5500,6.17.0-23-generic,phase0-2026-05-20,full_frame_gray,484,31725229,1080,1920,1,110,110
jfzxugsgnnvsrsg6,22095RA98C,480 Mbps,AMD Ryzen 5 5500,6.17.0-23-generic,phase0-2026-05-20,full_frame_gray,485,32419726,1080,1920,1,110,110
jfzxugsgnnvsrsg6,22095RA98C,480 Mbps,AMD Ryzen 5 5500,6.17.0-23-generic,phase0-2026-05-20,full_frame_gray,486,33139394,1080,1920,1,110,110
jfzxugsgnnvsrsg6,22095RA98C,480 Mbps,AMD Ryzen 5 5500,6.17.0-23-generic,phase0-2026-05-20,full_frame_gray,487,34842412,1080,1920,1,110,110
jfzxugsgnnvsrsg6,22095RA98C,480 Mbps,AMD Ryzen 5 5500,6.17.0-23-generic,phase0-2026-05-20,full_frame_gray,488,33777665,1080,1920,1,110,110
jfzxugsgnnvsrsg6,22095RA98C,480 Mbps,AMD Ryzen 5 5500,6.17.0-23-generic,phase0-2026-05-20,full_frame_gray,489,34366633,1080,1920,1,110,110
jfzxugsgnnvsrsg6,22095RA98C,480 Mbps,AMD Ryzen 5 5500,6.17.0-23-generic,phase0-2026-05-20,full_frame_gray,490,33144784,1080,1920,1,110,110
jfzxugsgnnvsrsg6,22095RA98C,480 Mbps,AMD Ryzen 5 5500,6.17.0-23-generic,phase0-2026-05-20,full_frame_gray,491,34306789,1080,1920,1,110,110
jfzxugsgnnvsrsg6,22095RA98C,480 Mbps,AMD Ryzen 5 5500,6.17.0-23-generic,phase0-2026-05-20,full_frame_gray,492,32984631,1080,1920,1,110,110
jfzxugsgnnvsrsg6,22095RA98C,480 Mbps,AMD Ryzen 5 5500,6.17.0-23-generic,phase0-2026-05-20,full_frame_gray,493,34524586,1080,1920,1,110,110
jfzxugsgnnvsrsg6,22095RA98C,480 Mbps,AMD Ryzen 5 5500,6.17.0-23-generic,phase0-2026-05-20,full_frame_gray,494,33763704,1080,1920,1,110,110
jfzxugsgnnvsrsg6,22095RA98C,480 Mbps,AMD Ryzen 5 5500,6.17.0-23-generic,phase0-2026-05-20,full_frame_gray,495,34462250,1080,1920,1,110,110
jfzxugsgnnvsrsg6,22095RA98C,480 Mbps,AMD Ryzen 5 5500,6.17.0-23-generic,phase0-2026-05-20,full_frame_gray,496,32447408,1080,1920,1,110,110
jfzxugsgnnvsrsg6,22095RA98C,480 Mbps,AMD Ryzen 5 5500,6.17.0-23-generic,phase0-2026-05-20,full_frame_gray,497,33212430,1080,1920,1,110,110
jfzxugsgnnvsrsg6,22095RA98C,480 Mbps,AMD Ryzen 5 5500,6.17.0-23-generic,phase0-2026-05-20,full_frame_gray,498,31887542,1080,1920,1,110,110
jfzxugsgnnvsrsg6,22095RA98C,480 Mbps,AMD Ryzen 5 5500,6.17.0-23-generic,phase0-2026-05-20,full_frame_gray,499,35296788,1080,1920,1,110,110
jfzxugsgnnvsrsg6,22095RA98C,480 Mbps,AMD Ryzen 5 5500,6.17.0-23-generic,phase0-2026-05-20,roi_bgr,0,7734397,540,480,3,110,110
jfzxugsgnnvsrsg6,22095RA98C,480 Mbps,AMD Ryzen 5 5500,6.17.0-23-generic,phase0-2026-05-20,roi_bgr,1,6919100,540,480,3,110,110
jfzxugsgnnvsrsg6,22095RA98C,480 Mbps,AMD Ryzen 5 5500,6.17.0-23-generic,phase0-2026-05-20,roi_bgr,2,6570462,540,480,3,110,110
jfzxugsgnnvsrsg6,22095RA98C,480 Mbps,AMD Ryzen 5 5500,6.17.0-23-generic,phase0-2026-05-20,roi_bgr,3,6666029,540,480,3,110,110
jfzxugsgnnvsrsg6,22095RA98C,480 Mbps,AMD Ryzen 5 5500,6.17.0-23-generic,phase0-2026-05-20,roi_bgr,4,6663249,540,480,3,110,110
jfzxugsgnnvsrsg6,22095RA98C,480 Mbps,AMD Ryzen 5 5500,6.17.0-23-generic,phase0-2026-05-20,roi_bgr,5,6601324,540,480,3,110,110
jfzxugsgnnvsrsg6,22095RA98C,480 Mbps,AMD Ryzen 5 5500,6.17.0-23-generic,phase0-2026-05-20,roi_bgr,6,7606047,540,480,3,110,110
jfzxugsgnnvsrsg6,22095RA98C,480 Mbps,AMD Ryzen 5 5500,6.17.0-23-generic,phase0-2026-05-20,roi_bgr,7,6915790,540,480,3,110,110
jfzxugsgnnvsrsg6,22095RA98C,480 Mbps,AMD Ryzen 5 5500,6.17.0-23-generic,phase0-2026-05-20,roi_bgr,8,6986006,540,480,3,110,110
jfzxugsgnnvsrsg6,22095RA98C,480 Mbps,AMD Ryzen 5 5500,6.17.0-23-generic,phase0-2026-05-20,roi_bgr,9,7414101,540,480,3,110,110
jfzxugsgnnvsrsg6,22095RA98C,480 Mbps,AMD Ryzen 5 5500,6.17.0-23-generic,phase0-2026-05-20,roi_bgr,10,7792701,540,480,3,110,110
jfzxugsgnnvsrsg6,22095RA98C,480 Mbps,AMD Ryzen 5 5500,6.17.0-23-generic,phase0-2026-05-20,roi_bgr,11,7140749,540,480,3,110,110
jfzxugsgnnvsrsg6,22095RA98C,480 Mbps,AMD Ryzen 5 5500,6.17.0-23-generic,phase0-2026-05-20,roi_bgr,12,6989566,540,480,3,110,110
jfzxugsgnnvsrsg6,22095RA98C,480 Mbps,AMD Ryzen 5 5500,6.17.0-23-generic,phase0-2026-05-20,roi_bgr,13,6853915,540,480,3,110,110
jfzxugsgnnvsrsg6,22095RA98C,480 Mbps,AMD Ryzen 5 5500,6.17.0-23-generic,phase0-2026-05-20,roi_bgr,14,6535580,540,480,3,110,110
jfzxugsgnnvsrsg6,22095RA98C,480 Mbps,AMD Ryzen 5 5500,6.17.0-23-generic,phase0-2026-05-20,roi_bgr,15,7639559,540,480,3,110,110
jfzxugsgnnvsrsg6,22095RA98C,480 Mbps,AMD Ryzen 5 5500,6.17.0-23-generic,phase0-2026-05-20,roi_bgr,16,7085554,540,480,3,110,110
jfzxugsgnnvsrsg6,22095RA98C,480 Mbps,AMD Ryzen 5 5500,6.17.0-23-generic,phase0-2026-05-20,roi_bgr,17,7626707,540,480,3,110,110
jfzxugsgnnvsrsg6,22095RA98C,480 Mbps,AMD Ryzen 5 5500,6.17.0-23-generic,phase0-2026-05-20,roi_bgr,18,7852596,540,480,3,110,110
jfzxugsgnnvsrsg6,22095RA98C,480 Mbps,AMD Ryzen 5 5500,6.17.0-23-generic,phase0-2026-05-20,roi_bgr,19,7374617,540,480,3,110,110
jfzxugsgnnvsrsg6,22095RA98C,480 Mbps,AMD Ryzen 5 5500,6.17.0-23-generic,phase0-2026-05-20,roi_bgr,20,7669401,540,480,3,110,110
jfzxugsgnnvsrsg6,22095RA98C,480 Mbps,AMD Ryzen 5 5500,6.17.0-23-generic,phase0-2026-05-20,roi_bgr,21,8334755,540,480,3,110,110
jfzxugsgnnvsrsg6,22095RA98C,480 Mbps,AMD Ryzen 5 5500,6.17.0-23-generic,phase0-2026-05-20,roi_bgr,22,7787761,540,480,3,110,110
jfzxugsgnnvsrsg6,22095RA98C,480 Mbps,AMD Ryzen 5 5500,6.17.0-23-generic,phase0-2026-05-20,roi_bgr,23,7759319,540,480,3,110,110
jfzxugsgnnvsrsg6,22095RA98C,480 Mbps,AMD Ryzen 5 5500,6.17.0-23-generic,phase0-2026-05-20,roi_bgr,24,8068374,540,480,3,110,110
jfzxugsgnnvsrsg6,22095RA98C,480 Mbps,AMD Ryzen 5 5500,6.17.0-23-generic,phase0-2026-05-20,roi_bgr,25,7612896,540,480,3,110,110
jfzxugsgnnvsrsg6,22095RA98C,480 Mbps,AMD Ryzen 5 5500,6.17.0-23-generic,phase0-2026-05-20,roi_bgr,26,7847745,540,480,3,110,110
jfzxugsgnnvsrsg6,22095RA98C,480 Mbps,AMD Ryzen 5 5500,6.17.0-23-generic,phase0-2026-05-20,roi_bgr,27,7360146,540,480,3,110,110
jfzxugsgnnvsrsg6,22095RA98C,480 Mbps,AMD Ryzen 5 5500,6.17.0-23-generic,phase0-2026-05-20,roi_bgr,28,7450993,540,480,3,110,110
jfzxugsgnnvsrsg6,22095RA98C,480 Mbps,AMD Ryzen 5 5500,6.17.0-23-generic,phase0-2026-05-20,roi_bgr,29,7303301,540,480,3,110,110
jfzxugsgnnvsrsg6,22095RA98C,480 Mbps,AMD Ryzen 5 5500,6.17.0-23-generic,phase0-2026-05-20,roi_bgr,30,7950614,540,480,3,110,110
jfzxugsgnnvsrsg6,22095RA98C,480 Mbps,AMD Ryzen 5 5500,6.17.0-23-generic,phase0-2026-05-20,roi_bgr,31,7259338,540,480,3,110,110
jfzxugsgnnvsrsg6,22095RA98C,480 Mbps,AMD Ryzen 5 5500,6.17.0-23-generic,phase0-2026-05-20,roi_bgr,32,7583954,540,480,3,110,110
jfzxugsgnnvsrsg6,22095RA98C,480 Mbps,AMD Ryzen 5 5500,6.17.0-23-generic,phase0-2026-05-20,roi_bgr,33,7213174,540,480,3,110,110
jfzxugsgnnvsrsg6,22095RA98C,480 Mbps,AMD Ryzen 5 5500,6.17.0-23-generic,phase0-2026-05-20,roi_bgr,34,7540781,540,480,3,110,110
jfzxugsgnnvsrsg6,22095RA98C,480 Mbps,AMD Ryzen 5 5500,6.17.0-23-generic,phase0-2026-05-20,roi_bgr,35,6838334,540,480,3,110,110
jfzxugsgnnvsrsg6,22095RA98C,480 Mbps,AMD Ryzen 5 5500,6.17.0-23-generic,phase0-2026-05-20,roi_bgr,36,6973015,540,480,3,110,110
jfzxugsgnnvsrsg6,22095RA98C,480 Mbps,AMD Ryzen 5 5500,6.17.0-23-generic,phase0-2026-05-20,roi_bgr,37,7654610,540,480,3,110,110
jfzxugsgnnvsrsg6,22095RA98C,480 Mbps,AMD Ryzen 5 5500,6.17.0-23-generic,phase0-2026-05-20,roi_bgr,38,8135978,540,480,3,110,110
jfzxugsgnnvsrsg6,22095RA98C,480 Mbps,AMD Ryzen 5 5500,6.17.0-23-generic,phase0-2026-05-20,roi_bgr,39,7041890,540,480,3,110,110
jfzxugsgnnvsrsg6,22095RA98C,480 Mbps,AMD Ryzen 5 5500,6.17.0-23-generic,phase0-2026-05-20,roi_bgr,40,7180662,540,480,3,110,110
jfzxugsgnnvsrsg6,22095RA98C,480 Mbps,AMD Ryzen 5 5500,6.17.0-23-generic,phase0-2026-05-20,roi_bgr,41,7690373,540,480,3,110,110
jfzxugsgnnvsrsg6,22095RA98C,480 Mbps,AMD Ryzen 5 5500,6.17.0-23-generic,phase0-2026-05-20,roi_bgr,42,6953803,540,480,3,110,110
jfzxugsgnnvsrsg6,22095RA98C,480 Mbps,AMD Ryzen 5 5500,6.17.0-23-generic,phase0-2026-05-20,roi_bgr,43,6709744,540,480,3,110,110
jfzxugsgnnvsrsg6,22095RA98C,480 Mbps,AMD Ryzen 5 5500,6.17.0-23-generic,phase0-2026-05-20,roi_bgr,44,7502497,540,480,3,110,110
jfzxugsgnnvsrsg6,22095RA98C,480 Mbps,AMD Ryzen 5 5500,6.17.0-23-generic,phase0-2026-05-20,roi_bgr,45,7009658,540,480,3,110,110
jfzxugsgnnvsrsg6,22095RA98C,480 Mbps,AMD Ryzen 5 5500,6.17.0-23-generic,phase0-2026-05-20,roi_bgr,46,7334724,540,480,3,110,110
jfzxugsgnnvsrsg6,22095RA98C,480 Mbps,AMD Ryzen 5 5500,6.17.0-23-generic,phase0-2026-05-20,roi_bgr,47,7702384,540,480,3,110,110
jfzxugsgnnvsrsg6,22095RA98C,480 Mbps,AMD Ryzen 5 5500,6.17.0-23-generic,phase0-2026-05-20,roi_bgr,48,7300081,540,480,3,110,110
jfzxugsgnnvsrsg6,22095RA98C,480 Mbps,AMD Ryzen 5 5500,6.17.0-23-generic,phase0-2026-05-20,roi_bgr,49,8300643,540,480,3,110,110
jfzxugsgnnvsrsg6,22095RA98C,480 Mbps,AMD Ryzen 5 5500,6.17.0-23-generic,phase0-2026-05-20,roi_bgr,50,7002027,540,480,3,110,110
jfzxugsgnnvsrsg6,22095RA98C,480 Mbps,AMD Ryzen 5 5500,6.17.0-23-generic,phase0-2026-05-20,roi_bgr,51,6777949,540,480,3,110,110
jfzxugsgnnvsrsg6,22095RA98C,480 Mbps,AMD Ryzen 5 5500,6.17.0-23-generic,phase0-2026-05-20,roi_bgr,52,7097233,540,480,3,110,110
jfzxugsgnnvsrsg6,22095RA98C,480 Mbps,AMD Ryzen 5 5500,6.17.0-23-generic,phase0-2026-05-20,roi_bgr,53,6908345,540,480,3,110,110
jfzxugsgnnvsrsg6,22095RA98C,480 Mbps,AMD Ryzen 5 5500,6.17.0-23-generic,phase0-2026-05-20,roi_bgr,54,7033326,540,480,3,110,110
jfzxugsgnnvsrsg6,22095RA98C,480 Mbps,AMD Ryzen 5 5500,6.17.0-23-generic,phase0-2026-05-20,roi_bgr,55,6657025,540,480,3,110,110
jfzxugsgnnvsrsg6,22095RA98C,480 Mbps,AMD Ryzen 5 5500,6.17.0-23-generic,phase0-2026-05-20,roi_bgr,56,6965780,540,480,3,110,110
jfzxugsgnnvsrsg6,22095RA98C,480 Mbps,AMD Ryzen 5 5500,6.17.0-23-generic,phase0-2026-05-20,roi_bgr,57,7017564,540,480,3,110,110
jfzxugsgnnvsrsg6,22095RA98C,480 Mbps,AMD Ryzen 5 5500,6.17.0-23-generic,phase0-2026-05-20,roi_bgr,58,7957070,540,480,3,110,110
jfzxugsgnnvsrsg6,22095RA98C,480 Mbps,AMD Ryzen 5 5500,6.17.0-23-generic,phase0-2026-05-20,roi_bgr,59,7028115,540,480,3,110,110
jfzxugsgnnvsrsg6,22095RA98C,480 Mbps,AMD Ryzen 5 5500,6.17.0-23-generic,phase0-2026-05-20,roi_bgr,60,7775815,540,480,3,110,110
jfzxugsgnnvsrsg6,22095RA98C,480 Mbps,AMD Ryzen 5 5500,6.17.0-23-generic,phase0-2026-05-20,roi_bgr,61,7337690,540,480,3,110,110
jfzxugsgnnvsrsg6,22095RA98C,480 Mbps,AMD Ryzen 5 5500,6.17.0-23-generic,phase0-2026-05-20,roi_bgr,62,6919997,540,480,3,110,110
jfzxugsgnnvsrsg6,22095RA98C,480 Mbps,AMD Ryzen 5 5500,6.17.0-23-generic,phase0-2026-05-20,roi_bgr,63,6759473,540,480,3,110,110
jfzxugsgnnvsrsg6,22095RA98C,480 Mbps,AMD Ryzen 5 5500,6.17.0-23-generic,phase0-2026-05-20,roi_bgr,64,6852211,540,480,3,110,110
jfzxugsgnnvsrsg6,22095RA98C,480 Mbps,AMD Ryzen 5 5500,6.17.0-23-generic,phase0-2026-05-20,roi_bgr,65,6872442,540,480,3,110,110
jfzxugsgnnvsrsg6,22095RA98C,480 Mbps,AMD Ryzen 5 5500,6.17.0-23-generic,phase0-2026-05-20,roi_bgr,66,6810897,540,480,3,110,110
jfzxugsgnnvsrsg6,22095RA98C,480 Mbps,AMD Ryzen 5 5500,6.17.0-23-generic,phase0-2026-05-20,roi_bgr,67,7164656,540,480,3,110,110
jfzxugsgnnvsrsg6,22095RA98C,480 Mbps,AMD Ryzen 5 5500,6.17.0-23-generic,phase0-2026-05-20,roi_bgr,68,7046386,540,480,3,110,110
jfzxugsgnnvsrsg6,22095RA98C,480 Mbps,AMD Ryzen 5 5500,6.17.0-23-generic,phase0-2026-05-20,roi_bgr,69,6613642,540,480,3,110,110
jfzxugsgnnvsrsg6,22095RA98C,480 Mbps,AMD Ryzen 5 5500,6.17.0-23-generic,phase0-2026-05-20,roi_bgr,70,7181338,540,480,3,110,110
jfzxugsgnnvsrsg6,22095RA98C,480 Mbps,AMD Ryzen 5 5500,6.17.0-23-generic,phase0-2026-05-20,roi_bgr,71,7002213,540,480,3,110,110
jfzxugsgnnvsrsg6,22095RA98C,480 Mbps,AMD Ryzen 5 5500,6.17.0-23-generic,phase0-2026-05-20,roi_bgr,72,6780655,540,480,3,110,110
jfzxugsgnnvsrsg6,22095RA98C,480 Mbps,AMD Ryzen 5 5500,6.17.0-23-generic,phase0-2026-05-20,roi_bgr,73,6556098,540,480,3,110,110
jfzxugsgnnvsrsg6,22095RA98C,480 Mbps,AMD Ryzen 5 5500,6.17.0-23-generic,phase0-2026-05-20,roi_bgr,74,6789376,540,480,3,110,110
jfzxugsgnnvsrsg6,22095RA98C,480 Mbps,AMD Ryzen 5 5500,6.17.0-23-generic,phase0-2026-05-20,roi_bgr,75,7193348,540,480,3,110,110
jfzxugsgnnvsrsg6,22095RA98C,480 Mbps,AMD Ryzen 5 5500,6.17.0-23-generic,phase0-2026-05-20,roi_bgr,76,7638594,540,480,3,110,110
jfzxugsgnnvsrsg6,22095RA98C,480 Mbps,AMD Ryzen 5 5500,6.17.0-23-generic,phase0-2026-05-20,roi_bgr,77,8578920,540,480,3,110,110
jfzxugsgnnvsrsg6,22095RA98C,480 Mbps,AMD Ryzen 5 5500,6.17.0-23-generic,phase0-2026-05-20,roi_bgr,78,7469691,540,480,3,110,110
jfzxugsgnnvsrsg6,22095RA98C,480 Mbps,AMD Ryzen 5 5500,6.17.0-23-generic,phase0-2026-05-20,roi_bgr,79,6970411,540,480,3,110,110
jfzxugsgnnvsrsg6,22095RA98C,480 Mbps,AMD Ryzen 5 5500,6.17.0-23-generic,phase0-2026-05-20,roi_bgr,80,7036566,540,480,3,110,110
jfzxugsgnnvsrsg6,22095RA98C,480 Mbps,AMD Ryzen 5 5500,6.17.0-23-generic,phase0-2026-05-20,roi_bgr,81,7151075,540,480,3,110,110
jfzxugsgnnvsrsg6,22095RA98C,480 Mbps,AMD Ryzen 5 5500,6.17.0-23-generic,phase0-2026-05-20,roi_bgr,82,7409906,540,480,3,110,110
jfzxugsgnnvsrsg6,22095RA98C,480 Mbps,AMD Ryzen 5 5500,6.17.0-23-generic,phase0-2026-05-20,roi_bgr,83,7615693,540,480,3,110,110
jfzxugsgnnvsrsg6,22095RA98C,480 Mbps,AMD Ryzen 5 5500,6.17.0-23-generic,phase0-2026-05-20,roi_bgr,84,7403735,540,480,3,110,110
jfzxugsgnnvsrsg6,22095RA98C,480 Mbps,AMD Ryzen 5 5500,6.17.0-23-generic,phase0-2026-05-20,roi_bgr,85,7211310,540,480,3,110,110
jfzxugsgnnvsrsg6,22095RA98C,480 Mbps,AMD Ryzen 5 5500,6.17.0-23-generic,phase0-2026-05-20,roi_bgr,86,7890585,540,480,3,110,110
jfzxugsgnnvsrsg6,22095RA98C,480 Mbps,AMD Ryzen 5 5500,6.17.0-23-generic,phase0-2026-05-20,roi_bgr,87,8194099,540,480,3,110,110
jfzxugsgnnvsrsg6,22095RA98C,480 Mbps,AMD Ryzen 5 5500,6.17.0-23-generic,phase0-2026-05-20,roi_bgr,88,7153695,540,480,3,110,110
jfzxugsgnnvsrsg6,22095RA98C,480 Mbps,AMD Ryzen 5 5500,6.17.0-23-generic,phase0-2026-05-20,roi_bgr,89,6716139,540,480,3,110,110
jfzxugsgnnvsrsg6,22095RA98C,480 Mbps,AMD Ryzen 5 5500,6.17.0-23-generic,phase0-2026-05-20,roi_bgr,90,7092850,540,480,3,110,110
jfzxugsgnnvsrsg6,22095RA98C,480 Mbps,AMD Ryzen 5 5500,6.17.0-23-generic,phase0-2026-05-20,roi_bgr,91,6800127,540,480,3,110,110
jfzxugsgnnvsrsg6,22095RA98C,480 Mbps,AMD Ryzen 5 5500,6.17.0-23-generic,phase0-2026-05-20,roi_bgr,92,7152035,540,480,3,110,110
jfzxugsgnnvsrsg6,22095RA98C,480 Mbps,AMD Ryzen 5 5500,6.17.0-23-generic,phase0-2026-05-20,roi_bgr,93,6920506,540,480,3,110,110
jfzxugsgnnvsrsg6,22095RA98C,480 Mbps,AMD Ryzen 5 5500,6.17.0-23-generic,phase0-2026-05-20,roi_bgr,94,6626983,540,480,3,110,110
jfzxugsgnnvsrsg6,22095RA98C,480 Mbps,AMD Ryzen 5 5500,6.17.0-23-generic,phase0-2026-05-20,roi_bgr,95,7451719,540,480,3,110,110
jfzxugsgnnvsrsg6,22095RA98C,480 Mbps,AMD Ryzen 5 5500,6.17.0-23-generic,phase0-2026-05-20,roi_bgr,96,7198228,540,480,3,110,110
jfzxugsgnnvsrsg6,22095RA98C,480 Mbps,AMD Ryzen 5 5500,6.17.0-23-generic,phase0-2026-05-20,roi_bgr,97,7243383,540,480,3,110,110
jfzxugsgnnvsrsg6,22095RA98C,480 Mbps,AMD Ryzen 5 5500,6.17.0-23-generic,phase0-2026-05-20,roi_bgr,98,7555007,540,480,3,110,110
jfzxugsgnnvsrsg6,22095RA98C,480 Mbps,AMD Ryzen 5 5500,6.17.0-23-generic,phase0-2026-05-20,roi_bgr,99,7284445,540,480,3,110,110
jfzxugsgnnvsrsg6,22095RA98C,480 Mbps,AMD Ryzen 5 5500,6.17.0-23-generic,phase0-2026-05-20,roi_bgr,100,6516353,540,480,3,110,110
jfzxugsgnnvsrsg6,22095RA98C,480 Mbps,AMD Ryzen 5 5500,6.17.0-23-generic,phase0-2026-05-20,roi_bgr,101,6292575,540,480,3,110,110
jfzxugsgnnvsrsg6,22095RA98C,480 Mbps,AMD Ryzen 5 5500,6.17.0-23-generic,phase0-2026-05-20,roi_bgr,102,6359142,540,480,3,110,110
jfzxugsgnnvsrsg6,22095RA98C,480 Mbps,AMD Ryzen 5 5500,6.17.0-23-generic,phase0-2026-05-20,roi_bgr,103,6411315,540,480,3,110,110
jfzxugsgnnvsrsg6,22095RA98C,480 Mbps,AMD Ryzen 5 5500,6.17.0-23-generic,phase0-2026-05-20,roi_bgr,104,6469260,540,480,3,110,110
jfzxugsgnnvsrsg6,22095RA98C,480 Mbps,AMD Ryzen 5 5500,6.17.0-23-generic,phase0-2026-05-20,roi_bgr,105,7605061,540,480,3,110,110
jfzxugsgnnvsrsg6,22095RA98C,480 Mbps,AMD Ryzen 5 5500,6.17.0-23-generic,phase0-2026-05-20,roi_bgr,106,8662917,540,480,3,110,110
jfzxugsgnnvsrsg6,22095RA98C,480 Mbps,AMD Ryzen 5 5500,6.17.0-23-generic,phase0-2026-05-20,roi_bgr,107,6880713,540,480,3,110,110
jfzxugsgnnvsrsg6,22095RA98C,480 Mbps,AMD Ryzen 5 5500,6.17.0-23-generic,phase0-2026-05-20,roi_bgr,108,6613872,540,480,3,110,110
jfzxugsgnnvsrsg6,22095RA98C,480 Mbps,AMD Ryzen 5 5500,6.17.0-23-generic,phase0-2026-05-20,roi_bgr,109,6762023,540,480,3,110,110
jfzxugsgnnvsrsg6,22095RA98C,480 Mbps,AMD Ryzen 5 5500,6.17.0-23-generic,phase0-2026-05-20,roi_bgr,110,6797146,540,480,3,110,110
jfzxugsgnnvsrsg6,22095RA98C,480 Mbps,AMD Ryzen 5 5500,6.17.0-23-generic,phase0-2026-05-20,roi_bgr,111,6786576,540,480,3,110,110
jfzxugsgnnvsrsg6,22095RA98C,480 Mbps,AMD Ryzen 5 5500,6.17.0-23-generic,phase0-2026-05-20,roi_bgr,112,6775855,540,480,3,110,110
jfzxugsgnnvsrsg6,22095RA98C,480 Mbps,AMD Ryzen 5 5500,6.17.0-23-generic,phase0-2026-05-20,roi_bgr,113,6911356,540,480,3,110,110
jfzxugsgnnvsrsg6,22095RA98C,480 Mbps,AMD Ryzen 5 5500,6.17.0-23-generic,phase0-2026-05-20,roi_bgr,114,7781265,540,480,3,110,110
jfzxugsgnnvsrsg6,22095RA98C,480 Mbps,AMD Ryzen 5 5500,6.17.0-23-generic,phase0-2026-05-20,roi_bgr,115,7757334,540,480,3,110,110
jfzxugsgnnvsrsg6,22095RA98C,480 Mbps,AMD Ryzen 5 5500,6.17.0-23-generic,phase0-2026-05-20,roi_bgr,116,7188678,540,480,3,110,110
jfzxugsgnnvsrsg6,22095RA98C,480 Mbps,AMD Ryzen 5 5500,6.17.0-23-generic,phase0-2026-05-20,roi_bgr,117,6971610,540,480,3,110,110
jfzxugsgnnvsrsg6,22095RA98C,480 Mbps,AMD Ryzen 5 5500,6.17.0-23-generic,phase0-2026-05-20,roi_bgr,118,6933807,540,480,3,110,110
jfzxugsgnnvsrsg6,22095RA98C,480 Mbps,AMD Ryzen 5 5500,6.17.0-23-generic,phase0-2026-05-20,roi_bgr,119,6952009,540,480,3,110,110
jfzxugsgnnvsrsg6,22095RA98C,480 Mbps,AMD Ryzen 5 5500,6.17.0-23-generic,phase0-2026-05-20,roi_bgr,120,7270234,540,480,3,110,110
jfzxugsgnnvsrsg6,22095RA98C,480 Mbps,AMD Ryzen 5 5500,6.17.0-23-generic,phase0-2026-05-20,roi_bgr,121,7049627,540,480,3,110,110
jfzxugsgnnvsrsg6,22095RA98C,480 Mbps,AMD Ryzen 5 5500,6.17.0-23-generic,phase0-2026-05-20,roi_bgr,122,7442529,540,480,3,110,110
jfzxugsgnnvsrsg6,22095RA98C,480 Mbps,AMD Ryzen 5 5500,6.17.0-23-generic,phase0-2026-05-20,roi_bgr,123,7258714,540,480,3,110,110
jfzxugsgnnvsrsg6,22095RA98C,480 Mbps,AMD Ryzen 5 5500,6.17.0-23-generic,phase0-2026-05-20,roi_bgr,124,7217150,540,480,3,110,110
jfzxugsgnnvsrsg6,22095RA98C,480 Mbps,AMD Ryzen 5 5500,6.17.0-23-generic,phase0-2026-05-20,roi_bgr,125,6513504,540,480,3,110,110
jfzxugsgnnvsrsg6,22095RA98C,480 Mbps,AMD Ryzen 5 5500,6.17.0-23-generic,phase0-2026-05-20,roi_bgr,126,6740212,540,480,3,110,110
jfzxugsgnnvsrsg6,22095RA98C,480 Mbps,AMD Ryzen 5 5500,6.17.0-23-generic,phase0-2026-05-20,roi_bgr,127,7203440,540,480,3,110,110
jfzxugsgnnvsrsg6,22095RA98C,480 Mbps,AMD Ryzen 5 5500,6.17.0-23-generic,phase0-2026-05-20,roi_bgr,128,7023084,540,480,3,110,110
jfzxugsgnnvsrsg6,22095RA98C,480 Mbps,AMD Ryzen 5 5500,6.17.0-23-generic,phase0-2026-05-20,roi_bgr,129,6499112,540,480,3,110,110
jfzxugsgnnvsrsg6,22095RA98C,480 Mbps,AMD Ryzen 5 5500,6.17.0-23-generic,phase0-2026-05-20,roi_bgr,130,6666836,540,480,3,110,110
jfzxugsgnnvsrsg6,22095RA98C,480 Mbps,AMD Ryzen 5 5500,6.17.0-23-generic,phase0-2026-05-20,roi_bgr,131,7061478,540,480,3,110,110
jfzxugsgnnvsrsg6,22095RA98C,480 Mbps,AMD Ryzen 5 5500,6.17.0-23-generic,phase0-2026-05-20,roi_bgr,132,6756793,540,480,3,110,110
jfzxugsgnnvsrsg6,22095RA98C,480 Mbps,AMD Ryzen 5 5500,6.17.0-23-generic,phase0-2026-05-20,roi_bgr,133,7612422,540,480,3,110,110
jfzxugsgnnvsrsg6,22095RA98C,480 Mbps,AMD Ryzen 5 5500,6.17.0-23-generic,phase0-2026-05-20,roi_bgr,134,8903476,540,480,3,110,110
jfzxugsgnnvsrsg6,22095RA98C,480 Mbps,AMD Ryzen 5 5500,6.17.0-23-generic,phase0-2026-05-20,roi_bgr,135,6826179,540,480,3,110,110
jfzxugsgnnvsrsg6,22095RA98C,480 Mbps,AMD Ryzen 5 5500,6.17.0-23-generic,phase0-2026-05-20,roi_bgr,136,7334290,540,480,3,110,110
jfzxugsgnnvsrsg6,22095RA98C,480 Mbps,AMD Ryzen 5 5500,6.17.0-23-generic,phase0-2026-05-20,roi_bgr,137,6950749,540,480,3,110,110
jfzxugsgnnvsrsg6,22095RA98C,480 Mbps,AMD Ryzen 5 5500,6.17.0-23-generic,phase0-2026-05-20,roi_bgr,138,6697939,540,480,3,110,110
jfzxugsgnnvsrsg6,22095RA98C,480 Mbps,AMD Ryzen 5 5500,6.17.0-23-generic,phase0-2026-05-20,roi_bgr,139,6644184,540,480,3,110,110
jfzxugsgnnvsrsg6,22095RA98C,480 Mbps,AMD Ryzen 5 5500,6.17.0-23-generic,phase0-2026-05-20,roi_bgr,140,6981101,540,480,3,110,110
jfzxugsgnnvsrsg6,22095RA98C,480 Mbps,AMD Ryzen 5 5500,6.17.0-23-generic,phase0-2026-05-20,roi_bgr,141,6892974,540,480,3,110,110
jfzxugsgnnvsrsg6,22095RA98C,480 Mbps,AMD Ryzen 5 5500,6.17.0-23-generic,phase0-2026-05-20,roi_bgr,142,7468470,540,480,3,110,110
jfzxugsgnnvsrsg6,22095RA98C,480 Mbps,AMD Ryzen 5 5500,6.17.0-23-generic,phase0-2026-05-20,roi_bgr,143,7425687,540,480,3,110,110
jfzxugsgnnvsrsg6,22095RA98C,480 Mbps,AMD Ryzen 5 5500,6.17.0-23-generic,phase0-2026-05-20,roi_bgr,144,7080789,540,480,3,110,110
jfzxugsgnnvsrsg6,22095RA98C,480 Mbps,AMD Ryzen 5 5500,6.17.0-23-generic,phase0-2026-05-20,roi_bgr,145,6882774,540,480,3,110,110
jfzxugsgnnvsrsg6,22095RA98C,480 Mbps,AMD Ryzen 5 5500,6.17.0-23-generic,phase0-2026-05-20,roi_bgr,146,7520515,540,480,3,110,110
jfzxugsgnnvsrsg6,22095RA98C,480 Mbps,AMD Ryzen 5 5500,6.17.0-23-generic,phase0-2026-05-20,roi_bgr,147,7345070,540,480,3,110,110
jfzxugsgnnvsrsg6,22095RA98C,480 Mbps,AMD Ryzen 5 5500,6.17.0-23-generic,phase0-2026-05-20,roi_bgr,148,7634283,540,480,3,110,110
jfzxugsgnnvsrsg6,22095RA98C,480 Mbps,AMD Ryzen 5 5500,6.17.0-23-generic,phase0-2026-05-20,roi_bgr,149,7813878,540,480,3,110,110
jfzxugsgnnvsrsg6,22095RA98C,480 Mbps,AMD Ryzen 5 5500,6.17.0-23-generic,phase0-2026-05-20,roi_bgr,150,7849171,540,480,3,110,110
jfzxugsgnnvsrsg6,22095RA98C,480 Mbps,AMD Ryzen 5 5500,6.17.0-23-generic,phase0-2026-05-20,roi_bgr,151,6936587,540,480,3,110,110
jfzxugsgnnvsrsg6,22095RA98C,480 Mbps,AMD Ryzen 5 5500,6.17.0-23-generic,phase0-2026-05-20,roi_bgr,152,6646445,540,480,3,110,110
jfzxugsgnnvsrsg6,22095RA98C,480 Mbps,AMD Ryzen 5 5500,6.17.0-23-generic,phase0-2026-05-20,roi_bgr,153,6441008,540,480,3,110,110
jfzxugsgnnvsrsg6,22095RA98C,480 Mbps,AMD Ryzen 5 5500,6.17.0-23-generic,phase0-2026-05-20,roi_bgr,154,6446268,540,480,3,110,110
jfzxugsgnnvsrsg6,22095RA98C,480 Mbps,AMD Ryzen 5 5500,6.17.0-23-generic,phase0-2026-05-20,roi_bgr,155,6543477,540,480,3,110,110
jfzxugsgnnvsrsg6,22095RA98C,480 Mbps,AMD Ryzen 5 5500,6.17.0-23-generic,phase0-2026-05-20,roi_bgr,156,7191458,540,480,3,110,110
jfzxugsgnnvsrsg6,22095RA98C,480 Mbps,AMD Ryzen 5 5500,6.17.0-23-generic,phase0-2026-05-20,roi_bgr,157,7069069,540,480,3,110,110
jfzxugsgnnvsrsg6,22095RA98C,480 Mbps,AMD Ryzen 5 5500,6.17.0-23-generic,phase0-2026-05-20,roi_bgr,158,6417446,540,480,3,110,110
jfzxugsgnnvsrsg6,22095RA98C,480 Mbps,AMD Ryzen 5 5500,6.17.0-23-generic,phase0-2026-05-20,roi_bgr,159,6383173,540,480,3,110,110
jfzxugsgnnvsrsg6,22095RA98C,480 Mbps,AMD Ryzen 5 5500,6.17.0-23-generic,phase0-2026-05-20,roi_bgr,160,6261264,540,480,3,110,110
jfzxugsgnnvsrsg6,22095RA98C,480 Mbps,AMD Ryzen 5 5500,6.17.0-23-generic,phase0-2026-05-20,roi_bgr,161,6574158,540,480,3,110,110
jfzxugsgnnvsrsg6,22095RA98C,480 Mbps,AMD Ryzen 5 5500,6.17.0-23-generic,phase0-2026-05-20,roi_bgr,162,8878154,540,480,3,110,110
jfzxugsgnnvsrsg6,22095RA98C,480 Mbps,AMD Ryzen 5 5500,6.17.0-23-generic,phase0-2026-05-20,roi_bgr,163,7241442,540,480,3,110,110
jfzxugsgnnvsrsg6,22095RA98C,480 Mbps,AMD Ryzen 5 5500,6.17.0-23-generic,phase0-2026-05-20,roi_bgr,164,8194989,540,480,3,110,110
jfzxugsgnnvsrsg6,22095RA98C,480 Mbps,AMD Ryzen 5 5500,6.17.0-23-generic,phase0-2026-05-20,roi_bgr,165,7291596,540,480,3,110,110
jfzxugsgnnvsrsg6,22095RA98C,480 Mbps,AMD Ryzen 5 5500,6.17.0-23-generic,phase0-2026-05-20,roi_bgr,166,7589960,540,480,3,110,110
jfzxugsgnnvsrsg6,22095RA98C,480 Mbps,AMD Ryzen 5 5500,6.17.0-23-generic,phase0-2026-05-20,roi_bgr,167,7289406,540,480,3,110,110
jfzxugsgnnvsrsg6,22095RA98C,480 Mbps,AMD Ryzen 5 5500,6.17.0-23-generic,phase0-2026-05-20,roi_bgr,168,7446659,540,480,3,110,110
jfzxugsgnnvsrsg6,22095RA98C,480 Mbps,AMD Ryzen 5 5500,6.17.0-23-generic,phase0-2026-05-20,roi_bgr,169,7053597,540,480,3,110,110
jfzxugsgnnvsrsg6,22095RA98C,480 Mbps,AMD Ryzen 5 5500,6.17.0-23-generic,phase0-2026-05-20,roi_bgr,170,7139734,540,480,3,110,110
jfzxugsgnnvsrsg6,22095RA98C,480 Mbps,AMD Ryzen 5 5500,6.17.0-23-generic,phase0-2026-05-20,roi_bgr,171,7308617,540,480,3,110,110
jfzxugsgnnvsrsg6,22095RA98C,480 Mbps,AMD Ryzen 5 5500,6.17.0-23-generic,phase0-2026-05-20,roi_bgr,172,7111422,540,480,3,110,110
jfzxugsgnnvsrsg6,22095RA98C,480 Mbps,AMD Ryzen 5 5500,6.17.0-23-generic,phase0-2026-05-20,roi_bgr,173,7450819,540,480,3,110,110
jfzxugsgnnvsrsg6,22095RA98C,480 Mbps,AMD Ryzen 5 5500,6.17.0-23-generic,phase0-2026-05-20,roi_bgr,174,7114562,540,480,3,110,110
jfzxugsgnnvsrsg6,22095RA98C,480 Mbps,AMD Ryzen 5 5500,6.17.0-23-generic,phase0-2026-05-20,roi_bgr,175,7484682,540,480,3,110,110
jfzxugsgnnvsrsg6,22095RA98C,480 Mbps,AMD Ryzen 5 5500,6.17.0-23-generic,phase0-2026-05-20,roi_bgr,176,6854372,540,480,3,110,110
jfzxugsgnnvsrsg6,22095RA98C,480 Mbps,AMD Ryzen 5 5500,6.17.0-23-generic,phase0-2026-05-20,roi_bgr,177,7748763,540,480,3,110,110
jfzxugsgnnvsrsg6,22095RA98C,480 Mbps,AMD Ryzen 5 5500,6.17.0-23-generic,phase0-2026-05-20,roi_bgr,178,6751003,540,480,3,110,110
jfzxugsgnnvsrsg6,22095RA98C,480 Mbps,AMD Ryzen 5 5500,6.17.0-23-generic,phase0-2026-05-20,roi_bgr,179,7736322,540,480,3,110,110
jfzxugsgnnvsrsg6,22095RA98C,480 Mbps,AMD Ryzen 5 5500,6.17.0-23-generic,phase0-2026-05-20,roi_bgr,180,6589220,540,480,3,110,110
jfzxugsgnnvsrsg6,22095RA98C,480 Mbps,AMD Ryzen 5 5500,6.17.0-23-generic,phase0-2026-05-20,roi_bgr,181,6579009,540,480,3,110,110
jfzxugsgnnvsrsg6,22095RA98C,480 Mbps,AMD Ryzen 5 5500,6.17.0-23-generic,phase0-2026-05-20,roi_bgr,182,6339700,540,480,3,110,110
jfzxugsgnnvsrsg6,22095RA98C,480 Mbps,AMD Ryzen 5 5500,6.17.0-23-generic,phase0-2026-05-20,roi_bgr,183,6279344,540,480,3,110,110
jfzxugsgnnvsrsg6,22095RA98C,480 Mbps,AMD Ryzen 5 5500,6.17.0-23-generic,phase0-2026-05-20,roi_bgr,184,6295326,540,480,3,110,110
jfzxugsgnnvsrsg6,22095RA98C,480 Mbps,AMD Ryzen 5 5500,6.17.0-23-generic,phase0-2026-05-20,roi_bgr,185,6398724,540,480,3,110,110
jfzxugsgnnvsrsg6,22095RA98C,480 Mbps,AMD Ryzen 5 5500,6.17.0-23-generic,phase0-2026-05-20,roi_bgr,186,6970691,540,480,3,110,110
jfzxugsgnnvsrsg6,22095RA98C,480 Mbps,AMD Ryzen 5 5500,6.17.0-23-generic,phase0-2026-05-20,roi_bgr,187,6538346,540,480,3,110,110
jfzxugsgnnvsrsg6,22095RA98C,480 Mbps,AMD Ryzen 5 5500,6.17.0-23-generic,phase0-2026-05-20,roi_bgr,188,6762913,540,480,3,110,110
jfzxugsgnnvsrsg6,22095RA98C,480 Mbps,AMD Ryzen 5 5500,6.17.0-23-generic,phase0-2026-05-20,roi_bgr,189,6429957,540,480,3,110,110
jfzxugsgnnvsrsg6,22095RA98C,480 Mbps,AMD Ryzen 5 5500,6.17.0-23-generic,phase0-2026-05-20,roi_bgr,190,6497602,540,480,3,110,110
jfzxugsgnnvsrsg6,22095RA98C,480 Mbps,AMD Ryzen 5 5500,6.17.0-23-generic,phase0-2026-05-20,roi_bgr,191,6282525,540,480,3,110,110
jfzxugsgnnvsrsg6,22095RA98C,480 Mbps,AMD Ryzen 5 5500,6.17.0-23-generic,phase0-2026-05-20,roi_bgr,192,6805457,540,480,3,110,110
jfzxugsgnnvsrsg6,22095RA98C,480 Mbps,AMD Ryzen 5 5500,6.17.0-23-generic,phase0-2026-05-20,roi_bgr,193,9122142,540,480,3,110,110
jfzxugsgnnvsrsg6,22095RA98C,480 Mbps,AMD Ryzen 5 5500,6.17.0-23-generic,phase0-2026-05-20,roi_bgr,194,7364888,540,480,3,110,110
jfzxugsgnnvsrsg6,22095RA98C,480 Mbps,AMD Ryzen 5 5500,6.17.0-23-generic,phase0-2026-05-20,roi_bgr,195,7132599,540,480,3,110,110
jfzxugsgnnvsrsg6,22095RA98C,480 Mbps,AMD Ryzen 5 5500,6.17.0-23-generic,phase0-2026-05-20,roi_bgr,196,6674753,540,480,3,110,110
jfzxugsgnnvsrsg6,22095RA98C,480 Mbps,AMD Ryzen 5 5500,6.17.0-23-generic,phase0-2026-05-20,roi_bgr,197,7080255,540,480,3,110,110
jfzxugsgnnvsrsg6,22095RA98C,480 Mbps,AMD Ryzen 5 5500,6.17.0-23-generic,phase0-2026-05-20,roi_bgr,198,7095326,540,480,3,110,110
jfzxugsgnnvsrsg6,22095RA98C,480 Mbps,AMD Ryzen 5 5500,6.17.0-23-generic,phase0-2026-05-20,roi_bgr,199,7373248,540,480,3,110,110
jfzxugsgnnvsrsg6,22095RA98C,480 Mbps,AMD Ryzen 5 5500,6.17.0-23-generic,phase0-2026-05-20,roi_bgr,200,6817985,540,480,3,110,110
jfzxugsgnnvsrsg6,22095RA98C,480 Mbps,AMD Ryzen 5 5500,6.17.0-23-generic,phase0-2026-05-20,roi_bgr,201,6950515,540,480,3,110,110
jfzxugsgnnvsrsg6,22095RA98C,480 Mbps,AMD Ryzen 5 5500,6.17.0-23-generic,phase0-2026-05-20,roi_bgr,202,6753769,540,480,3,110,110
jfzxugsgnnvsrsg6,22095RA98C,480 Mbps,AMD Ryzen 5 5500,6.17.0-23-generic,phase0-2026-05-20,roi_bgr,203,7936953,540,480,3,110,110
jfzxugsgnnvsrsg6,22095RA98C,480 Mbps,AMD Ryzen 5 5500,6.17.0-23-generic,phase0-2026-05-20,roi_bgr,204,7526781,540,480,3,110,110
jfzxugsgnnvsrsg6,22095RA98C,480 Mbps,AMD Ryzen 5 5500,6.17.0-23-generic,phase0-2026-05-20,roi_bgr,205,7153301,540,480,3,110,110
jfzxugsgnnvsrsg6,22095RA98C,480 Mbps,AMD Ryzen 5 5500,6.17.0-23-generic,phase0-2026-05-20,roi_bgr,206,7203095,540,480,3,110,110
jfzxugsgnnvsrsg6,22095RA98C,480 Mbps,AMD Ryzen 5 5500,6.17.0-23-generic,phase0-2026-05-20,roi_bgr,207,7081695,540,480,3,110,110
jfzxugsgnnvsrsg6,22095RA98C,480 Mbps,AMD Ryzen 5 5500,6.17.0-23-generic,phase0-2026-05-20,roi_bgr,208,6752489,540,480,3,110,110
jfzxugsgnnvsrsg6,22095RA98C,480 Mbps,AMD Ryzen 5 5500,6.17.0-23-generic,phase0-2026-05-20,roi_bgr,209,6785831,540,480,3,110,110
jfzxugsgnnvsrsg6,22095RA98C,480 Mbps,AMD Ryzen 5 5500,6.17.0-23-generic,phase0-2026-05-20,roi_bgr,210,6673152,540,480,3,110,110
jfzxugsgnnvsrsg6,22095RA98C,480 Mbps,AMD Ryzen 5 5500,6.17.0-23-generic,phase0-2026-05-20,roi_bgr,211,7240078,540,480,3,110,110
jfzxugsgnnvsrsg6,22095RA98C,480 Mbps,AMD Ryzen 5 5500,6.17.0-23-generic,phase0-2026-05-20,roi_bgr,212,7230347,540,480,3,110,110
jfzxugsgnnvsrsg6,22095RA98C,480 Mbps,AMD Ryzen 5 5500,6.17.0-23-generic,phase0-2026-05-20,roi_bgr,213,7974116,540,480,3,110,110
jfzxugsgnnvsrsg6,22095RA98C,480 Mbps,AMD Ryzen 5 5500,6.17.0-23-generic,phase0-2026-05-20,roi_bgr,214,7463996,540,480,3,110,110
jfzxugsgnnvsrsg6,22095RA98C,480 Mbps,AMD Ryzen 5 5500,6.17.0-23-generic,phase0-2026-05-20,roi_bgr,215,7017831,540,480,3,110,110
jfzxugsgnnvsrsg6,22095RA98C,480 Mbps,AMD Ryzen 5 5500,6.17.0-23-generic,phase0-2026-05-20,roi_bgr,216,7492728,540,480,3,110,110
jfzxugsgnnvsrsg6,22095RA98C,480 Mbps,AMD Ryzen 5 5500,6.17.0-23-generic,phase0-2026-05-20,roi_bgr,217,7879609,540,480,3,110,110
jfzxugsgnnvsrsg6,22095RA98C,480 Mbps,AMD Ryzen 5 5500,6.17.0-23-generic,phase0-2026-05-20,roi_bgr,218,7402901,540,480,3,110,110
jfzxugsgnnvsrsg6,22095RA98C,480 Mbps,AMD Ryzen 5 5500,6.17.0-23-generic,phase0-2026-05-20,roi_bgr,219,6826325,540,480,3,110,110
jfzxugsgnnvsrsg6,22095RA98C,480 Mbps,AMD Ryzen 5 5500,6.17.0-23-generic,phase0-2026-05-20,roi_bgr,220,7706335,540,480,3,110,110
jfzxugsgnnvsrsg6,22095RA98C,480 Mbps,AMD Ryzen 5 5500,6.17.0-23-generic,phase0-2026-05-20,roi_bgr,221,8648570,540,480,3,110,110
jfzxugsgnnvsrsg6,22095RA98C,480 Mbps,AMD Ryzen 5 5500,6.17.0-23-generic,phase0-2026-05-20,roi_bgr,222,8732857,540,480,3,110,110
jfzxugsgnnvsrsg6,22095RA98C,480 Mbps,AMD Ryzen 5 5500,6.17.0-23-generic,phase0-2026-05-20,roi_bgr,223,7806453,540,480,3,110,110
jfzxugsgnnvsrsg6,22095RA98C,480 Mbps,AMD Ryzen 5 5500,6.17.0-23-generic,phase0-2026-05-20,roi_bgr,224,6809663,540,480,3,110,110
jfzxugsgnnvsrsg6,22095RA98C,480 Mbps,AMD Ryzen 5 5500,6.17.0-23-generic,phase0-2026-05-20,roi_bgr,225,6901481,540,480,3,110,110
jfzxugsgnnvsrsg6,22095RA98C,480 Mbps,AMD Ryzen 5 5500,6.17.0-23-generic,phase0-2026-05-20,roi_bgr,226,6971377,540,480,3,110,110
jfzxugsgnnvsrsg6,22095RA98C,480 Mbps,AMD Ryzen 5 5500,6.17.0-23-generic,phase0-2026-05-20,roi_bgr,227,7227957,540,480,3,110,110
jfzxugsgnnvsrsg6,22095RA98C,480 Mbps,AMD Ryzen 5 5500,6.17.0-23-generic,phase0-2026-05-20,roi_bgr,228,7028871,540,480,3,110,110
jfzxugsgnnvsrsg6,22095RA98C,480 Mbps,AMD Ryzen 5 5500,6.17.0-23-generic,phase0-2026-05-20,roi_bgr,229,6877929,540,480,3,110,110
jfzxugsgnnvsrsg6,22095RA98C,480 Mbps,AMD Ryzen 5 5500,6.17.0-23-generic,phase0-2026-05-20,roi_bgr,230,6912302,540,480,3,110,110
jfzxugsgnnvsrsg6,22095RA98C,480 Mbps,AMD Ryzen 5 5500,6.17.0-23-generic,phase0-2026-05-20,roi_bgr,231,7112228,540,480,3,110,110
jfzxugsgnnvsrsg6,22095RA98C,480 Mbps,AMD Ryzen 5 5500,6.17.0-23-generic,phase0-2026-05-20,roi_bgr,232,6825225,540,480,3,110,110
jfzxugsgnnvsrsg6,22095RA98C,480 Mbps,AMD Ryzen 5 5500,6.17.0-23-generic,phase0-2026-05-20,roi_bgr,233,7793612,540,480,3,110,110
jfzxugsgnnvsrsg6,22095RA98C,480 Mbps,AMD Ryzen 5 5500,6.17.0-23-generic,phase0-2026-05-20,roi_bgr,234,7441914,540,480,3,110,110
jfzxugsgnnvsrsg6,22095RA98C,480 Mbps,AMD Ryzen 5 5500,6.17.0-23-generic,phase0-2026-05-20,roi_bgr,235,6818084,540,480,3,110,110
jfzxugsgnnvsrsg6,22095RA98C,480 Mbps,AMD Ryzen 5 5500,6.17.0-23-generic,phase0-2026-05-20,roi_bgr,236,6554723,540,480,3,110,110
jfzxugsgnnvsrsg6,22095RA98C,480 Mbps,AMD Ryzen 5 5500,6.17.0-23-generic,phase0-2026-05-20,roi_bgr,237,6582166,540,480,3,110,110
jfzxugsgnnvsrsg6,22095RA98C,480 Mbps,AMD Ryzen 5 5500,6.17.0-23-generic,phase0-2026-05-20,roi_bgr,238,6604597,540,480,3,110,110
jfzxugsgnnvsrsg6,22095RA98C,480 Mbps,AMD Ryzen 5 5500,6.17.0-23-generic,phase0-2026-05-20,roi_bgr,239,6895421,540,480,3,110,110
jfzxugsgnnvsrsg6,22095RA98C,480 Mbps,AMD Ryzen 5 5500,6.17.0-23-generic,phase0-2026-05-20,roi_bgr,240,7869848,540,480,3,110,110
jfzxugsgnnvsrsg6,22095RA98C,480 Mbps,AMD Ryzen 5 5500,6.17.0-23-generic,phase0-2026-05-20,roi_bgr,241,7743308,540,480,3,110,110
jfzxugsgnnvsrsg6,22095RA98C,480 Mbps,AMD Ryzen 5 5500,6.17.0-23-generic,phase0-2026-05-20,roi_bgr,242,7305343,540,480,3,110,110
jfzxugsgnnvsrsg6,22095RA98C,480 Mbps,AMD Ryzen 5 5500,6.17.0-23-generic,phase0-2026-05-20,roi_bgr,243,7136700,540,480,3,110,110
jfzxugsgnnvsrsg6,22095RA98C,480 Mbps,AMD Ryzen 5 5500,6.17.0-23-generic,phase0-2026-05-20,roi_bgr,244,6804943,540,480,3,110,110
jfzxugsgnnvsrsg6,22095RA98C,480 Mbps,AMD Ryzen 5 5500,6.17.0-23-generic,phase0-2026-05-20,roi_bgr,245,6481627,540,480,3,110,110
jfzxugsgnnvsrsg6,22095RA98C,480 Mbps,AMD Ryzen 5 5500,6.17.0-23-generic,phase0-2026-05-20,roi_bgr,246,6319664,540,480,3,110,110
jfzxugsgnnvsrsg6,22095RA98C,480 Mbps,AMD Ryzen 5 5500,6.17.0-23-generic,phase0-2026-05-20,roi_bgr,247,6336776,540,480,3,110,110
jfzxugsgnnvsrsg6,22095RA98C,480 Mbps,AMD Ryzen 5 5500,6.17.0-23-generic,phase0-2026-05-20,roi_bgr,248,7142490,540,480,3,110,110
jfzxugsgnnvsrsg6,22095RA98C,480 Mbps,AMD Ryzen 5 5500,6.17.0-23-generic,phase0-2026-05-20,roi_bgr,249,8382179,540,480,3,110,110
jfzxugsgnnvsrsg6,22095RA98C,480 Mbps,AMD Ryzen 5 5500,6.17.0-23-generic,phase0-2026-05-20,roi_bgr,250,7134759,540,480,3,110,110
jfzxugsgnnvsrsg6,22095RA98C,480 Mbps,AMD Ryzen 5 5500,6.17.0-23-generic,phase0-2026-05-20,roi_bgr,251,6787842,540,480,3,110,110
jfzxugsgnnvsrsg6,22095RA98C,480 Mbps,AMD Ryzen 5 5500,6.17.0-23-generic,phase0-2026-05-20,roi_bgr,252,6679793,540,480,3,110,110
jfzxugsgnnvsrsg6,22095RA98C,480 Mbps,AMD Ryzen 5 5500,6.17.0-23-generic,phase0-2026-05-20,roi_bgr,253,6584656,540,480,3,110,110
jfzxugsgnnvsrsg6,22095RA98C,480 Mbps,AMD Ryzen 5 5500,6.17.0-23-generic,phase0-2026-05-20,roi_bgr,254,6525361,540,480,3,110,110
jfzxugsgnnvsrsg6,22095RA98C,480 Mbps,AMD Ryzen 5 5500,6.17.0-23-generic,phase0-2026-05-20,roi_bgr,255,6809503,540,480,3,110,110
jfzxugsgnnvsrsg6,22095RA98C,480 Mbps,AMD Ryzen 5 5500,6.17.0-23-generic,phase0-2026-05-20,roi_bgr,256,6970046,540,480,3,110,110
jfzxugsgnnvsrsg6,22095RA98C,480 Mbps,AMD Ryzen 5 5500,6.17.0-23-generic,phase0-2026-05-20,roi_bgr,257,7006469,540,480,3,110,110
jfzxugsgnnvsrsg6,22095RA98C,480 Mbps,AMD Ryzen 5 5500,6.17.0-23-generic,phase0-2026-05-20,roi_bgr,258,7481488,540,480,3,110,110
jfzxugsgnnvsrsg6,22095RA98C,480 Mbps,AMD Ryzen 5 5500,6.17.0-23-generic,phase0-2026-05-20,roi_bgr,259,8466506,540,480,3,110,110
jfzxugsgnnvsrsg6,22095RA98C,480 Mbps,AMD Ryzen 5 5500,6.17.0-23-generic,phase0-2026-05-20,roi_bgr,260,7587676,540,480,3,110,110
jfzxugsgnnvsrsg6,22095RA98C,480 Mbps,AMD Ryzen 5 5500,6.17.0-23-generic,phase0-2026-05-20,roi_bgr,261,7048053,540,480,3,110,110
jfzxugsgnnvsrsg6,22095RA98C,480 Mbps,AMD Ryzen 5 5500,6.17.0-23-generic,phase0-2026-05-20,roi_bgr,262,7107537,540,480,3,110,110
jfzxugsgnnvsrsg6,22095RA98C,480 Mbps,AMD Ryzen 5 5500,6.17.0-23-generic,phase0-2026-05-20,roi_bgr,263,7505239,540,480,3,110,110
jfzxugsgnnvsrsg6,22095RA98C,480 Mbps,AMD Ryzen 5 5500,6.17.0-23-generic,phase0-2026-05-20,roi_bgr,264,7140590,540,480,3,110,110
jfzxugsgnnvsrsg6,22095RA98C,480 Mbps,AMD Ryzen 5 5500,6.17.0-23-generic,phase0-2026-05-20,roi_bgr,265,8408591,540,480,3,110,110
jfzxugsgnnvsrsg6,22095RA98C,480 Mbps,AMD Ryzen 5 5500,6.17.0-23-generic,phase0-2026-05-20,roi_bgr,266,7887429,540,480,3,110,110
jfzxugsgnnvsrsg6,22095RA98C,480 Mbps,AMD Ryzen 5 5500,6.17.0-23-generic,phase0-2026-05-20,roi_bgr,267,7809803,540,480,3,110,110
jfzxugsgnnvsrsg6,22095RA98C,480 Mbps,AMD Ryzen 5 5500,6.17.0-23-generic,phase0-2026-05-20,roi_bgr,268,7848457,540,480,3,110,110
jfzxugsgnnvsrsg6,22095RA98C,480 Mbps,AMD Ryzen 5 5500,6.17.0-23-generic,phase0-2026-05-20,roi_bgr,269,6959876,540,480,3,110,110
jfzxugsgnnvsrsg6,22095RA98C,480 Mbps,AMD Ryzen 5 5500,6.17.0-23-generic,phase0-2026-05-20,roi_bgr,270,7164972,540,480,3,110,110
jfzxugsgnnvsrsg6,22095RA98C,480 Mbps,AMD Ryzen 5 5500,6.17.0-23-generic,phase0-2026-05-20,roi_bgr,271,7655291,540,480,3,110,110
jfzxugsgnnvsrsg6,22095RA98C,480 Mbps,AMD Ryzen 5 5500,6.17.0-23-generic,phase0-2026-05-20,roi_bgr,272,8564854,540,480,3,110,110
jfzxugsgnnvsrsg6,22095RA98C,480 Mbps,AMD Ryzen 5 5500,6.17.0-23-generic,phase0-2026-05-20,roi_bgr,273,6602867,540,480,3,110,110
jfzxugsgnnvsrsg6,22095RA98C,480 Mbps,AMD Ryzen 5 5500,6.17.0-23-generic,phase0-2026-05-20,roi_bgr,274,6849937,540,480,3,110,110
jfzxugsgnnvsrsg6,22095RA98C,480 Mbps,AMD Ryzen 5 5500,6.17.0-23-generic,phase0-2026-05-20,roi_bgr,275,6490187,540,480,3,110,110
jfzxugsgnnvsrsg6,22095RA98C,480 Mbps,AMD Ryzen 5 5500,6.17.0-23-generic,phase0-2026-05-20,roi_bgr,276,6526891,540,480,3,110,110
jfzxugsgnnvsrsg6,22095RA98C,480 Mbps,AMD Ryzen 5 5500,6.17.0-23-generic,phase0-2026-05-20,roi_bgr,277,7378679,540,480,3,110,110
jfzxugsgnnvsrsg6,22095RA98C,480 Mbps,AMD Ryzen 5 5500,6.17.0-23-generic,phase0-2026-05-20,roi_bgr,278,7257759,540,480,3,110,110
jfzxugsgnnvsrsg6,22095RA98C,480 Mbps,AMD Ryzen 5 5500,6.17.0-23-generic,phase0-2026-05-20,roi_bgr,279,7675493,540,480,3,110,110
jfzxugsgnnvsrsg6,22095RA98C,480 Mbps,AMD Ryzen 5 5500,6.17.0-23-generic,phase0-2026-05-20,roi_bgr,280,6725937,540,480,3,110,110
jfzxugsgnnvsrsg6,22095RA98C,480 Mbps,AMD Ryzen 5 5500,6.17.0-23-generic,phase0-2026-05-20,roi_bgr,281,6526931,540,480,3,110,110
jfzxugsgnnvsrsg6,22095RA98C,480 Mbps,AMD Ryzen 5 5500,6.17.0-23-generic,phase0-2026-05-20,roi_bgr,282,6498849,540,480,3,110,110
jfzxugsgnnvsrsg6,22095RA98C,480 Mbps,AMD Ryzen 5 5500,6.17.0-23-generic,phase0-2026-05-20,roi_bgr,283,6794662,540,480,3,110,110
jfzxugsgnnvsrsg6,22095RA98C,480 Mbps,AMD Ryzen 5 5500,6.17.0-23-generic,phase0-2026-05-20,roi_bgr,284,6925653,540,480,3,110,110
jfzxugsgnnvsrsg6,22095RA98C,480 Mbps,AMD Ryzen 5 5500,6.17.0-23-generic,phase0-2026-05-20,roi_bgr,285,6911102,540,480,3,110,110
jfzxugsgnnvsrsg6,22095RA98C,480 Mbps,AMD Ryzen 5 5500,6.17.0-23-generic,phase0-2026-05-20,roi_bgr,286,6949084,540,480,3,110,110
jfzxugsgnnvsrsg6,22095RA98C,480 Mbps,AMD Ryzen 5 5500,6.17.0-23-generic,phase0-2026-05-20,roi_bgr,287,7150940,540,480,3,110,110
jfzxugsgnnvsrsg6,22095RA98C,480 Mbps,AMD Ryzen 5 5500,6.17.0-23-generic,phase0-2026-05-20,roi_bgr,288,7111838,540,480,3,110,110
jfzxugsgnnvsrsg6,22095RA98C,480 Mbps,AMD Ryzen 5 5500,6.17.0-23-generic,phase0-2026-05-20,roi_bgr,289,7708696,540,480,3,110,110
jfzxugsgnnvsrsg6,22095RA98C,480 Mbps,AMD Ryzen 5 5500,6.17.0-23-generic,phase0-2026-05-20,roi_bgr,290,6737458,540,480,3,110,110
jfzxugsgnnvsrsg6,22095RA98C,480 Mbps,AMD Ryzen 5 5500,6.17.0-23-generic,phase0-2026-05-20,roi_bgr,291,7492988,540,480,3,110,110
jfzxugsgnnvsrsg6,22095RA98C,480 Mbps,AMD Ryzen 5 5500,6.17.0-23-generic,phase0-2026-05-20,roi_bgr,292,8026111,540,480,3,110,110
jfzxugsgnnvsrsg6,22095RA98C,480 Mbps,AMD Ryzen 5 5500,6.17.0-23-generic,phase0-2026-05-20,roi_bgr,293,7423743,540,480,3,110,110
jfzxugsgnnvsrsg6,22095RA98C,480 Mbps,AMD Ryzen 5 5500,6.17.0-23-generic,phase0-2026-05-20,roi_bgr,294,6758760,540,480,3,110,110
jfzxugsgnnvsrsg6,22095RA98C,480 Mbps,AMD Ryzen 5 5500,6.17.0-23-generic,phase0-2026-05-20,roi_bgr,295,7403051,540,480,3,110,110
jfzxugsgnnvsrsg6,22095RA98C,480 Mbps,AMD Ryzen 5 5500,6.17.0-23-generic,phase0-2026-05-20,roi_bgr,296,7590006,540,480,3,110,110
jfzxugsgnnvsrsg6,22095RA98C,480 Mbps,AMD Ryzen 5 5500,6.17.0-23-generic,phase0-2026-05-20,roi_bgr,297,6466906,540,480,3,110,110
jfzxugsgnnvsrsg6,22095RA98C,480 Mbps,AMD Ryzen 5 5500,6.17.0-23-generic,phase0-2026-05-20,roi_bgr,298,6309074,540,480,3,110,110
jfzxugsgnnvsrsg6,22095RA98C,480 Mbps,AMD Ryzen 5 5500,6.17.0-23-generic,phase0-2026-05-20,roi_bgr,299,6233068,540,480,3,110,110
jfzxugsgnnvsrsg6,22095RA98C,480 Mbps,AMD Ryzen 5 5500,6.17.0-23-generic,phase0-2026-05-20,roi_bgr,300,6393660,540,480,3,110,110
jfzxugsgnnvsrsg6,22095RA98C,480 Mbps,AMD Ryzen 5 5500,6.17.0-23-generic,phase0-2026-05-20,roi_bgr,301,6320165,540,480,3,110,110
jfzxugsgnnvsrsg6,22095RA98C,480 Mbps,AMD Ryzen 5 5500,6.17.0-23-generic,phase0-2026-05-20,roi_bgr,302,6367808,540,480,3,110,110
jfzxugsgnnvsrsg6,22095RA98C,480 Mbps,AMD Ryzen 5 5500,6.17.0-23-generic,phase0-2026-05-20,roi_bgr,303,6389140,540,480,3,110,110
jfzxugsgnnvsrsg6,22095RA98C,480 Mbps,AMD Ryzen 5 5500,6.17.0-23-generic,phase0-2026-05-20,roi_bgr,304,6409382,540,480,3,110,110
jfzxugsgnnvsrsg6,22095RA98C,480 Mbps,AMD Ryzen 5 5500,6.17.0-23-generic,phase0-2026-05-20,roi_bgr,305,7190314,540,480,3,110,110
jfzxugsgnnvsrsg6,22095RA98C,480 Mbps,AMD Ryzen 5 5500,6.17.0-23-generic,phase0-2026-05-20,roi_bgr,306,6720727,540,480,3,110,110
jfzxugsgnnvsrsg6,22095RA98C,480 Mbps,AMD Ryzen 5 5500,6.17.0-23-generic,phase0-2026-05-20,roi_bgr,307,8377988,540,480,3,110,110
jfzxugsgnnvsrsg6,22095RA98C,480 Mbps,AMD Ryzen 5 5500,6.17.0-23-generic,phase0-2026-05-20,roi_bgr,308,7300772,540,480,3,110,110
jfzxugsgnnvsrsg6,22095RA98C,480 Mbps,AMD Ryzen 5 5500,6.17.0-23-generic,phase0-2026-05-20,roi_bgr,309,6531561,540,480,3,110,110
jfzxugsgnnvsrsg6,22095RA98C,480 Mbps,AMD Ryzen 5 5500,6.17.0-23-generic,phase0-2026-05-20,roi_bgr,310,6560474,540,480,3,110,110
jfzxugsgnnvsrsg6,22095RA98C,480 Mbps,AMD Ryzen 5 5500,6.17.0-23-generic,phase0-2026-05-20,roi_bgr,311,7044823,540,480,3,110,110
jfzxugsgnnvsrsg6,22095RA98C,480 Mbps,AMD Ryzen 5 5500,6.17.0-23-generic,phase0-2026-05-20,roi_bgr,312,7265790,540,480,3,110,110
jfzxugsgnnvsrsg6,22095RA98C,480 Mbps,AMD Ryzen 5 5500,6.17.0-23-generic,phase0-2026-05-20,roi_bgr,313,7560293,540,480,3,110,110
jfzxugsgnnvsrsg6,22095RA98C,480 Mbps,AMD Ryzen 5 5500,6.17.0-23-generic,phase0-2026-05-20,roi_bgr,314,6900910,540,480,3,110,110
jfzxugsgnnvsrsg6,22095RA98C,480 Mbps,AMD Ryzen 5 5500,6.17.0-23-generic,phase0-2026-05-20,roi_bgr,315,6924622,540,480,3,110,110
jfzxugsgnnvsrsg6,22095RA98C,480 Mbps,AMD Ryzen 5 5500,6.17.0-23-generic,phase0-2026-05-20,roi_bgr,316,7532311,540,480,3,110,110
jfzxugsgnnvsrsg6,22095RA98C,480 Mbps,AMD Ryzen 5 5500,6.17.0-23-generic,phase0-2026-05-20,roi_bgr,317,8191144,540,480,3,110,110
jfzxugsgnnvsrsg6,22095RA98C,480 Mbps,AMD Ryzen 5 5500,6.17.0-23-generic,phase0-2026-05-20,roi_bgr,318,7538641,540,480,3,110,110
jfzxugsgnnvsrsg6,22095RA98C,480 Mbps,AMD Ryzen 5 5500,6.17.0-23-generic,phase0-2026-05-20,roi_bgr,319,7448114,540,480,3,110,110
jfzxugsgnnvsrsg6,22095RA98C,480 Mbps,AMD Ryzen 5 5500,6.17.0-23-generic,phase0-2026-05-20,roi_bgr,320,7294953,540,480,3,110,110
jfzxugsgnnvsrsg6,22095RA98C,480 Mbps,AMD Ryzen 5 5500,6.17.0-23-generic,phase0-2026-05-20,roi_bgr,321,6422332,540,480,3,110,110
jfzxugsgnnvsrsg6,22095RA98C,480 Mbps,AMD Ryzen 5 5500,6.17.0-23-generic,phase0-2026-05-20,roi_bgr,322,6324855,540,480,3,110,110
jfzxugsgnnvsrsg6,22095RA98C,480 Mbps,AMD Ryzen 5 5500,6.17.0-23-generic,phase0-2026-05-20,roi_bgr,323,6262090,540,480,3,110,110
jfzxugsgnnvsrsg6,22095RA98C,480 Mbps,AMD Ryzen 5 5500,6.17.0-23-generic,phase0-2026-05-20,roi_bgr,324,6204765,540,480,3,110,110
jfzxugsgnnvsrsg6,22095RA98C,480 Mbps,AMD Ryzen 5 5500,6.17.0-23-generic,phase0-2026-05-20,roi_bgr,325,6223066,540,480,3,110,110
jfzxugsgnnvsrsg6,22095RA98C,480 Mbps,AMD Ryzen 5 5500,6.17.0-23-generic,phase0-2026-05-20,roi_bgr,326,6170693,540,480,3,110,110
jfzxugsgnnvsrsg6,22095RA98C,480 Mbps,AMD Ryzen 5 5500,6.17.0-23-generic,phase0-2026-05-20,roi_bgr,327,6190204,540,480,3,110,110
jfzxugsgnnvsrsg6,22095RA98C,480 Mbps,AMD Ryzen 5 5500,6.17.0-23-generic,phase0-2026-05-20,roi_bgr,328,6187774,540,480,3,110,110
jfzxugsgnnvsrsg6,22095RA98C,480 Mbps,AMD Ryzen 5 5500,6.17.0-23-generic,phase0-2026-05-20,roi_bgr,329,6329065,540,480,3,110,110
jfzxugsgnnvsrsg6,22095RA98C,480 Mbps,AMD Ryzen 5 5500,6.17.0-23-generic,phase0-2026-05-20,roi_bgr,330,6579896,540,480,3,110,110
jfzxugsgnnvsrsg6,22095RA98C,480 Mbps,AMD Ryzen 5 5500,6.17.0-23-generic,phase0-2026-05-20,roi_bgr,331,6390590,540,480,3,110,110
jfzxugsgnnvsrsg6,22095RA98C,480 Mbps,AMD Ryzen 5 5500,6.17.0-23-generic,phase0-2026-05-20,roi_bgr,332,6589746,540,480,3,110,110
jfzxugsgnnvsrsg6,22095RA98C,480 Mbps,AMD Ryzen 5 5500,6.17.0-23-generic,phase0-2026-05-20,roi_bgr,333,7574995,540,480,3,110,110
jfzxugsgnnvsrsg6,22095RA98C,480 Mbps,AMD Ryzen 5 5500,6.17.0-23-generic,phase0-2026-05-20,roi_bgr,334,6724396,540,480,3,110,110
jfzxugsgnnvsrsg6,22095RA98C,480 Mbps,AMD Ryzen 5 5500,6.17.0-23-generic,phase0-2026-05-20,roi_bgr,335,7048999,540,480,3,110,110
jfzxugsgnnvsrsg6,22095RA98C,480 Mbps,AMD Ryzen 5 5500,6.17.0-23-generic,phase0-2026-05-20,roi_bgr,336,7919358,540,480,3,110,110
jfzxugsgnnvsrsg6,22095RA98C,480 Mbps,AMD Ryzen 5 5500,6.17.0-23-generic,phase0-2026-05-20,roi_bgr,337,8049898,540,480,3,110,110
jfzxugsgnnvsrsg6,22095RA98C,480 Mbps,AMD Ryzen 5 5500,6.17.0-23-generic,phase0-2026-05-20,roi_bgr,338,8132585,540,480,3,110,110
jfzxugsgnnvsrsg6,22095RA98C,480 Mbps,AMD Ryzen 5 5500,6.17.0-23-generic,phase0-2026-05-20,roi_bgr,339,7561919,540,480,3,110,110
jfzxugsgnnvsrsg6,22095RA98C,480 Mbps,AMD Ryzen 5 5500,6.17.0-23-generic,phase0-2026-05-20,roi_bgr,340,7507475,540,480,3,110,110
jfzxugsgnnvsrsg6,22095RA98C,480 Mbps,AMD Ryzen 5 5500,6.17.0-23-generic,phase0-2026-05-20,roi_bgr,341,6945320,540,480,3,110,110
jfzxugsgnnvsrsg6,22095RA98C,480 Mbps,AMD Ryzen 5 5500,6.17.0-23-generic,phase0-2026-05-20,roi_bgr,342,7401116,540,480,3,110,110
jfzxugsgnnvsrsg6,22095RA98C,480 Mbps,AMD Ryzen 5 5500,6.17.0-23-generic,phase0-2026-05-20,roi_bgr,343,6842883,540,480,3,110,110
jfzxugsgnnvsrsg6,22095RA98C,480 Mbps,AMD Ryzen 5 5500,6.17.0-23-generic,phase0-2026-05-20,roi_bgr,344,6727663,540,480,3,110,110
jfzxugsgnnvsrsg6,22095RA98C,480 Mbps,AMD Ryzen 5 5500,6.17.0-23-generic,phase0-2026-05-20,roi_bgr,345,6638126,540,480,3,110,110
jfzxugsgnnvsrsg6,22095RA98C,480 Mbps,AMD Ryzen 5 5500,6.17.0-23-generic,phase0-2026-05-20,roi_bgr,346,6586082,540,480,3,110,110
jfzxugsgnnvsrsg6,22095RA98C,480 Mbps,AMD Ryzen 5 5500,6.17.0-23-generic,phase0-2026-05-20,roi_bgr,347,7313200,540,480,3,110,110
jfzxugsgnnvsrsg6,22095RA98C,480 Mbps,AMD Ryzen 5 5500,6.17.0-23-generic,phase0-2026-05-20,roi_bgr,348,7524247,540,480,3,110,110
jfzxugsgnnvsrsg6,22095RA98C,480 Mbps,AMD Ryzen 5 5500,6.17.0-23-generic,phase0-2026-05-20,roi_bgr,349,7165558,540,480,3,110,110
jfzxugsgnnvsrsg6,22095RA98C,480 Mbps,AMD Ryzen 5 5500,6.17.0-23-generic,phase0-2026-05-20,roi_bgr,350,7129705,540,480,3,110,110
jfzxugsgnnvsrsg6,22095RA98C,480 Mbps,AMD Ryzen 5 5500,6.17.0-23-generic,phase0-2026-05-20,roi_bgr,351,6784958,540,480,3,110,110
jfzxugsgnnvsrsg6,22095RA98C,480 Mbps,AMD Ryzen 5 5500,6.17.0-23-generic,phase0-2026-05-20,roi_bgr,352,7200411,540,480,3,110,110
jfzxugsgnnvsrsg6,22095RA98C,480 Mbps,AMD Ryzen 5 5500,6.17.0-23-generic,phase0-2026-05-20,roi_bgr,353,7251795,540,480,3,110,110
jfzxugsgnnvsrsg6,22095RA98C,480 Mbps,AMD Ryzen 5 5500,6.17.0-23-generic,phase0-2026-05-20,roi_bgr,354,7208011,540,480,3,110,110
jfzxugsgnnvsrsg6,22095RA98C,480 Mbps,AMD Ryzen 5 5500,6.17.0-23-generic,phase0-2026-05-20,roi_bgr,355,7689059,540,480,3,110,110
jfzxugsgnnvsrsg6,22095RA98C,480 Mbps,AMD Ryzen 5 5500,6.17.0-23-generic,phase0-2026-05-20,roi_bgr,356,7817100,540,480,3,110,110
jfzxugsgnnvsrsg6,22095RA98C,480 Mbps,AMD Ryzen 5 5500,6.17.0-23-generic,phase0-2026-05-20,roi_bgr,357,7238694,540,480,3,110,110
jfzxugsgnnvsrsg6,22095RA98C,480 Mbps,AMD Ryzen 5 5500,6.17.0-23-generic,phase0-2026-05-20,roi_bgr,358,7859673,540,480,3,110,110
jfzxugsgnnvsrsg6,22095RA98C,480 Mbps,AMD Ryzen 5 5500,6.17.0-23-generic,phase0-2026-05-20,roi_bgr,359,7619004,540,480,3,110,110
jfzxugsgnnvsrsg6,22095RA98C,480 Mbps,AMD Ryzen 5 5500,6.17.0-23-generic,phase0-2026-05-20,roi_bgr,360,7888635,540,480,3,110,110
jfzxugsgnnvsrsg6,22095RA98C,480 Mbps,AMD Ryzen 5 5500,6.17.0-23-generic,phase0-2026-05-20,roi_bgr,361,7211772,540,480,3,110,110
jfzxugsgnnvsrsg6,22095RA98C,480 Mbps,AMD Ryzen 5 5500,6.17.0-23-generic,phase0-2026-05-20,roi_bgr,362,7522016,540,480,3,110,110
jfzxugsgnnvsrsg6,22095RA98C,480 Mbps,AMD Ryzen 5 5500,6.17.0-23-generic,phase0-2026-05-20,roi_bgr,363,6435290,540,480,3,110,110
jfzxugsgnnvsrsg6,22095RA98C,480 Mbps,AMD Ryzen 5 5500,6.17.0-23-generic,phase0-2026-05-20,roi_bgr,364,6619345,540,480,3,110,110
jfzxugsgnnvsrsg6,22095RA98C,480 Mbps,AMD Ryzen 5 5500,6.17.0-23-generic,phase0-2026-05-20,roi_bgr,365,7124204,540,480,3,110,110
jfzxugsgnnvsrsg6,22095RA98C,480 Mbps,AMD Ryzen 5 5500,6.17.0-23-generic,phase0-2026-05-20,roi_bgr,366,8512344,540,480,3,110,110
jfzxugsgnnvsrsg6,22095RA98C,480 Mbps,AMD Ryzen 5 5500,6.17.0-23-generic,phase0-2026-05-20,roi_bgr,367,7076021,540,480,3,110,110
jfzxugsgnnvsrsg6,22095RA98C,480 Mbps,AMD Ryzen 5 5500,6.17.0-23-generic,phase0-2026-05-20,roi_bgr,368,6815520,540,480,3,110,110
jfzxugsgnnvsrsg6,22095RA98C,480 Mbps,AMD Ryzen 5 5500,6.17.0-23-generic,phase0-2026-05-20,roi_bgr,369,6682030,540,480,3,110,110
jfzxugsgnnvsrsg6,22095RA98C,480 Mbps,AMD Ryzen 5 5500,6.17.0-23-generic,phase0-2026-05-20,roi_bgr,370,6637156,540,480,3,110,110
jfzxugsgnnvsrsg6,22095RA98C,480 Mbps,AMD Ryzen 5 5500,6.17.0-23-generic,phase0-2026-05-20,roi_bgr,371,6741055,540,480,3,110,110
jfzxugsgnnvsrsg6,22095RA98C,480 Mbps,AMD Ryzen 5 5500,6.17.0-23-generic,phase0-2026-05-20,roi_bgr,372,6782337,540,480,3,110,110
jfzxugsgnnvsrsg6,22095RA98C,480 Mbps,AMD Ryzen 5 5500,6.17.0-23-generic,phase0-2026-05-20,roi_bgr,373,6974283,540,480,3,110,110
jfzxugsgnnvsrsg6,22095RA98C,480 Mbps,AMD Ryzen 5 5500,6.17.0-23-generic,phase0-2026-05-20,roi_bgr,374,7510766,540,480,3,110,110
jfzxugsgnnvsrsg6,22095RA98C,480 Mbps,AMD Ryzen 5 5500,6.17.0-23-generic,phase0-2026-05-20,roi_bgr,375,7100963,540,480,3,110,110
jfzxugsgnnvsrsg6,22095RA98C,480 Mbps,AMD Ryzen 5 5500,6.17.0-23-generic,phase0-2026-05-20,roi_bgr,376,8077170,540,480,3,110,110
jfzxugsgnnvsrsg6,22095RA98C,480 Mbps,AMD Ryzen 5 5500,6.17.0-23-generic,phase0-2026-05-20,roi_bgr,377,7024157,540,480,3,110,110
jfzxugsgnnvsrsg6,22095RA98C,480 Mbps,AMD Ryzen 5 5500,6.17.0-23-generic,phase0-2026-05-20,roi_bgr,378,7064700,540,480,3,110,110
jfzxugsgnnvsrsg6,22095RA98C,480 Mbps,AMD Ryzen 5 5500,6.17.0-23-generic,phase0-2026-05-20,roi_bgr,379,7172318,540,480,3,110,110
jfzxugsgnnvsrsg6,22095RA98C,480 Mbps,AMD Ryzen 5 5500,6.17.0-23-generic,phase0-2026-05-20,roi_bgr,380,6590962,540,480,3,110,110
jfzxugsgnnvsrsg6,22095RA98C,480 Mbps,AMD Ryzen 5 5500,6.17.0-23-generic,phase0-2026-05-20,roi_bgr,381,6457402,540,480,3,110,110
jfzxugsgnnvsrsg6,22095RA98C,480 Mbps,AMD Ryzen 5 5500,6.17.0-23-generic,phase0-2026-05-20,roi_bgr,382,7292128,540,480,3,110,110
jfzxugsgnnvsrsg6,22095RA98C,480 Mbps,AMD Ryzen 5 5500,6.17.0-23-generic,phase0-2026-05-20,roi_bgr,383,7388986,540,480,3,110,110
jfzxugsgnnvsrsg6,22095RA98C,480 Mbps,AMD Ryzen 5 5500,6.17.0-23-generic,phase0-2026-05-20,roi_bgr,384,7074691,540,480,3,110,110
jfzxugsgnnvsrsg6,22095RA98C,480 Mbps,AMD Ryzen 5 5500,6.17.0-23-generic,phase0-2026-05-20,roi_bgr,385,7323670,540,480,3,110,110
jfzxugsgnnvsrsg6,22095RA98C,480 Mbps,AMD Ryzen 5 5500,6.17.0-23-generic,phase0-2026-05-20,roi_bgr,386,6562280,540,480,3,110,110
jfzxugsgnnvsrsg6,22095RA98C,480 Mbps,AMD Ryzen 5 5500,6.17.0-23-generic,phase0-2026-05-20,roi_bgr,387,6396537,540,480,3,110,110
jfzxugsgnnvsrsg6,22095RA98C,480 Mbps,AMD Ryzen 5 5500,6.17.0-23-generic,phase0-2026-05-20,roi_bgr,388,6298609,540,480,3,110,110
jfzxugsgnnvsrsg6,22095RA98C,480 Mbps,AMD Ryzen 5 5500,6.17.0-23-generic,phase0-2026-05-20,roi_bgr,389,6191581,540,480,3,110,110
jfzxugsgnnvsrsg6,22095RA98C,480 Mbps,AMD Ryzen 5 5500,6.17.0-23-generic,phase0-2026-05-20,roi_bgr,390,6291718,540,480,3,110,110
jfzxugsgnnvsrsg6,22095RA98C,480 Mbps,AMD Ryzen 5 5500,6.17.0-23-generic,phase0-2026-05-20,roi_bgr,391,6317181,540,480,3,110,110
jfzxugsgnnvsrsg6,22095RA98C,480 Mbps,AMD Ryzen 5 5500,6.17.0-23-generic,phase0-2026-05-20,roi_bgr,392,6406148,540,480,3,110,110
jfzxugsgnnvsrsg6,22095RA98C,480 Mbps,AMD Ryzen 5 5500,6.17.0-23-generic,phase0-2026-05-20,roi_bgr,393,7398136,540,480,3,110,110
jfzxugsgnnvsrsg6,22095RA98C,480 Mbps,AMD Ryzen 5 5500,6.17.0-23-generic,phase0-2026-05-20,roi_bgr,394,7635715,540,480,3,110,110
jfzxugsgnnvsrsg6,22095RA98C,480 Mbps,AMD Ryzen 5 5500,6.17.0-23-generic,phase0-2026-05-20,roi_bgr,395,8807828,540,480,3,110,110
jfzxugsgnnvsrsg6,22095RA98C,480 Mbps,AMD Ryzen 5 5500,6.17.0-23-generic,phase0-2026-05-20,roi_bgr,396,7025497,540,480,3,110,110
jfzxugsgnnvsrsg6,22095RA98C,480 Mbps,AMD Ryzen 5 5500,6.17.0-23-generic,phase0-2026-05-20,roi_bgr,397,6596193,540,480,3,110,110
jfzxugsgnnvsrsg6,22095RA98C,480 Mbps,AMD Ryzen 5 5500,6.17.0-23-generic,phase0-2026-05-20,roi_bgr,398,6578132,540,480,3,110,110
jfzxugsgnnvsrsg6,22095RA98C,480 Mbps,AMD Ryzen 5 5500,6.17.0-23-generic,phase0-2026-05-20,roi_bgr,399,6493314,540,480,3,110,110
jfzxugsgnnvsrsg6,22095RA98C,480 Mbps,AMD Ryzen 5 5500,6.17.0-23-generic,phase0-2026-05-20,roi_bgr,400,6805010,540,480,3,110,110
jfzxugsgnnvsrsg6,22095RA98C,480 Mbps,AMD Ryzen 5 5500,6.17.0-23-generic,phase0-2026-05-20,roi_bgr,401,7355123,540,480,3,110,110
jfzxugsgnnvsrsg6,22095RA98C,480 Mbps,AMD Ryzen 5 5500,6.17.0-23-generic,phase0-2026-05-20,roi_bgr,402,6908178,540,480,3,110,110
jfzxugsgnnvsrsg6,22095RA98C,480 Mbps,AMD Ryzen 5 5500,6.17.0-23-generic,phase0-2026-05-20,roi_bgr,403,7057789,540,480,3,110,110
jfzxugsgnnvsrsg6,22095RA98C,480 Mbps,AMD Ryzen 5 5500,6.17.0-23-generic,phase0-2026-05-20,roi_bgr,404,7059949,540,480,3,110,110
jfzxugsgnnvsrsg6,22095RA98C,480 Mbps,AMD Ryzen 5 5500,6.17.0-23-generic,phase0-2026-05-20,roi_bgr,405,7224323,540,480,3,110,110
jfzxugsgnnvsrsg6,22095RA98C,480 Mbps,AMD Ryzen 5 5500,6.17.0-23-generic,phase0-2026-05-20,roi_bgr,406,7400107,540,480,3,110,110
jfzxugsgnnvsrsg6,22095RA98C,480 Mbps,AMD Ryzen 5 5500,6.17.0-23-generic,phase0-2026-05-20,roi_bgr,407,7763445,540,480,3,110,110
jfzxugsgnnvsrsg6,22095RA98C,480 Mbps,AMD Ryzen 5 5500,6.17.0-23-generic,phase0-2026-05-20,roi_bgr,408,7184270,540,480,3,110,110
jfzxugsgnnvsrsg6,22095RA98C,480 Mbps,AMD Ryzen 5 5500,6.17.0-23-generic,phase0-2026-05-20,roi_bgr,409,7557329,540,480,3,110,110
jfzxugsgnnvsrsg6,22095RA98C,480 Mbps,AMD Ryzen 5 5500,6.17.0-23-generic,phase0-2026-05-20,roi_bgr,410,7253205,540,480,3,110,110
jfzxugsgnnvsrsg6,22095RA98C,480 Mbps,AMD Ryzen 5 5500,6.17.0-23-generic,phase0-2026-05-20,roi_bgr,411,8110033,540,480,3,110,110
jfzxugsgnnvsrsg6,22095RA98C,480 Mbps,AMD Ryzen 5 5500,6.17.0-23-generic,phase0-2026-05-20,roi_bgr,412,6825391,540,480,3,110,110
jfzxugsgnnvsrsg6,22095RA98C,480 Mbps,AMD Ryzen 5 5500,6.17.0-23-generic,phase0-2026-05-20,roi_bgr,413,6590993,540,480,3,110,110
jfzxugsgnnvsrsg6,22095RA98C,480 Mbps,AMD Ryzen 5 5500,6.17.0-23-generic,phase0-2026-05-20,roi_bgr,414,6479603,540,480,3,110,110
jfzxugsgnnvsrsg6,22095RA98C,480 Mbps,AMD Ryzen 5 5500,6.17.0-23-generic,phase0-2026-05-20,roi_bgr,415,6567371,540,480,3,110,110
jfzxugsgnnvsrsg6,22095RA98C,480 Mbps,AMD Ryzen 5 5500,6.17.0-23-generic,phase0-2026-05-20,roi_bgr,416,6361994,540,480,3,110,110
jfzxugsgnnvsrsg6,22095RA98C,480 Mbps,AMD Ryzen 5 5500,6.17.0-23-generic,phase0-2026-05-20,roi_bgr,417,6401598,540,480,3,110,110
jfzxugsgnnvsrsg6,22095RA98C,480 Mbps,AMD Ryzen 5 5500,6.17.0-23-generic,phase0-2026-05-20,roi_bgr,418,6501305,540,480,3,110,110
jfzxugsgnnvsrsg6,22095RA98C,480 Mbps,AMD Ryzen 5 5500,6.17.0-23-generic,phase0-2026-05-20,roi_bgr,419,6737004,540,480,3,110,110
jfzxugsgnnvsrsg6,22095RA98C,480 Mbps,AMD Ryzen 5 5500,6.17.0-23-generic,phase0-2026-05-20,roi_bgr,420,7369954,540,480,3,110,110
jfzxugsgnnvsrsg6,22095RA98C,480 Mbps,AMD Ryzen 5 5500,6.17.0-23-generic,phase0-2026-05-20,roi_bgr,421,7506765,540,480,3,110,110
jfzxugsgnnvsrsg6,22095RA98C,480 Mbps,AMD Ryzen 5 5500,6.17.0-23-generic,phase0-2026-05-20,roi_bgr,422,8054928,540,480,3,110,110
jfzxugsgnnvsrsg6,22095RA98C,480 Mbps,AMD Ryzen 5 5500,6.17.0-23-generic,phase0-2026-05-20,roi_bgr,423,8907595,540,480,3,110,110
jfzxugsgnnvsrsg6,22095RA98C,480 Mbps,AMD Ryzen 5 5500,6.17.0-23-generic,phase0-2026-05-20,roi_bgr,424,6877325,540,480,3,110,110
jfzxugsgnnvsrsg6,22095RA98C,480 Mbps,AMD Ryzen 5 5500,6.17.0-23-generic,phase0-2026-05-20,roi_bgr,425,6723313,540,480,3,110,110
jfzxugsgnnvsrsg6,22095RA98C,480 Mbps,AMD Ryzen 5 5500,6.17.0-23-generic,phase0-2026-05-20,roi_bgr,426,8140395,540,480,3,110,110
jfzxugsgnnvsrsg6,22095RA98C,480 Mbps,AMD Ryzen 5 5500,6.17.0-23-generic,phase0-2026-05-20,roi_bgr,427,7597112,540,480,3,110,110
jfzxugsgnnvsrsg6,22095RA98C,480 Mbps,AMD Ryzen 5 5500,6.17.0-23-generic,phase0-2026-05-20,roi_bgr,428,7074750,540,480,3,110,110
jfzxugsgnnvsrsg6,22095RA98C,480 Mbps,AMD Ryzen 5 5500,6.17.0-23-generic,phase0-2026-05-20,roi_bgr,429,7779426,540,480,3,110,110
jfzxugsgnnvsrsg6,22095RA98C,480 Mbps,AMD Ryzen 5 5500,6.17.0-23-generic,phase0-2026-05-20,roi_bgr,430,6869324,540,480,3,110,110
jfzxugsgnnvsrsg6,22095RA98C,480 Mbps,AMD Ryzen 5 5500,6.17.0-23-generic,phase0-2026-05-20,roi_bgr,431,6922229,540,480,3,110,110
jfzxugsgnnvsrsg6,22095RA98C,480 Mbps,AMD Ryzen 5 5500,6.17.0-23-generic,phase0-2026-05-20,roi_bgr,432,6916758,540,480,3,110,110
jfzxugsgnnvsrsg6,22095RA98C,480 Mbps,AMD Ryzen 5 5500,6.17.0-23-generic,phase0-2026-05-20,roi_bgr,433,7284298,540,480,3,110,110
jfzxugsgnnvsrsg6,22095RA98C,480 Mbps,AMD Ryzen 5 5500,6.17.0-23-generic,phase0-2026-05-20,roi_bgr,434,6725513,540,480,3,110,110
jfzxugsgnnvsrsg6,22095RA98C,480 Mbps,AMD Ryzen 5 5500,6.17.0-23-generic,phase0-2026-05-20,roi_bgr,435,6529978,540,480,3,110,110
jfzxugsgnnvsrsg6,22095RA98C,480 Mbps,AMD Ryzen 5 5500,6.17.0-23-generic,phase0-2026-05-20,roi_bgr,436,7432039,540,480,3,110,110
jfzxugsgnnvsrsg6,22095RA98C,480 Mbps,AMD Ryzen 5 5500,6.17.0-23-generic,phase0-2026-05-20,roi_bgr,437,7011886,540,480,3,110,110
jfzxugsgnnvsrsg6,22095RA98C,480 Mbps,AMD Ryzen 5 5500,6.17.0-23-generic,phase0-2026-05-20,roi_bgr,438,7426638,540,480,3,110,110
jfzxugsgnnvsrsg6,22095RA98C,480 Mbps,AMD Ryzen 5 5500,6.17.0-23-generic,phase0-2026-05-20,roi_bgr,439,6672608,540,480,3,110,110
jfzxugsgnnvsrsg6,22095RA98C,480 Mbps,AMD Ryzen 5 5500,6.17.0-23-generic,phase0-2026-05-20,roi_bgr,440,7080152,540,480,3,110,110
jfzxugsgnnvsrsg6,22095RA98C,480 Mbps,AMD Ryzen 5 5500,6.17.0-23-generic,phase0-2026-05-20,roi_bgr,441,6758986,540,480,3,110,110
jfzxugsgnnvsrsg6,22095RA98C,480 Mbps,AMD Ryzen 5 5500,6.17.0-23-generic,phase0-2026-05-20,roi_bgr,442,7833070,540,480,3,110,110
jfzxugsgnnvsrsg6,22095RA98C,480 Mbps,AMD Ryzen 5 5500,6.17.0-23-generic,phase0-2026-05-20,roi_bgr,443,7487573,540,480,3,110,110
jfzxugsgnnvsrsg6,22095RA98C,480 Mbps,AMD Ryzen 5 5500,6.17.0-23-generic,phase0-2026-05-20,roi_bgr,444,7314560,540,480,3,110,110
jfzxugsgnnvsrsg6,22095RA98C,480 Mbps,AMD Ryzen 5 5500,6.17.0-23-generic,phase0-2026-05-20,roi_bgr,445,6691150,540,480,3,110,110
jfzxugsgnnvsrsg6,22095RA98C,480 Mbps,AMD Ryzen 5 5500,6.17.0-23-generic,phase0-2026-05-20,roi_bgr,446,6374375,540,480,3,110,110
jfzxugsgnnvsrsg6,22095RA98C,480 Mbps,AMD Ryzen 5 5500,6.17.0-23-generic,phase0-2026-05-20,roi_bgr,447,7030517,540,480,3,110,110
jfzxugsgnnvsrsg6,22095RA98C,480 Mbps,AMD Ryzen 5 5500,6.17.0-23-generic,phase0-2026-05-20,roi_bgr,448,7180719,540,480,3,110,110
jfzxugsgnnvsrsg6,22095RA98C,480 Mbps,AMD Ryzen 5 5500,6.17.0-23-generic,phase0-2026-05-20,roi_bgr,449,6532778,540,480,3,110,110
jfzxugsgnnvsrsg6,22095RA98C,480 Mbps,AMD Ryzen 5 5500,6.17.0-23-generic,phase0-2026-05-20,roi_bgr,450,7091352,540,480,3,110,110
jfzxugsgnnvsrsg6,22095RA98C,480 Mbps,AMD Ryzen 5 5500,6.17.0-23-generic,phase0-2026-05-20,roi_bgr,451,6717542,540,480,3,110,110
jfzxugsgnnvsrsg6,22095RA98C,480 Mbps,AMD Ryzen 5 5500,6.17.0-23-generic,phase0-2026-05-20,roi_bgr,452,6537258,540,480,3,110,110
jfzxugsgnnvsrsg6,22095RA98C,480 Mbps,AMD Ryzen 5 5500,6.17.0-23-generic,phase0-2026-05-20,roi_bgr,453,8625314,540,480,3,110,110
jfzxugsgnnvsrsg6,22095RA98C,480 Mbps,AMD Ryzen 5 5500,6.17.0-23-generic,phase0-2026-05-20,roi_bgr,454,7188059,540,480,3,110,110
jfzxugsgnnvsrsg6,22095RA98C,480 Mbps,AMD Ryzen 5 5500,6.17.0-23-generic,phase0-2026-05-20,roi_bgr,455,6585332,540,480,3,110,110
jfzxugsgnnvsrsg6,22095RA98C,480 Mbps,AMD Ryzen 5 5500,6.17.0-23-generic,phase0-2026-05-20,roi_bgr,456,6887305,540,480,3,110,110
jfzxugsgnnvsrsg6,22095RA98C,480 Mbps,AMD Ryzen 5 5500,6.17.0-23-generic,phase0-2026-05-20,roi_bgr,457,7107053,540,480,3,110,110
jfzxugsgnnvsrsg6,22095RA98C,480 Mbps,AMD Ryzen 5 5500,6.17.0-23-generic,phase0-2026-05-20,roi_bgr,458,6834892,540,480,3,110,110
jfzxugsgnnvsrsg6,22095RA98C,480 Mbps,AMD Ryzen 5 5500,6.17.0-23-generic,phase0-2026-05-20,roi_bgr,459,6876075,540,480,3,110,110
jfzxugsgnnvsrsg6,22095RA98C,480 Mbps,AMD Ryzen 5 5500,6.17.0-23-generic,phase0-2026-05-20,roi_bgr,460,6963412,540,480,3,110,110
jfzxugsgnnvsrsg6,22095RA98C,480 Mbps,AMD Ryzen 5 5500,6.17.0-23-generic,phase0-2026-05-20,roi_bgr,461,7300648,540,480,3,110,110
jfzxugsgnnvsrsg6,22095RA98C,480 Mbps,AMD Ryzen 5 5500,6.17.0-23-generic,phase0-2026-05-20,roi_bgr,462,7355663,540,480,3,110,110
jfzxugsgnnvsrsg6,22095RA98C,480 Mbps,AMD Ryzen 5 5500,6.17.0-23-generic,phase0-2026-05-20,roi_bgr,463,7571570,540,480,3,110,110
jfzxugsgnnvsrsg6,22095RA98C,480 Mbps,AMD Ryzen 5 5500,6.17.0-23-generic,phase0-2026-05-20,roi_bgr,464,6533838,540,480,3,110,110
jfzxugsgnnvsrsg6,22095RA98C,480 Mbps,AMD Ryzen 5 5500,6.17.0-23-generic,phase0-2026-05-20,roi_bgr,465,6528627,540,480,3,110,110
jfzxugsgnnvsrsg6,22095RA98C,480 Mbps,AMD Ryzen 5 5500,6.17.0-23-generic,phase0-2026-05-20,roi_bgr,466,7425768,540,480,3,110,110
jfzxugsgnnvsrsg6,22095RA98C,480 Mbps,AMD Ryzen 5 5500,6.17.0-23-generic,phase0-2026-05-20,roi_bgr,467,6950701,540,480,3,110,110
jfzxugsgnnvsrsg6,22095RA98C,480 Mbps,AMD Ryzen 5 5500,6.17.0-23-generic,phase0-2026-05-20,roi_bgr,468,6293789,540,480,3,110,110
jfzxugsgnnvsrsg6,22095RA98C,480 Mbps,AMD Ryzen 5 5500,6.17.0-23-generic,phase0-2026-05-20,roi_bgr,469,6258076,540,480,3,110,110
jfzxugsgnnvsrsg6,22095RA98C,480 Mbps,AMD Ryzen 5 5500,6.17.0-23-generic,phase0-2026-05-20,roi_bgr,470,6346463,540,480,3,110,110
jfzxugsgnnvsrsg6,22095RA98C,480 Mbps,AMD Ryzen 5 5500,6.17.0-23-generic,phase0-2026-05-20,roi_bgr,471,6613874,540,480,3,110,110
jfzxugsgnnvsrsg6,22095RA98C,480 Mbps,AMD Ryzen 5 5500,6.17.0-23-generic,phase0-2026-05-20,roi_bgr,472,6335252,540,480,3,110,110
jfzxugsgnnvsrsg6,22095RA98C,480 Mbps,AMD Ryzen 5 5500,6.17.0-23-generic,phase0-2026-05-20,roi_bgr,473,6392866,540,480,3,110,110
jfzxugsgnnvsrsg6,22095RA98C,480 Mbps,AMD Ryzen 5 5500,6.17.0-23-generic,phase0-2026-05-20,roi_bgr,474,6370584,540,480,3,110,110
jfzxugsgnnvsrsg6,22095RA98C,480 Mbps,AMD Ryzen 5 5500,6.17.0-23-generic,phase0-2026-05-20,roi_bgr,475,6575971,540,480,3,110,110
jfzxugsgnnvsrsg6,22095RA98C,480 Mbps,AMD Ryzen 5 5500,6.17.0-23-generic,phase0-2026-05-20,roi_bgr,476,7278502,540,480,3,110,110
jfzxugsgnnvsrsg6,22095RA98C,480 Mbps,AMD Ryzen 5 5500,6.17.0-23-generic,phase0-2026-05-20,roi_bgr,477,6449997,540,480,3,110,110
jfzxugsgnnvsrsg6,22095RA98C,480 Mbps,AMD Ryzen 5 5500,6.17.0-23-generic,phase0-2026-05-20,roi_bgr,478,7145682,540,480,3,110,110
jfzxugsgnnvsrsg6,22095RA98C,480 Mbps,AMD Ryzen 5 5500,6.17.0-23-generic,phase0-2026-05-20,roi_bgr,479,6780703,540,480,3,110,110
jfzxugsgnnvsrsg6,22095RA98C,480 Mbps,AMD Ryzen 5 5500,6.17.0-23-generic,phase0-2026-05-20,roi_bgr,480,6728989,540,480,3,110,110
jfzxugsgnnvsrsg6,22095RA98C,480 Mbps,AMD Ryzen 5 5500,6.17.0-23-generic,phase0-2026-05-20,roi_bgr,481,6575338,540,480,3,110,110
jfzxugsgnnvsrsg6,22095RA98C,480 Mbps,AMD Ryzen 5 5500,6.17.0-23-generic,phase0-2026-05-20,roi_bgr,482,7410583,540,480,3,110,110
jfzxugsgnnvsrsg6,22095RA98C,480 Mbps,AMD Ryzen 5 5500,6.17.0-23-generic,phase0-2026-05-20,roi_bgr,483,8313514,540,480,3,110,110
jfzxugsgnnvsrsg6,22095RA98C,480 Mbps,AMD Ryzen 5 5500,6.17.0-23-generic,phase0-2026-05-20,roi_bgr,484,6925955,540,480,3,110,110
jfzxugsgnnvsrsg6,22095RA98C,480 Mbps,AMD Ryzen 5 5500,6.17.0-23-generic,phase0-2026-05-20,roi_bgr,485,7495480,540,480,3,110,110
jfzxugsgnnvsrsg6,22095RA98C,480 Mbps,AMD Ryzen 5 5500,6.17.0-23-generic,phase0-2026-05-20,roi_bgr,486,7104659,540,480,3,110,110
jfzxugsgnnvsrsg6,22095RA98C,480 Mbps,AMD Ryzen 5 5500,6.17.0-23-generic,phase0-2026-05-20,roi_bgr,487,6948177,540,480,3,110,110
jfzxugsgnnvsrsg6,22095RA98C,480 Mbps,AMD Ryzen 5 5500,6.17.0-23-generic,phase0-2026-05-20,roi_bgr,488,7071487,540,480,3,110,110
jfzxugsgnnvsrsg6,22095RA98C,480 Mbps,AMD Ryzen 5 5500,6.17.0-23-generic,phase0-2026-05-20,roi_bgr,489,6981199,540,480,3,110,110
jfzxugsgnnvsrsg6,22095RA98C,480 Mbps,AMD Ryzen 5 5500,6.17.0-23-generic,phase0-2026-05-20,roi_bgr,490,6833318,540,480,3,110,110
jfzxugsgnnvsrsg6,22095RA98C,480 Mbps,AMD Ryzen 5 5500,6.17.0-23-generic,phase0-2026-05-20,roi_bgr,491,6916875,540,480,3,110,110
jfzxugsgnnvsrsg6,22095RA98C,480 Mbps,AMD Ryzen 5 5500,6.17.0-23-generic,phase0-2026-05-20,roi_bgr,492,7641561,540,480,3,110,110
jfzxugsgnnvsrsg6,22095RA98C,480 Mbps,AMD Ryzen 5 5500,6.17.0-23-generic,phase0-2026-05-20,roi_bgr,493,6990930,540,480,3,110,110
jfzxugsgnnvsrsg6,22095RA98C,480 Mbps,AMD Ryzen 5 5500,6.17.0-23-generic,phase0-2026-05-20,roi_bgr,494,7049395,540,480,3,110,110
jfzxugsgnnvsrsg6,22095RA98C,480 Mbps,AMD Ryzen 5 5500,6.17.0-23-generic,phase0-2026-05-20,roi_bgr,495,6895693,540,480,3,110,110
jfzxugsgnnvsrsg6,22095RA98C,480 Mbps,AMD Ryzen 5 5500,6.17.0-23-generic,phase0-2026-05-20,roi_bgr,496,6934876,540,480,3,110,110
jfzxugsgnnvsrsg6,22095RA98C,480 Mbps,AMD Ryzen 5 5500,6.17.0-23-generic,phase0-2026-05-20,roi_bgr,497,7035684,540,480,3,110,110
jfzxugsgnnvsrsg6,22095RA98C,480 Mbps,AMD Ryzen 5 5500,6.17.0-23-generic,phase0-2026-05-20,roi_bgr,498,6941816,540,480,3,110,110
jfzxugsgnnvsrsg6,22095RA98C,480 Mbps,AMD Ryzen 5 5500,6.17.0-23-generic,phase0-2026-05-20,roi_bgr,499,7397863,540,480,3,110,110
jfzxugsgnnvsrsg6,22095RA98C,480 Mbps,AMD Ryzen 5 5500,6.17.0-23-generic,phase0-2026-05-20,roi_gray,0,2312622,540,480,1,110,110
jfzxugsgnnvsrsg6,22095RA98C,480 Mbps,AMD Ryzen 5 5500,6.17.0-23-generic,phase0-2026-05-20,roi_gray,1,2237146,540,480,1,110,110
jfzxugsgnnvsrsg6,22095RA98C,480 Mbps,AMD Ryzen 5 5500,6.17.0-23-generic,phase0-2026-05-20,roi_gray,2,2300771,540,480,1,110,110
jfzxugsgnnvsrsg6,22095RA98C,480 Mbps,AMD Ryzen 5 5500,6.17.0-23-generic,phase0-2026-05-20,roi_gray,3,2228525,540,480,1,110,110
jfzxugsgnnvsrsg6,22095RA98C,480 Mbps,AMD Ryzen 5 5500,6.17.0-23-generic,phase0-2026-05-20,roi_gray,4,2638928,540,480,1,110,110
jfzxugsgnnvsrsg6,22095RA98C,480 Mbps,AMD Ryzen 5 5500,6.17.0-23-generic,phase0-2026-05-20,roi_gray,5,2321053,540,480,1,110,110
jfzxugsgnnvsrsg6,22095RA98C,480 Mbps,AMD Ryzen 5 5500,6.17.0-23-generic,phase0-2026-05-20,roi_gray,6,2615045,540,480,1,110,110
jfzxugsgnnvsrsg6,22095RA98C,480 Mbps,AMD Ryzen 5 5500,6.17.0-23-generic,phase0-2026-05-20,roi_gray,7,2319823,540,480,1,110,110
jfzxugsgnnvsrsg6,22095RA98C,480 Mbps,AMD Ryzen 5 5500,6.17.0-23-generic,phase0-2026-05-20,roi_gray,8,2270219,540,480,1,110,110
jfzxugsgnnvsrsg6,22095RA98C,480 Mbps,AMD Ryzen 5 5500,6.17.0-23-generic,phase0-2026-05-20,roi_gray,9,2584183,540,480,1,110,110
jfzxugsgnnvsrsg6,22095RA98C,480 Mbps,AMD Ryzen 5 5500,6.17.0-23-generic,phase0-2026-05-20,roi_gray,10,2328753,540,480,1,110,110
jfzxugsgnnvsrsg6,22095RA98C,480 Mbps,AMD Ryzen 5 5500,6.17.0-23-generic,phase0-2026-05-20,roi_gray,11,2226755,540,480,1,110,110
jfzxugsgnnvsrsg6,22095RA98C,480 Mbps,AMD Ryzen 5 5500,6.17.0-23-generic,phase0-2026-05-20,roi_gray,12,2231206,540,480,1,110,110
jfzxugsgnnvsrsg6,22095RA98C,480 Mbps,AMD Ryzen 5 5500,6.17.0-23-generic,phase0-2026-05-20,roi_gray,13,2847574,540,480,1,110,110
jfzxugsgnnvsrsg6,22095RA98C,480 Mbps,AMD Ryzen 5 5500,6.17.0-23-generic,phase0-2026-05-20,roi_gray,14,2446222,540,480,1,110,110
jfzxugsgnnvsrsg6,22095RA98C,480 Mbps,AMD Ryzen 5 5500,6.17.0-23-generic,phase0-2026-05-20,roi_gray,15,2481555,540,480,1,110,110
jfzxugsgnnvsrsg6,22095RA98C,480 Mbps,AMD Ryzen 5 5500,6.17.0-23-generic,phase0-2026-05-20,roi_gray,16,2237606,540,480,1,110,110
jfzxugsgnnvsrsg6,22095RA98C,480 Mbps,AMD Ryzen 5 5500,6.17.0-23-generic,phase0-2026-05-20,roi_gray,17,2412300,540,480,1,110,110
jfzxugsgnnvsrsg6,22095RA98C,480 Mbps,AMD Ryzen 5 5500,6.17.0-23-generic,phase0-2026-05-20,roi_gray,18,2247267,540,480,1,110,110
jfzxugsgnnvsrsg6,22095RA98C,480 Mbps,AMD Ryzen 5 5500,6.17.0-23-generic,phase0-2026-05-20,roi_gray,19,2405339,540,480,1,110,110
jfzxugsgnnvsrsg6,22095RA98C,480 Mbps,AMD Ryzen 5 5500,6.17.0-23-generic,phase0-2026-05-20,roi_gray,20,2224705,540,480,1,110,110
jfzxugsgnnvsrsg6,22095RA98C,480 Mbps,AMD Ryzen 5 5500,6.17.0-23-generic,phase0-2026-05-20,roi_gray,21,2228046,540,480,1,110,110
jfzxugsgnnvsrsg6,22095RA98C,480 Mbps,AMD Ryzen 5 5500,6.17.0-23-generic,phase0-2026-05-20,roi_gray,22,2192902,540,480,1,110,110
jfzxugsgnnvsrsg6,22095RA98C,480 Mbps,AMD Ryzen 5 5500,6.17.0-23-generic,phase0-2026-05-20,roi_gray,23,2205664,540,480,1,110,110
jfzxugsgnnvsrsg6,22095RA98C,480 Mbps,AMD Ryzen 5 5500,6.17.0-23-generic,phase0-2026-05-20,roi_gray,24,2218865,540,480,1,110,110
jfzxugsgnnvsrsg6,22095RA98C,480 Mbps,AMD Ryzen 5 5500,6.17.0-23-generic,phase0-2026-05-20,roi_gray,25,2183061,540,480,1,110,110
jfzxugsgnnvsrsg6,22095RA98C,480 Mbps,AMD Ryzen 5 5500,6.17.0-23-generic,phase0-2026-05-20,roi_gray,26,2219124,540,480,1,110,110
jfzxugsgnnvsrsg6,22095RA98C,480 Mbps,AMD Ryzen 5 5500,6.17.0-23-generic,phase0-2026-05-20,roi_gray,27,2220715,540,480,1,110,110
jfzxugsgnnvsrsg6,22095RA98C,480 Mbps,AMD Ryzen 5 5500,6.17.0-23-generic,phase0-2026-05-20,roi_gray,28,2175341,540,480,1,110,110
jfzxugsgnnvsrsg6,22095RA98C,480 Mbps,AMD Ryzen 5 5500,6.17.0-23-generic,phase0-2026-05-20,roi_gray,29,2163130,540,480,1,110,110
jfzxugsgnnvsrsg6,22095RA98C,480 Mbps,AMD Ryzen 5 5500,6.17.0-23-generic,phase0-2026-05-20,roi_gray,30,2170051,540,480,1,110,110
jfzxugsgnnvsrsg6,22095RA98C,480 Mbps,AMD Ryzen 5 5500,6.17.0-23-generic,phase0-2026-05-20,roi_gray,31,2164360,540,480,1,110,110
jfzxugsgnnvsrsg6,22095RA98C,480 Mbps,AMD Ryzen 5 5500,6.17.0-23-generic,phase0-2026-05-20,roi_gray,32,2362586,540,480,1,110,110
jfzxugsgnnvsrsg6,22095RA98C,480 Mbps,AMD Ryzen 5 5500,6.17.0-23-generic,phase0-2026-05-20,roi_gray,33,2577973,540,480,1,110,110
jfzxugsgnnvsrsg6,22095RA98C,480 Mbps,AMD Ryzen 5 5500,6.17.0-23-generic,phase0-2026-05-20,roi_gray,34,2768028,540,480,1,110,110
jfzxugsgnnvsrsg6,22095RA98C,480 Mbps,AMD Ryzen 5 5500,6.17.0-23-generic,phase0-2026-05-20,roi_gray,35,2730495,540,480,1,110,110
jfzxugsgnnvsrsg6,22095RA98C,480 Mbps,AMD Ryzen 5 5500,6.17.0-23-generic,phase0-2026-05-20,roi_gray,36,2255578,540,480,1,110,110
jfzxugsgnnvsrsg6,22095RA98C,480 Mbps,AMD Ryzen 5 5500,6.17.0-23-generic,phase0-2026-05-20,roi_gray,37,2219205,540,480,1,110,110
jfzxugsgnnvsrsg6,22095RA98C,480 Mbps,AMD Ryzen 5 5500,6.17.0-23-generic,phase0-2026-05-20,roi_gray,38,2228615,540,480,1,110,110
jfzxugsgnnvsrsg6,22095RA98C,480 Mbps,AMD Ryzen 5 5500,6.17.0-23-generic,phase0-2026-05-20,roi_gray,39,2254987,540,480,1,110,110
jfzxugsgnnvsrsg6,22095RA98C,480 Mbps,AMD Ryzen 5 5500,6.17.0-23-generic,phase0-2026-05-20,roi_gray,40,2206904,540,480,1,110,110
jfzxugsgnnvsrsg6,22095RA98C,480 Mbps,AMD Ryzen 5 5500,6.17.0-23-generic,phase0-2026-05-20,roi_gray,41,2252597,540,480,1,110,110
jfzxugsgnnvsrsg6,22095RA98C,480 Mbps,AMD Ryzen 5 5500,6.17.0-23-generic,phase0-2026-05-20,roi_gray,42,2266459,540,480,1,110,110
jfzxugsgnnvsrsg6,22095RA98C,480 Mbps,AMD Ryzen 5 5500,6.17.0-23-generic,phase0-2026-05-20,roi_gray,43,2237336,540,480,1,110,110
jfzxugsgnnvsrsg6,22095RA98C,480 Mbps,AMD Ryzen 5 5500,6.17.0-23-generic,phase0-2026-05-20,roi_gray,44,2268638,540,480,1,110,110
jfzxugsgnnvsrsg6,22095RA98C,480 Mbps,AMD Ryzen 5 5500,6.17.0-23-generic,phase0-2026-05-20,roi_gray,45,2193723,540,480,1,110,110
jfzxugsgnnvsrsg6,22095RA98C,480 Mbps,AMD Ryzen 5 5500,6.17.0-23-generic,phase0-2026-05-20,roi_gray,46,2222945,540,480,1,110,110
jfzxugsgnnvsrsg6,22095RA98C,480 Mbps,AMD Ryzen 5 5500,6.17.0-23-generic,phase0-2026-05-20,roi_gray,47,2216814,540,480,1,110,110
jfzxugsgnnvsrsg6,22095RA98C,480 Mbps,AMD Ryzen 5 5500,6.17.0-23-generic,phase0-2026-05-20,roi_gray,48,2226835,540,480,1,110,110
jfzxugsgnnvsrsg6,22095RA98C,480 Mbps,AMD Ryzen 5 5500,6.17.0-23-generic,phase0-2026-05-20,roi_gray,49,2227465,540,480,1,110,110
jfzxugsgnnvsrsg6,22095RA98C,480 Mbps,AMD Ryzen 5 5500,6.17.0-23-generic,phase0-2026-05-20,roi_gray,50,2409510,540,480,1,110,110
jfzxugsgnnvsrsg6,22095RA98C,480 Mbps,AMD Ryzen 5 5500,6.17.0-23-generic,phase0-2026-05-20,roi_gray,51,2345694,540,480,1,110,110
jfzxugsgnnvsrsg6,22095RA98C,480 Mbps,AMD Ryzen 5 5500,6.17.0-23-generic,phase0-2026-05-20,roi_gray,52,2353206,540,480,1,110,110
jfzxugsgnnvsrsg6,22095RA98C,480 Mbps,AMD Ryzen 5 5500,6.17.0-23-generic,phase0-2026-05-20,roi_gray,53,2308611,540,480,1,110,110
jfzxugsgnnvsrsg6,22095RA98C,480 Mbps,AMD Ryzen 5 5500,6.17.0-23-generic,phase0-2026-05-20,roi_gray,54,2235046,540,480,1,110,110
jfzxugsgnnvsrsg6,22095RA98C,480 Mbps,AMD Ryzen 5 5500,6.17.0-23-generic,phase0-2026-05-20,roi_gray,55,2257748,540,480,1,110,110
jfzxugsgnnvsrsg6,22095RA98C,480 Mbps,AMD Ryzen 5 5500,6.17.0-23-generic,phase0-2026-05-20,roi_gray,56,2227995,540,480,1,110,110
jfzxugsgnnvsrsg6,22095RA98C,480 Mbps,AMD Ryzen 5 5500,6.17.0-23-generic,phase0-2026-05-20,roi_gray,57,2204073,540,480,1,110,110
jfzxugsgnnvsrsg6,22095RA98C,480 Mbps,AMD Ryzen 5 5500,6.17.0-23-generic,phase0-2026-05-20,roi_gray,58,2254347,540,480,1,110,110
jfzxugsgnnvsrsg6,22095RA98C,480 Mbps,AMD Ryzen 5 5500,6.17.0-23-generic,phase0-2026-05-20,roi_gray,59,2352675,540,480,1,110,110
jfzxugsgnnvsrsg6,22095RA98C,480 Mbps,AMD Ryzen 5 5500,6.17.0-23-generic,phase0-2026-05-20,roi_gray,60,2992365,540,480,1,110,110
jfzxugsgnnvsrsg6,22095RA98C,480 Mbps,AMD Ryzen 5 5500,6.17.0-23-generic,phase0-2026-05-20,roi_gray,61,2228676,540,480,1,110,110
jfzxugsgnnvsrsg6,22095RA98C,480 Mbps,AMD Ryzen 5 5500,6.17.0-23-generic,phase0-2026-05-20,roi_gray,62,2569422,540,480,1,110,110
jfzxugsgnnvsrsg6,22095RA98C,480 Mbps,AMD Ryzen 5 5500,6.17.0-23-generic,phase0-2026-05-20,roi_gray,63,2638078,540,480,1,110,110
jfzxugsgnnvsrsg6,22095RA98C,480 Mbps,AMD Ryzen 5 5500,6.17.0-23-generic,phase0-2026-05-20,roi_gray,64,2236756,540,480,1,110,110
jfzxugsgnnvsrsg6,22095RA98C,480 Mbps,AMD Ryzen 5 5500,6.17.0-23-generic,phase0-2026-05-20,roi_gray,65,2225215,540,480,1,110,110
jfzxugsgnnvsrsg6,22095RA98C,480 Mbps,AMD Ryzen 5 5500,6.17.0-23-generic,phase0-2026-05-20,roi_gray,66,2744116,540,480,1,110,110
jfzxugsgnnvsrsg6,22095RA98C,480 Mbps,AMD Ryzen 5 5500,6.17.0-23-generic,phase0-2026-05-20,roi_gray,67,2352265,540,480,1,110,110
jfzxugsgnnvsrsg6,22095RA98C,480 Mbps,AMD Ryzen 5 5500,6.17.0-23-generic,phase0-2026-05-20,roi_gray,68,2251988,540,480,1,110,110
jfzxugsgnnvsrsg6,22095RA98C,480 Mbps,AMD Ryzen 5 5500,6.17.0-23-generic,phase0-2026-05-20,roi_gray,69,2241486,540,480,1,110,110
jfzxugsgnnvsrsg6,22095RA98C,480 Mbps,AMD Ryzen 5 5500,6.17.0-23-generic,phase0-2026-05-20,roi_gray,70,2415690,540,480,1,110,110
jfzxugsgnnvsrsg6,22095RA98C,480 Mbps,AMD Ryzen 5 5500,6.17.0-23-generic,phase0-2026-05-20,roi_gray,71,2327853,540,480,1,110,110
jfzxugsgnnvsrsg6,22095RA98C,480 Mbps,AMD Ryzen 5 5500,6.17.0-23-generic,phase0-2026-05-20,roi_gray,72,2219114,540,480,1,110,110
jfzxugsgnnvsrsg6,22095RA98C,480 Mbps,AMD Ryzen 5 5500,6.17.0-23-generic,phase0-2026-05-20,roi_gray,73,2704453,540,480,1,110,110
jfzxugsgnnvsrsg6,22095RA98C,480 Mbps,AMD Ryzen 5 5500,6.17.0-23-generic,phase0-2026-05-20,roi_gray,74,2262958,540,480,1,110,110
jfzxugsgnnvsrsg6,22095RA98C,480 Mbps,AMD Ryzen 5 5500,6.17.0-23-generic,phase0-2026-05-20,roi_gray,75,2237996,540,480,1,110,110
jfzxugsgnnvsrsg6,22095RA98C,480 Mbps,AMD Ryzen 5 5500,6.17.0-23-generic,phase0-2026-05-20,roi_gray,76,2209663,540,480,1,110,110
jfzxugsgnnvsrsg6,22095RA98C,480 Mbps,AMD Ryzen 5 5500,6.17.0-23-generic,phase0-2026-05-20,roi_gray,77,2351855,540,480,1,110,110
jfzxugsgnnvsrsg6,22095RA98C,480 Mbps,AMD Ryzen 5 5500,6.17.0-23-generic,phase0-2026-05-20,roi_gray,78,2990515,540,480,1,110,110
jfzxugsgnnvsrsg6,22095RA98C,480 Mbps,AMD Ryzen 5 5500,6.17.0-23-generic,phase0-2026-05-20,roi_gray,79,2219185,540,480,1,110,110
jfzxugsgnnvsrsg6,22095RA98C,480 Mbps,AMD Ryzen 5 5500,6.17.0-23-generic,phase0-2026-05-20,roi_gray,80,2264738,540,480,1,110,110
jfzxugsgnnvsrsg6,22095RA98C,480 Mbps,AMD Ryzen 5 5500,6.17.0-23-generic,phase0-2026-05-20,roi_gray,81,2167981,540,480,1,110,110
jfzxugsgnnvsrsg6,22095RA98C,480 Mbps,AMD Ryzen 5 5500,6.17.0-23-generic,phase0-2026-05-20,roi_gray,82,2251927,540,480,1,110,110
jfzxugsgnnvsrsg6,22095RA98C,480 Mbps,AMD Ryzen 5 5500,6.17.0-23-generic,phase0-2026-05-20,roi_gray,83,2480775,540,480,1,110,110
jfzxugsgnnvsrsg6,22095RA98C,480 Mbps,AMD Ryzen 5 5500,6.17.0-23-generic,phase0-2026-05-20,roi_gray,84,2897688,540,480,1,110,110
jfzxugsgnnvsrsg6,22095RA98C,480 Mbps,AMD Ryzen 5 5500,6.17.0-23-generic,phase0-2026-05-20,roi_gray,85,2205083,540,480,1,110,110
jfzxugsgnnvsrsg6,22095RA98C,480 Mbps,AMD Ryzen 5 5500,6.17.0-23-generic,phase0-2026-05-20,roi_gray,86,2165490,540,480,1,110,110
jfzxugsgnnvsrsg6,22095RA98C,480 Mbps,AMD Ryzen 5 5500,6.17.0-23-generic,phase0-2026-05-20,roi_gray,87,2381978,540,480,1,110,110
jfzxugsgnnvsrsg6,22095RA98C,480 Mbps,AMD Ryzen 5 5500,6.17.0-23-generic,phase0-2026-05-20,roi_gray,88,2360676,540,480,1,110,110
jfzxugsgnnvsrsg6,22095RA98C,480 Mbps,AMD Ryzen 5 5500,6.17.0-23-generic,phase0-2026-05-20,roi_gray,89,2604465,540,480,1,110,110
jfzxugsgnnvsrsg6,22095RA98C,480 Mbps,AMD Ryzen 5 5500,6.17.0-23-generic,phase0-2026-05-20,roi_gray,90,2287500,540,480,1,110,110
jfzxugsgnnvsrsg6,22095RA98C,480 Mbps,AMD Ryzen 5 5500,6.17.0-23-generic,phase0-2026-05-20,roi_gray,91,2428771,540,480,1,110,110
jfzxugsgnnvsrsg6,22095RA98C,480 Mbps,AMD Ryzen 5 5500,6.17.0-23-generic,phase0-2026-05-20,roi_gray,92,2253357,540,480,1,110,110
jfzxugsgnnvsrsg6,22095RA98C,480 Mbps,AMD Ryzen 5 5500,6.17.0-23-generic,phase0-2026-05-20,roi_gray,93,2205843,540,480,1,110,110
jfzxugsgnnvsrsg6,22095RA98C,480 Mbps,AMD Ryzen 5 5500,6.17.0-23-generic,phase0-2026-05-20,roi_gray,94,2334194,540,480,1,110,110
jfzxugsgnnvsrsg6,22095RA98C,480 Mbps,AMD Ryzen 5 5500,6.17.0-23-generic,phase0-2026-05-20,roi_gray,95,2232326,540,480,1,110,110
jfzxugsgnnvsrsg6,22095RA98C,480 Mbps,AMD Ryzen 5 5500,6.17.0-23-generic,phase0-2026-05-20,roi_gray,96,2502217,540,480,1,110,110
jfzxugsgnnvsrsg6,22095RA98C,480 Mbps,AMD Ryzen 5 5500,6.17.0-23-generic,phase0-2026-05-20,roi_gray,97,2233406,540,480,1,110,110
jfzxugsgnnvsrsg6,22095RA98C,480 Mbps,AMD Ryzen 5 5500,6.17.0-23-generic,phase0-2026-05-20,roi_gray,98,2171781,540,480,1,110,110
jfzxugsgnnvsrsg6,22095RA98C,480 Mbps,AMD Ryzen 5 5500,6.17.0-23-generic,phase0-2026-05-20,roi_gray,99,2178601,540,480,1,110,110
jfzxugsgnnvsrsg6,22095RA98C,480 Mbps,AMD Ryzen 5 5500,6.17.0-23-generic,phase0-2026-05-20,roi_gray,100,2171691,540,480,1,110,110
jfzxugsgnnvsrsg6,22095RA98C,480 Mbps,AMD Ryzen 5 5500,6.17.0-23-generic,phase0-2026-05-20,roi_gray,101,2185252,540,480,1,110,110
jfzxugsgnnvsrsg6,22095RA98C,480 Mbps,AMD Ryzen 5 5500,6.17.0-23-generic,phase0-2026-05-20,roi_gray,102,2172011,540,480,1,110,110
jfzxugsgnnvsrsg6,22095RA98C,480 Mbps,AMD Ryzen 5 5500,6.17.0-23-generic,phase0-2026-05-20,roi_gray,103,2256077,540,480,1,110,110
jfzxugsgnnvsrsg6,22095RA98C,480 Mbps,AMD Ryzen 5 5500,6.17.0-23-generic,phase0-2026-05-20,roi_gray,104,2177402,540,480,1,110,110
jfzxugsgnnvsrsg6,22095RA98C,480 Mbps,AMD Ryzen 5 5500,6.17.0-23-generic,phase0-2026-05-20,roi_gray,105,2168960,540,480,1,110,110
jfzxugsgnnvsrsg6,22095RA98C,480 Mbps,AMD Ryzen 5 5500,6.17.0-23-generic,phase0-2026-05-20,roi_gray,106,2163371,540,480,1,110,110
jfzxugsgnnvsrsg6,22095RA98C,480 Mbps,AMD Ryzen 5 5500,6.17.0-23-generic,phase0-2026-05-20,roi_gray,107,2178621,540,480,1,110,110
jfzxugsgnnvsrsg6,22095RA98C,480 Mbps,AMD Ryzen 5 5500,6.17.0-23-generic,phase0-2026-05-20,roi_gray,108,2194093,540,480,1,110,110
jfzxugsgnnvsrsg6,22095RA98C,480 Mbps,AMD Ryzen 5 5500,6.17.0-23-generic,phase0-2026-05-20,roi_gray,109,2211714,540,480,1,110,110
jfzxugsgnnvsrsg6,22095RA98C,480 Mbps,AMD Ryzen 5 5500,6.17.0-23-generic,phase0-2026-05-20,roi_gray,110,2218334,540,480,1,110,110
jfzxugsgnnvsrsg6,22095RA98C,480 Mbps,AMD Ryzen 5 5500,6.17.0-23-generic,phase0-2026-05-20,roi_gray,111,2291960,540,480,1,110,110
jfzxugsgnnvsrsg6,22095RA98C,480 Mbps,AMD Ryzen 5 5500,6.17.0-23-generic,phase0-2026-05-20,roi_gray,112,2519268,540,480,1,110,110
jfzxugsgnnvsrsg6,22095RA98C,480 Mbps,AMD Ryzen 5 5500,6.17.0-23-generic,phase0-2026-05-20,roi_gray,113,2255758,540,480,1,110,110
jfzxugsgnnvsrsg6,22095RA98C,480 Mbps,AMD Ryzen 5 5500,6.17.0-23-generic,phase0-2026-05-20,roi_gray,114,2196173,540,480,1,110,110
jfzxugsgnnvsrsg6,22095RA98C,480 Mbps,AMD Ryzen 5 5500,6.17.0-23-generic,phase0-2026-05-20,roi_gray,115,2259857,540,480,1,110,110
jfzxugsgnnvsrsg6,22095RA98C,480 Mbps,AMD Ryzen 5 5500,6.17.0-23-generic,phase0-2026-05-20,roi_gray,116,2258278,540,480,1,110,110
jfzxugsgnnvsrsg6,22095RA98C,480 Mbps,AMD Ryzen 5 5500,6.17.0-23-generic,phase0-2026-05-20,roi_gray,117,2217815,540,480,1,110,110
jfzxugsgnnvsrsg6,22095RA98C,480 Mbps,AMD Ryzen 5 5500,6.17.0-23-generic,phase0-2026-05-20,roi_gray,118,2418350,540,480,1,110,110
jfzxugsgnnvsrsg6,22095RA98C,480 Mbps,AMD Ryzen 5 5500,6.17.0-23-generic,phase0-2026-05-20,roi_gray,119,3329292,540,480,1,110,110
jfzxugsgnnvsrsg6,22095RA98C,480 Mbps,AMD Ryzen 5 5500,6.17.0-23-generic,phase0-2026-05-20,roi_gray,120,3334532,540,480,1,110,110
jfzxugsgnnvsrsg6,22095RA98C,480 Mbps,AMD Ryzen 5 5500,6.17.0-23-generic,phase0-2026-05-20,roi_gray,121,2279739,540,480,1,110,110
jfzxugsgnnvsrsg6,22095RA98C,480 Mbps,AMD Ryzen 5 5500,6.17.0-23-generic,phase0-2026-05-20,roi_gray,122,2253558,540,480,1,110,110
jfzxugsgnnvsrsg6,22095RA98C,480 Mbps,AMD Ryzen 5 5500,6.17.0-23-generic,phase0-2026-05-20,roi_gray,123,2284540,540,480,1,110,110
jfzxugsgnnvsrsg6,22095RA98C,480 Mbps,AMD Ryzen 5 5500,6.17.0-23-generic,phase0-2026-05-20,roi_gray,124,2408809,540,480,1,110,110
jfzxugsgnnvsrsg6,22095RA98C,480 Mbps,AMD Ryzen 5 5500,6.17.0-23-generic,phase0-2026-05-20,roi_gray,125,2258157,540,480,1,110,110
jfzxugsgnnvsrsg6,22095RA98C,480 Mbps,AMD Ryzen 5 5500,6.17.0-23-generic,phase0-2026-05-20,roi_gray,126,2317283,540,480,1,110,110
jfzxugsgnnvsrsg6,22095RA98C,480 Mbps,AMD Ryzen 5 5500,6.17.0-23-generic,phase0-2026-05-20,roi_gray,127,2256317,540,480,1,110,110
jfzxugsgnnvsrsg6,22095RA98C,480 Mbps,AMD Ryzen 5 5500,6.17.0-23-generic,phase0-2026-05-20,roi_gray,128,2231486,540,480,1,110,110
jfzxugsgnnvsrsg6,22095RA98C,480 Mbps,AMD Ryzen 5 5500,6.17.0-23-generic,phase0-2026-05-20,roi_gray,129,2224695,540,480,1,110,110
jfzxugsgnnvsrsg6,22095RA98C,480 Mbps,AMD Ryzen 5 5500,6.17.0-23-generic,phase0-2026-05-20,roi_gray,130,3346933,540,480,1,110,110
jfzxugsgnnvsrsg6,22095RA98C,480 Mbps,AMD Ryzen 5 5500,6.17.0-23-generic,phase0-2026-05-20,roi_gray,131,2402329,540,480,1,110,110
jfzxugsgnnvsrsg6,22095RA98C,480 Mbps,AMD Ryzen 5 5500,6.17.0-23-generic,phase0-2026-05-20,roi_gray,132,2357105,540,480,1,110,110
jfzxugsgnnvsrsg6,22095RA98C,480 Mbps,AMD Ryzen 5 5500,6.17.0-23-generic,phase0-2026-05-20,roi_gray,133,2255117,540,480,1,110,110
jfzxugsgnnvsrsg6,22095RA98C,480 Mbps,AMD Ryzen 5 5500,6.17.0-23-generic,phase0-2026-05-20,roi_gray,134,2241016,540,480,1,110,110
jfzxugsgnnvsrsg6,22095RA98C,480 Mbps,AMD Ryzen 5 5500,6.17.0-23-generic,phase0-2026-05-20,roi_gray,135,2265439,540,480,1,110,110
jfzxugsgnnvsrsg6,22095RA98C,480 Mbps,AMD Ryzen 5 5500,6.17.0-23-generic,phase0-2026-05-20,roi_gray,136,2281879,540,480,1,110,110
jfzxugsgnnvsrsg6,22095RA98C,480 Mbps,AMD Ryzen 5 5500,6.17.0-23-generic,phase0-2026-05-20,roi_gray,137,2330244,540,480,1,110,110
jfzxugsgnnvsrsg6,22095RA98C,480 Mbps,AMD Ryzen 5 5500,6.17.0-23-generic,phase0-2026-05-20,roi_gray,138,2251257,540,480,1,110,110
jfzxugsgnnvsrsg6,22095RA98C,480 Mbps,AMD Ryzen 5 5500,6.17.0-23-generic,phase0-2026-05-20,roi_gray,139,2205013,540,480,1,110,110
jfzxugsgnnvsrsg6,22095RA98C,480 Mbps,AMD Ryzen 5 5500,6.17.0-23-generic,phase0-2026-05-20,roi_gray,140,2203644,540,480,1,110,110
jfzxugsgnnvsrsg6,22095RA98C,480 Mbps,AMD Ryzen 5 5500,6.17.0-23-generic,phase0-2026-05-20,roi_gray,141,2220845,540,480,1,110,110
jfzxugsgnnvsrsg6,22095RA98C,480 Mbps,AMD Ryzen 5 5500,6.17.0-23-generic,phase0-2026-05-20,roi_gray,142,2227555,540,480,1,110,110
jfzxugsgnnvsrsg6,22095RA98C,480 Mbps,AMD Ryzen 5 5500,6.17.0-23-generic,phase0-2026-05-20,roi_gray,143,2232556,540,480,1,110,110
jfzxugsgnnvsrsg6,22095RA98C,480 Mbps,AMD Ryzen 5 5500,6.17.0-23-generic,phase0-2026-05-20,roi_gray,144,2263858,540,480,1,110,110
jfzxugsgnnvsrsg6,22095RA98C,480 Mbps,AMD Ryzen 5 5500,6.17.0-23-generic,phase0-2026-05-20,roi_gray,145,2245767,540,480,1,110,110
jfzxugsgnnvsrsg6,22095RA98C,480 Mbps,AMD Ryzen 5 5500,6.17.0-23-generic,phase0-2026-05-20,roi_gray,146,2324993,540,480,1,110,110
jfzxugsgnnvsrsg6,22095RA98C,480 Mbps,AMD Ryzen 5 5500,6.17.0-23-generic,phase0-2026-05-20,roi_gray,147,2264228,540,480,1,110,110
jfzxugsgnnvsrsg6,22095RA98C,480 Mbps,AMD Ryzen 5 5500,6.17.0-23-generic,phase0-2026-05-20,roi_gray,148,2212414,540,480,1,110,110
jfzxugsgnnvsrsg6,22095RA98C,480 Mbps,AMD Ryzen 5 5500,6.17.0-23-generic,phase0-2026-05-20,roi_gray,149,2331304,540,480,1,110,110
jfzxugsgnnvsrsg6,22095RA98C,480 Mbps,AMD Ryzen 5 5500,6.17.0-23-generic,phase0-2026-05-20,roi_gray,150,2392418,540,480,1,110,110
jfzxugsgnnvsrsg6,22095RA98C,480 Mbps,AMD Ryzen 5 5500,6.17.0-23-generic,phase0-2026-05-20,roi_gray,151,2378347,540,480,1,110,110
jfzxugsgnnvsrsg6,22095RA98C,480 Mbps,AMD Ryzen 5 5500,6.17.0-23-generic,phase0-2026-05-20,roi_gray,152,2286540,540,480,1,110,110
jfzxugsgnnvsrsg6,22095RA98C,480 Mbps,AMD Ryzen 5 5500,6.17.0-23-generic,phase0-2026-05-20,roi_gray,153,2268169,540,480,1,110,110
jfzxugsgnnvsrsg6,22095RA98C,480 Mbps,AMD Ryzen 5 5500,6.17.0-23-generic,phase0-2026-05-20,roi_gray,154,2227505,540,480,1,110,110
jfzxugsgnnvsrsg6,22095RA98C,480 Mbps,AMD Ryzen 5 5500,6.17.0-23-generic,phase0-2026-05-20,roi_gray,155,2270279,540,480,1,110,110
jfzxugsgnnvsrsg6,22095RA98C,480 Mbps,AMD Ryzen 5 5500,6.17.0-23-generic,phase0-2026-05-20,roi_gray,156,2313582,540,480,1,110,110
jfzxugsgnnvsrsg6,22095RA98C,480 Mbps,AMD Ryzen 5 5500,6.17.0-23-generic,phase0-2026-05-20,roi_gray,157,2267618,540,480,1,110,110
jfzxugsgnnvsrsg6,22095RA98C,480 Mbps,AMD Ryzen 5 5500,6.17.0-23-generic,phase0-2026-05-20,roi_gray,158,2833773,540,480,1,110,110
jfzxugsgnnvsrsg6,22095RA98C,480 Mbps,AMD Ryzen 5 5500,6.17.0-23-generic,phase0-2026-05-20,roi_gray,159,2402849,540,480,1,110,110
jfzxugsgnnvsrsg6,22095RA98C,480 Mbps,AMD Ryzen 5 5500,6.17.0-23-generic,phase0-2026-05-20,roi_gray,160,2341974,540,480,1,110,110
jfzxugsgnnvsrsg6,22095RA98C,480 Mbps,AMD Ryzen 5 5500,6.17.0-23-generic,phase0-2026-05-20,roi_gray,161,2368217,540,480,1,110,110
jfzxugsgnnvsrsg6,22095RA98C,480 Mbps,AMD Ryzen 5 5500,6.17.0-23-generic,phase0-2026-05-20,roi_gray,162,2360905,540,480,1,110,110
jfzxugsgnnvsrsg6,22095RA98C,480 Mbps,AMD Ryzen 5 5500,6.17.0-23-generic,phase0-2026-05-20,roi_gray,163,2231695,540,480,1,110,110
jfzxugsgnnvsrsg6,22095RA98C,480 Mbps,AMD Ryzen 5 5500,6.17.0-23-generic,phase0-2026-05-20,roi_gray,164,2279430,540,480,1,110,110
jfzxugsgnnvsrsg6,22095RA98C,480 Mbps,AMD Ryzen 5 5500,6.17.0-23-generic,phase0-2026-05-20,roi_gray,165,2745216,540,480,1,110,110
jfzxugsgnnvsrsg6,22095RA98C,480 Mbps,AMD Ryzen 5 5500,6.17.0-23-generic,phase0-2026-05-20,roi_gray,166,2671290,540,480,1,110,110
jfzxugsgnnvsrsg6,22095RA98C,480 Mbps,AMD Ryzen 5 5500,6.17.0-23-generic,phase0-2026-05-20,roi_gray,167,2544160,540,480,1,110,110
jfzxugsgnnvsrsg6,22095RA98C,480 Mbps,AMD Ryzen 5 5500,6.17.0-23-generic,phase0-2026-05-20,roi_gray,168,2241426,540,480,1,110,110
jfzxugsgnnvsrsg6,22095RA98C,480 Mbps,AMD Ryzen 5 5500,6.17.0-23-generic,phase0-2026-05-20,roi_gray,169,2192943,540,480,1,110,110
jfzxugsgnnvsrsg6,22095RA98C,480 Mbps,AMD Ryzen 5 5500,6.17.0-23-generic,phase0-2026-05-20,roi_gray,170,2310721,540,480,1,110,110
jfzxugsgnnvsrsg6,22095RA98C,480 Mbps,AMD Ryzen 5 5500,6.17.0-23-generic,phase0-2026-05-20,roi_gray,171,2574082,540,480,1,110,110
jfzxugsgnnvsrsg6,22095RA98C,480 Mbps,AMD Ryzen 5 5500,6.17.0-23-generic,phase0-2026-05-20,roi_gray,172,2344665,540,480,1,110,110
jfzxugsgnnvsrsg6,22095RA98C,480 Mbps,AMD Ryzen 5 5500,6.17.0-23-generic,phase0-2026-05-20,roi_gray,173,2232976,540,480,1,110,110
jfzxugsgnnvsrsg6,22095RA98C,480 Mbps,AMD Ryzen 5 5500,6.17.0-23-generic,phase0-2026-05-20,roi_gray,174,2559461,540,480,1,110,110
jfzxugsgnnvsrsg6,22095RA98C,480 Mbps,AMD Ryzen 5 5500,6.17.0-23-generic,phase0-2026-05-20,roi_gray,175,2356296,540,480,1,110,110
jfzxugsgnnvsrsg6,22095RA98C,480 Mbps,AMD Ryzen 5 5500,6.17.0-23-generic,phase0-2026-05-20,roi_gray,176,2198553,540,480,1,110,110
jfzxugsgnnvsrsg6,22095RA98C,480 Mbps,AMD Ryzen 5 5500,6.17.0-23-generic,phase0-2026-05-20,roi_gray,177,2206313,540,480,1,110,110
jfzxugsgnnvsrsg6,22095RA98C,480 Mbps,AMD Ryzen 5 5500,6.17.0-23-generic,phase0-2026-05-20,roi_gray,178,2663000,540,480,1,110,110
jfzxugsgnnvsrsg6,22095RA98C,480 Mbps,AMD Ryzen 5 5500,6.17.0-23-generic,phase0-2026-05-20,roi_gray,179,2282350,540,480,1,110,110
jfzxugsgnnvsrsg6,22095RA98C,480 Mbps,AMD Ryzen 5 5500,6.17.0-23-generic,phase0-2026-05-20,roi_gray,180,2229035,540,480,1,110,110
jfzxugsgnnvsrsg6,22095RA98C,480 Mbps,AMD Ryzen 5 5500,6.17.0-23-generic,phase0-2026-05-20,roi_gray,181,2424291,540,480,1,110,110
jfzxugsgnnvsrsg6,22095RA98C,480 Mbps,AMD Ryzen 5 5500,6.17.0-23-generic,phase0-2026-05-20,roi_gray,182,2243427,540,480,1,110,110
jfzxugsgnnvsrsg6,22095RA98C,480 Mbps,AMD Ryzen 5 5500,6.17.0-23-generic,phase0-2026-05-20,roi_gray,183,2184822,540,480,1,110,110
jfzxugsgnnvsrsg6,22095RA98C,480 Mbps,AMD Ryzen 5 5500,6.17.0-23-generic,phase0-2026-05-20,roi_gray,184,2202153,540,480,1,110,110
jfzxugsgnnvsrsg6,22095RA98C,480 Mbps,AMD Ryzen 5 5500,6.17.0-23-generic,phase0-2026-05-20,roi_gray,185,2183082,540,480,1,110,110
jfzxugsgnnvsrsg6,22095RA98C,480 Mbps,AMD Ryzen 5 5500,6.17.0-23-generic,phase0-2026-05-20,roi_gray,186,2190192,540,480,1,110,110
jfzxugsgnnvsrsg6,22095RA98C,480 Mbps,AMD Ryzen 5 5500,6.17.0-23-generic,phase0-2026-05-20,roi_gray,187,2223545,540,480,1,110,110
jfzxugsgnnvsrsg6,22095RA98C,480 Mbps,AMD Ryzen 5 5500,6.17.0-23-generic,phase0-2026-05-20,roi_gray,188,2186952,540,480,1,110,110
jfzxugsgnnvsrsg6,22095RA98C,480 Mbps,AMD Ryzen 5 5500,6.17.0-23-generic,phase0-2026-05-20,roi_gray,189,2165091,540,480,1,110,110
jfzxugsgnnvsrsg6,22095RA98C,480 Mbps,AMD Ryzen 5 5500,6.17.0-23-generic,phase0-2026-05-20,roi_gray,190,2163660,540,480,1,110,110
jfzxugsgnnvsrsg6,22095RA98C,480 Mbps,AMD Ryzen 5 5500,6.17.0-23-generic,phase0-2026-05-20,roi_gray,191,2170101,540,480,1,110,110
jfzxugsgnnvsrsg6,22095RA98C,480 Mbps,AMD Ryzen 5 5500,6.17.0-23-generic,phase0-2026-05-20,roi_gray,192,2197303,540,480,1,110,110
jfzxugsgnnvsrsg6,22095RA98C,480 Mbps,AMD Ryzen 5 5500,6.17.0-23-generic,phase0-2026-05-20,roi_gray,193,2180271,540,480,1,110,110
jfzxugsgnnvsrsg6,22095RA98C,480 Mbps,AMD Ryzen 5 5500,6.17.0-23-generic,phase0-2026-05-20,roi_gray,194,2205644,540,480,1,110,110
jfzxugsgnnvsrsg6,22095RA98C,480 Mbps,AMD Ryzen 5 5500,6.17.0-23-generic,phase0-2026-05-20,roi_gray,195,2222495,540,480,1,110,110
jfzxugsgnnvsrsg6,22095RA98C,480 Mbps,AMD Ryzen 5 5500,6.17.0-23-generic,phase0-2026-05-20,roi_gray,196,2197903,540,480,1,110,110
jfzxugsgnnvsrsg6,22095RA98C,480 Mbps,AMD Ryzen 5 5500,6.17.0-23-generic,phase0-2026-05-20,roi_gray,197,2164430,540,480,1,110,110
jfzxugsgnnvsrsg6,22095RA98C,480 Mbps,AMD Ryzen 5 5500,6.17.0-23-generic,phase0-2026-05-20,roi_gray,198,2165940,540,480,1,110,110
jfzxugsgnnvsrsg6,22095RA98C,480 Mbps,AMD Ryzen 5 5500,6.17.0-23-generic,phase0-2026-05-20,roi_gray,199,2198303,540,480,1,110,110
jfzxugsgnnvsrsg6,22095RA98C,480 Mbps,AMD Ryzen 5 5500,6.17.0-23-generic,phase0-2026-05-20,roi_gray,200,2217175,540,480,1,110,110
jfzxugsgnnvsrsg6,22095RA98C,480 Mbps,AMD Ryzen 5 5500,6.17.0-23-generic,phase0-2026-05-20,roi_gray,201,2449263,540,480,1,110,110
jfzxugsgnnvsrsg6,22095RA98C,480 Mbps,AMD Ryzen 5 5500,6.17.0-23-generic,phase0-2026-05-20,roi_gray,202,2369666,540,480,1,110,110
jfzxugsgnnvsrsg6,22095RA98C,480 Mbps,AMD Ryzen 5 5500,6.17.0-23-generic,phase0-2026-05-20,roi_gray,203,2244547,540,480,1,110,110
jfzxugsgnnvsrsg6,22095RA98C,480 Mbps,AMD Ryzen 5 5500,6.17.0-23-generic,phase0-2026-05-20,roi_gray,204,2273449,540,480,1,110,110
jfzxugsgnnvsrsg6,22095RA98C,480 Mbps,AMD Ryzen 5 5500,6.17.0-23-generic,phase0-2026-05-20,roi_gray,205,2209764,540,480,1,110,110
jfzxugsgnnvsrsg6,22095RA98C,480 Mbps,AMD Ryzen 5 5500,6.17.0-23-generic,phase0-2026-05-20,roi_gray,206,2228485,540,480,1,110,110
jfzxugsgnnvsrsg6,22095RA98C,480 Mbps,AMD Ryzen 5 5500,6.17.0-23-generic,phase0-2026-05-20,roi_gray,207,2232876,540,480,1,110,110
jfzxugsgnnvsrsg6,22095RA98C,480 Mbps,AMD Ryzen 5 5500,6.17.0-23-generic,phase0-2026-05-20,roi_gray,208,2261788,540,480,1,110,110
jfzxugsgnnvsrsg6,22095RA98C,480 Mbps,AMD Ryzen 5 5500,6.17.0-23-generic,phase0-2026-05-20,roi_gray,209,2190692,540,480,1,110,110
jfzxugsgnnvsrsg6,22095RA98C,480 Mbps,AMD Ryzen 5 5500,6.17.0-23-generic,phase0-2026-05-20,roi_gray,210,2191083,540,480,1,110,110
jfzxugsgnnvsrsg6,22095RA98C,480 Mbps,AMD Ryzen 5 5500,6.17.0-23-generic,phase0-2026-05-20,roi_gray,211,2197173,540,480,1,110,110
jfzxugsgnnvsrsg6,22095RA98C,480 Mbps,AMD Ryzen 5 5500,6.17.0-23-generic,phase0-2026-05-20,roi_gray,212,2471664,540,480,1,110,110
jfzxugsgnnvsrsg6,22095RA98C,480 Mbps,AMD Ryzen 5 5500,6.17.0-23-generic,phase0-2026-05-20,roi_gray,213,2592554,540,480,1,110,110
jfzxugsgnnvsrsg6,22095RA98C,480 Mbps,AMD Ryzen 5 5500,6.17.0-23-generic,phase0-2026-05-20,roi_gray,214,3123236,540,480,1,110,110
jfzxugsgnnvsrsg6,22095RA98C,480 Mbps,AMD Ryzen 5 5500,6.17.0-23-generic,phase0-2026-05-20,roi_gray,215,2328564,540,480,1,110,110
jfzxugsgnnvsrsg6,22095RA98C,480 Mbps,AMD Ryzen 5 5500,6.17.0-23-generic,phase0-2026-05-20,roi_gray,216,2249517,540,480,1,110,110
jfzxugsgnnvsrsg6,22095RA98C,480 Mbps,AMD Ryzen 5 5500,6.17.0-23-generic,phase0-2026-05-20,roi_gray,217,2248677,540,480,1,110,110
jfzxugsgnnvsrsg6,22095RA98C,480 Mbps,AMD Ryzen 5 5500,6.17.0-23-generic,phase0-2026-05-20,roi_gray,218,2274639,540,480,1,110,110
jfzxugsgnnvsrsg6,22095RA98C,480 Mbps,AMD Ryzen 5 5500,6.17.0-23-generic,phase0-2026-05-20,roi_gray,219,2215994,540,480,1,110,110
jfzxugsgnnvsrsg6,22095RA98C,480 Mbps,AMD Ryzen 5 5500,6.17.0-23-generic,phase0-2026-05-20,roi_gray,220,2266198,540,480,1,110,110
jfzxugsgnnvsrsg6,22095RA98C,480 Mbps,AMD Ryzen 5 5500,6.17.0-23-generic,phase0-2026-05-20,roi_gray,221,2322653,540,480,1,110,110
jfzxugsgnnvsrsg6,22095RA98C,480 Mbps,AMD Ryzen 5 5500,6.17.0-23-generic,phase0-2026-05-20,roi_gray,222,2268039,540,480,1,110,110
jfzxugsgnnvsrsg6,22095RA98C,480 Mbps,AMD Ryzen 5 5500,6.17.0-23-generic,phase0-2026-05-20,roi_gray,223,2268668,540,480,1,110,110
jfzxugsgnnvsrsg6,22095RA98C,480 Mbps,AMD Ryzen 5 5500,6.17.0-23-generic,phase0-2026-05-20,roi_gray,224,2217084,540,480,1,110,110
jfzxugsgnnvsrsg6,22095RA98C,480 Mbps,AMD Ryzen 5 5500,6.17.0-23-generic,phase0-2026-05-20,roi_gray,225,2240426,540,480,1,110,110
jfzxugsgnnvsrsg6,22095RA98C,480 Mbps,AMD Ryzen 5 5500,6.17.0-23-generic,phase0-2026-05-20,roi_gray,226,2253018,540,480,1,110,110
jfzxugsgnnvsrsg6,22095RA98C,480 Mbps,AMD Ryzen 5 5500,6.17.0-23-generic,phase0-2026-05-20,roi_gray,227,2221414,540,480,1,110,110
jfzxugsgnnvsrsg6,22095RA98C,480 Mbps,AMD Ryzen 5 5500,6.17.0-23-generic,phase0-2026-05-20,roi_gray,228,2421150,540,480,1,110,110
jfzxugsgnnvsrsg6,22095RA98C,480 Mbps,AMD Ryzen 5 5500,6.17.0-23-generic,phase0-2026-05-20,roi_gray,229,2212824,540,480,1,110,110
jfzxugsgnnvsrsg6,22095RA98C,480 Mbps,AMD Ryzen 5 5500,6.17.0-23-generic,phase0-2026-05-20,roi_gray,230,2229236,540,480,1,110,110
jfzxugsgnnvsrsg6,22095RA98C,480 Mbps,AMD Ryzen 5 5500,6.17.0-23-generic,phase0-2026-05-20,roi_gray,231,2244516,540,480,1,110,110
jfzxugsgnnvsrsg6,22095RA98C,480 Mbps,AMD Ryzen 5 5500,6.17.0-23-generic,phase0-2026-05-20,roi_gray,232,2213725,540,480,1,110,110
jfzxugsgnnvsrsg6,22095RA98C,480 Mbps,AMD Ryzen 5 5500,6.17.0-23-generic,phase0-2026-05-20,roi_gray,233,2446642,540,480,1,110,110
jfzxugsgnnvsrsg6,22095RA98C,480 Mbps,AMD Ryzen 5 5500,6.17.0-23-generic,phase0-2026-05-20,roi_gray,234,2320433,540,480,1,110,110
jfzxugsgnnvsrsg6,22095RA98C,480 Mbps,AMD Ryzen 5 5500,6.17.0-23-generic,phase0-2026-05-20,roi_gray,235,2338614,540,480,1,110,110
jfzxugsgnnvsrsg6,22095RA98C,480 Mbps,AMD Ryzen 5 5500,6.17.0-23-generic,phase0-2026-05-20,roi_gray,236,2285540,540,480,1,110,110
jfzxugsgnnvsrsg6,22095RA98C,480 Mbps,AMD Ryzen 5 5500,6.17.0-23-generic,phase0-2026-05-20,roi_gray,237,2240987,540,480,1,110,110
jfzxugsgnnvsrsg6,22095RA98C,480 Mbps,AMD Ryzen 5 5500,6.17.0-23-generic,phase0-2026-05-20,roi_gray,238,2218294,540,480,1,110,110
jfzxugsgnnvsrsg6,22095RA98C,480 Mbps,AMD Ryzen 5 5500,6.17.0-23-generic,phase0-2026-05-20,roi_gray,239,2261838,540,480,1,110,110
jfzxugsgnnvsrsg6,22095RA98C,480 Mbps,AMD Ryzen 5 5500,6.17.0-23-generic,phase0-2026-05-20,roi_gray,240,2382388,540,480,1,110,110
jfzxugsgnnvsrsg6,22095RA98C,480 Mbps,AMD Ryzen 5 5500,6.17.0-23-generic,phase0-2026-05-20,roi_gray,241,2251647,540,480,1,110,110
jfzxugsgnnvsrsg6,22095RA98C,480 Mbps,AMD Ryzen 5 5500,6.17.0-23-generic,phase0-2026-05-20,roi_gray,242,2877447,540,480,1,110,110
jfzxugsgnnvsrsg6,22095RA98C,480 Mbps,AMD Ryzen 5 5500,6.17.0-23-generic,phase0-2026-05-20,roi_gray,243,2959263,540,480,1,110,110
jfzxugsgnnvsrsg6,22095RA98C,480 Mbps,AMD Ryzen 5 5500,6.17.0-23-generic,phase0-2026-05-20,roi_gray,244,2314652,540,480,1,110,110
jfzxugsgnnvsrsg6,22095RA98C,480 Mbps,AMD Ryzen 5 5500,6.17.0-23-generic,phase0-2026-05-20,roi_gray,245,2240876,540,480,1,110,110
jfzxugsgnnvsrsg6,22095RA98C,480 Mbps,AMD Ryzen 5 5500,6.17.0-23-generic,phase0-2026-05-20,roi_gray,246,2396059,540,480,1,110,110
jfzxugsgnnvsrsg6,22095RA98C,480 Mbps,AMD Ryzen 5 5500,6.17.0-23-generic,phase0-2026-05-20,roi_gray,247,2251517,540,480,1,110,110
jfzxugsgnnvsrsg6,22095RA98C,480 Mbps,AMD Ryzen 5 5500,6.17.0-23-generic,phase0-2026-05-20,roi_gray,248,2213414,540,480,1,110,110
jfzxugsgnnvsrsg6,22095RA98C,480 Mbps,AMD Ryzen 5 5500,6.17.0-23-generic,phase0-2026-05-20,roi_gray,249,2265759,540,480,1,110,110
jfzxugsgnnvsrsg6,22095RA98C,480 Mbps,AMD Ryzen 5 5500,6.17.0-23-generic,phase0-2026-05-20,roi_gray,250,2373367,540,480,1,110,110
jfzxugsgnnvsrsg6,22095RA98C,480 Mbps,AMD Ryzen 5 5500,6.17.0-23-generic,phase0-2026-05-20,roi_gray,251,2279889,540,480,1,110,110
jfzxugsgnnvsrsg6,22095RA98C,480 Mbps,AMD Ryzen 5 5500,6.17.0-23-generic,phase0-2026-05-20,roi_gray,252,2536140,540,480,1,110,110
jfzxugsgnnvsrsg6,22095RA98C,480 Mbps,AMD Ryzen 5 5500,6.17.0-23-generic,phase0-2026-05-20,roi_gray,253,2593064,540,480,1,110,110
jfzxugsgnnvsrsg6,22095RA98C,480 Mbps,AMD Ryzen 5 5500,6.17.0-23-generic,phase0-2026-05-20,roi_gray,254,2368696,540,480,1,110,110
jfzxugsgnnvsrsg6,22095RA98C,480 Mbps,AMD Ryzen 5 5500,6.17.0-23-generic,phase0-2026-05-20,roi_gray,255,2259388,540,480,1,110,110
jfzxugsgnnvsrsg6,22095RA98C,480 Mbps,AMD Ryzen 5 5500,6.17.0-23-generic,phase0-2026-05-20,roi_gray,256,2339674,540,480,1,110,110
jfzxugsgnnvsrsg6,22095RA98C,480 Mbps,AMD Ryzen 5 5500,6.17.0-23-generic,phase0-2026-05-20,roi_gray,257,2246487,540,480,1,110,110
jfzxugsgnnvsrsg6,22095RA98C,480 Mbps,AMD Ryzen 5 5500,6.17.0-23-generic,phase0-2026-05-20,roi_gray,258,2201544,540,480,1,110,110
jfzxugsgnnvsrsg6,22095RA98C,480 Mbps,AMD Ryzen 5 5500,6.17.0-23-generic,phase0-2026-05-20,roi_gray,259,2209993,540,480,1,110,110
jfzxugsgnnvsrsg6,22095RA98C,480 Mbps,AMD Ryzen 5 5500,6.17.0-23-generic,phase0-2026-05-20,roi_gray,260,2608616,540,480,1,110,110
jfzxugsgnnvsrsg6,22095RA98C,480 Mbps,AMD Ryzen 5 5500,6.17.0-23-generic,phase0-2026-05-20,roi_gray,261,2508367,540,480,1,110,110
jfzxugsgnnvsrsg6,22095RA98C,480 Mbps,AMD Ryzen 5 5500,6.17.0-23-generic,phase0-2026-05-20,roi_gray,262,2255127,540,480,1,110,110
jfzxugsgnnvsrsg6,22095RA98C,480 Mbps,AMD Ryzen 5 5500,6.17.0-23-generic,phase0-2026-05-20,roi_gray,263,2225845,540,480,1,110,110
jfzxugsgnnvsrsg6,22095RA98C,480 Mbps,AMD Ryzen 5 5500,6.17.0-23-generic,phase0-2026-05-20,roi_gray,264,2199663,540,480,1,110,110
jfzxugsgnnvsrsg6,22095RA98C,480 Mbps,AMD Ryzen 5 5500,6.17.0-23-generic,phase0-2026-05-20,roi_gray,265,2169101,540,480,1,110,110
jfzxugsgnnvsrsg6,22095RA98C,480 Mbps,AMD Ryzen 5 5500,6.17.0-23-generic,phase0-2026-05-20,roi_gray,266,2179292,540,480,1,110,110
jfzxugsgnnvsrsg6,22095RA98C,480 Mbps,AMD Ryzen 5 5500,6.17.0-23-generic,phase0-2026-05-20,roi_gray,267,2181581,540,480,1,110,110
jfzxugsgnnvsrsg6,22095RA98C,480 Mbps,AMD Ryzen 5 5500,6.17.0-23-generic,phase0-2026-05-20,roi_gray,268,2295461,540,480,1,110,110
jfzxugsgnnvsrsg6,22095RA98C,480 Mbps,AMD Ryzen 5 5500,6.17.0-23-generic,phase0-2026-05-20,roi_gray,269,2222785,540,480,1,110,110
jfzxugsgnnvsrsg6,22095RA98C,480 Mbps,AMD Ryzen 5 5500,6.17.0-23-generic,phase0-2026-05-20,roi_gray,270,2165870,540,480,1,110,110
jfzxugsgnnvsrsg6,22095RA98C,480 Mbps,AMD Ryzen 5 5500,6.17.0-23-generic,phase0-2026-05-20,roi_gray,271,2184182,540,480,1,110,110
jfzxugsgnnvsrsg6,22095RA98C,480 Mbps,AMD Ryzen 5 5500,6.17.0-23-generic,phase0-2026-05-20,roi_gray,272,2471045,540,480,1,110,110
jfzxugsgnnvsrsg6,22095RA98C,480 Mbps,AMD Ryzen 5 5500,6.17.0-23-generic,phase0-2026-05-20,roi_gray,273,2333584,540,480,1,110,110
jfzxugsgnnvsrsg6,22095RA98C,480 Mbps,AMD Ryzen 5 5500,6.17.0-23-generic,phase0-2026-05-20,roi_gray,274,2199763,540,480,1,110,110
jfzxugsgnnvsrsg6,22095RA98C,480 Mbps,AMD Ryzen 5 5500,6.17.0-23-generic,phase0-2026-05-20,roi_gray,275,2317242,540,480,1,110,110
jfzxugsgnnvsrsg6,22095RA98C,480 Mbps,AMD Ryzen 5 5500,6.17.0-23-generic,phase0-2026-05-20,roi_gray,276,2328973,540,480,1,110,110
jfzxugsgnnvsrsg6,22095RA98C,480 Mbps,AMD Ryzen 5 5500,6.17.0-23-generic,phase0-2026-05-20,roi_gray,277,2207133,540,480,1,110,110
jfzxugsgnnvsrsg6,22095RA98C,480 Mbps,AMD Ryzen 5 5500,6.17.0-23-generic,phase0-2026-05-20,roi_gray,278,2171281,540,480,1,110,110
jfzxugsgnnvsrsg6,22095RA98C,480 Mbps,AMD Ryzen 5 5500,6.17.0-23-generic,phase0-2026-05-20,roi_gray,279,2227705,540,480,1,110,110
jfzxugsgnnvsrsg6,22095RA98C,480 Mbps,AMD Ryzen 5 5500,6.17.0-23-generic,phase0-2026-05-20,roi_gray,280,2825403,540,480,1,110,110
jfzxugsgnnvsrsg6,22095RA98C,480 Mbps,AMD Ryzen 5 5500,6.17.0-23-generic,phase0-2026-05-20,roi_gray,281,2272809,540,480,1,110,110
jfzxugsgnnvsrsg6,22095RA98C,480 Mbps,AMD Ryzen 5 5500,6.17.0-23-generic,phase0-2026-05-20,roi_gray,282,2192602,540,480,1,110,110
jfzxugsgnnvsrsg6,22095RA98C,480 Mbps,AMD Ryzen 5 5500,6.17.0-23-generic,phase0-2026-05-20,roi_gray,283,2171311,540,480,1,110,110
jfzxugsgnnvsrsg6,22095RA98C,480 Mbps,AMD Ryzen 5 5500,6.17.0-23-generic,phase0-2026-05-20,roi_gray,284,2160950,540,480,1,110,110
jfzxugsgnnvsrsg6,22095RA98C,480 Mbps,AMD Ryzen 5 5500,6.17.0-23-generic,phase0-2026-05-20,roi_gray,285,2173211,540,480,1,110,110
jfzxugsgnnvsrsg6,22095RA98C,480 Mbps,AMD Ryzen 5 5500,6.17.0-23-generic,phase0-2026-05-20,roi_gray,286,2186482,540,480,1,110,110
jfzxugsgnnvsrsg6,22095RA98C,480 Mbps,AMD Ryzen 5 5500,6.17.0-23-generic,phase0-2026-05-20,roi_gray,287,2184932,540,480,1,110,110
jfzxugsgnnvsrsg6,22095RA98C,480 Mbps,AMD Ryzen 5 5500,6.17.0-23-generic,phase0-2026-05-20,roi_gray,288,2160920,540,480,1,110,110
jfzxugsgnnvsrsg6,22095RA98C,480 Mbps,AMD Ryzen 5 5500,6.17.0-23-generic,phase0-2026-05-20,roi_gray,289,2163481,540,480,1,110,110
jfzxugsgnnvsrsg6,22095RA98C,480 Mbps,AMD Ryzen 5 5500,6.17.0-23-generic,phase0-2026-05-20,roi_gray,290,2180201,540,480,1,110,110
jfzxugsgnnvsrsg6,22095RA98C,480 Mbps,AMD Ryzen 5 5500,6.17.0-23-generic,phase0-2026-05-20,roi_gray,291,2169741,540,480,1,110,110
jfzxugsgnnvsrsg6,22095RA98C,480 Mbps,AMD Ryzen 5 5500,6.17.0-23-generic,phase0-2026-05-20,roi_gray,292,2164810,540,480,1,110,110
jfzxugsgnnvsrsg6,22095RA98C,480 Mbps,AMD Ryzen 5 5500,6.17.0-23-generic,phase0-2026-05-20,roi_gray,293,2210634,540,480,1,110,110
jfzxugsgnnvsrsg6,22095RA98C,480 Mbps,AMD Ryzen 5 5500,6.17.0-23-generic,phase0-2026-05-20,roi_gray,294,2166781,540,480,1,110,110
jfzxugsgnnvsrsg6,22095RA98C,480 Mbps,AMD Ryzen 5 5500,6.17.0-23-generic,phase0-2026-05-20,roi_gray,295,2163940,540,480,1,110,110
jfzxugsgnnvsrsg6,22095RA98C,480 Mbps,AMD Ryzen 5 5500,6.17.0-23-generic,phase0-2026-05-20,roi_gray,296,2194353,540,480,1,110,110
jfzxugsgnnvsrsg6,22095RA98C,480 Mbps,AMD Ryzen 5 5500,6.17.0-23-generic,phase0-2026-05-20,roi_gray,297,2165900,540,480,1,110,110
jfzxugsgnnvsrsg6,22095RA98C,480 Mbps,AMD Ryzen 5 5500,6.17.0-23-generic,phase0-2026-05-20,roi_gray,298,2168661,540,480,1,110,110
jfzxugsgnnvsrsg6,22095RA98C,480 Mbps,AMD Ryzen 5 5500,6.17.0-23-generic,phase0-2026-05-20,roi_gray,299,2163290,540,480,1,110,110
jfzxugsgnnvsrsg6,22095RA98C,480 Mbps,AMD Ryzen 5 5500,6.17.0-23-generic,phase0-2026-05-20,roi_gray,300,2167281,540,480,1,110,110
jfzxugsgnnvsrsg6,22095RA98C,480 Mbps,AMD Ryzen 5 5500,6.17.0-23-generic,phase0-2026-05-20,roi_gray,301,2417270,540,480,1,110,110
jfzxugsgnnvsrsg6,22095RA98C,480 Mbps,AMD Ryzen 5 5500,6.17.0-23-generic,phase0-2026-05-20,roi_gray,302,2783609,540,480,1,110,110
jfzxugsgnnvsrsg6,22095RA98C,480 Mbps,AMD Ryzen 5 5500,6.17.0-23-generic,phase0-2026-05-20,roi_gray,303,2258598,540,480,1,110,110
jfzxugsgnnvsrsg6,22095RA98C,480 Mbps,AMD Ryzen 5 5500,6.17.0-23-generic,phase0-2026-05-20,roi_gray,304,2217855,540,480,1,110,110
jfzxugsgnnvsrsg6,22095RA98C,480 Mbps,AMD Ryzen 5 5500,6.17.0-23-generic,phase0-2026-05-20,roi_gray,305,2280229,540,480,1,110,110
jfzxugsgnnvsrsg6,22095RA98C,480 Mbps,AMD Ryzen 5 5500,6.17.0-23-generic,phase0-2026-05-20,roi_gray,306,2390908,540,480,1,110,110
jfzxugsgnnvsrsg6,22095RA98C,480 Mbps,AMD Ryzen 5 5500,6.17.0-23-generic,phase0-2026-05-20,roi_gray,307,2437622,540,480,1,110,110
jfzxugsgnnvsrsg6,22095RA98C,480 Mbps,AMD Ryzen 5 5500,6.17.0-23-generic,phase0-2026-05-20,roi_gray,308,2267399,540,480,1,110,110
jfzxugsgnnvsrsg6,22095RA98C,480 Mbps,AMD Ryzen 5 5500,6.17.0-23-generic,phase0-2026-05-20,roi_gray,309,2972264,540,480,1,110,110
jfzxugsgnnvsrsg6,22095RA98C,480 Mbps,AMD Ryzen 5 5500,6.17.0-23-generic,phase0-2026-05-20,roi_gray,310,2660399,540,480,1,110,110
jfzxugsgnnvsrsg6,22095RA98C,480 Mbps,AMD Ryzen 5 5500,6.17.0-23-generic,phase0-2026-05-20,roi_gray,311,2300081,540,480,1,110,110
jfzxugsgnnvsrsg6,22095RA98C,480 Mbps,AMD Ryzen 5 5500,6.17.0-23-generic,phase0-2026-05-20,roi_gray,312,2264568,540,480,1,110,110
jfzxugsgnnvsrsg6,22095RA98C,480 Mbps,AMD Ryzen 5 5500,6.17.0-23-generic,phase0-2026-05-20,roi_gray,313,2265368,540,480,1,110,110
jfzxugsgnnvsrsg6,22095RA98C,480 Mbps,AMD Ryzen 5 5500,6.17.0-23-generic,phase0-2026-05-20,roi_gray,314,2341905,540,480,1,110,110
jfzxugsgnnvsrsg6,22095RA98C,480 Mbps,AMD Ryzen 5 5500,6.17.0-23-generic,phase0-2026-05-20,roi_gray,315,2236726,540,480,1,110,110
jfzxugsgnnvsrsg6,22095RA98C,480 Mbps,AMD Ryzen 5 5500,6.17.0-23-generic,phase0-2026-05-20,roi_gray,316,2233586,540,480,1,110,110
jfzxugsgnnvsrsg6,22095RA98C,480 Mbps,AMD Ryzen 5 5500,6.17.0-23-generic,phase0-2026-05-20,roi_gray,317,2242806,540,480,1,110,110
jfzxugsgnnvsrsg6,22095RA98C,480 Mbps,AMD Ryzen 5 5500,6.17.0-23-generic,phase0-2026-05-20,roi_gray,318,2236726,540,480,1,110,110
jfzxugsgnnvsrsg6,22095RA98C,480 Mbps,AMD Ryzen 5 5500,6.17.0-23-generic,phase0-2026-05-20,roi_gray,319,2394859,540,480,1,110,110
jfzxugsgnnvsrsg6,22095RA98C,480 Mbps,AMD Ryzen 5 5500,6.17.0-23-generic,phase0-2026-05-20,roi_gray,320,2275039,540,480,1,110,110
jfzxugsgnnvsrsg6,22095RA98C,480 Mbps,AMD Ryzen 5 5500,6.17.0-23-generic,phase0-2026-05-20,roi_gray,321,2211074,540,480,1,110,110
jfzxugsgnnvsrsg6,22095RA98C,480 Mbps,AMD Ryzen 5 5500,6.17.0-23-generic,phase0-2026-05-20,roi_gray,322,2189982,540,480,1,110,110
jfzxugsgnnvsrsg6,22095RA98C,480 Mbps,AMD Ryzen 5 5500,6.17.0-23-generic,phase0-2026-05-20,roi_gray,323,2214344,540,480,1,110,110
jfzxugsgnnvsrsg6,22095RA98C,480 Mbps,AMD Ryzen 5 5500,6.17.0-23-generic,phase0-2026-05-20,roi_gray,324,2254698,540,480,1,110,110
jfzxugsgnnvsrsg6,22095RA98C,480 Mbps,AMD Ryzen 5 5500,6.17.0-23-generic,phase0-2026-05-20,roi_gray,325,2215044,540,480,1,110,110
jfzxugsgnnvsrsg6,22095RA98C,480 Mbps,AMD Ryzen 5 5500,6.17.0-23-generic,phase0-2026-05-20,roi_gray,326,2332894,540,480,1,110,110
jfzxugsgnnvsrsg6,22095RA98C,480 Mbps,AMD Ryzen 5 5500,6.17.0-23-generic,phase0-2026-05-20,roi_gray,327,2305041,540,480,1,110,110
jfzxugsgnnvsrsg6,22095RA98C,480 Mbps,AMD Ryzen 5 5500,6.17.0-23-generic,phase0-2026-05-20,roi_gray,328,2224475,540,480,1,110,110
jfzxugsgnnvsrsg6,22095RA98C,480 Mbps,AMD Ryzen 5 5500,6.17.0-23-generic,phase0-2026-05-20,roi_gray,329,2259917,540,480,1,110,110
jfzxugsgnnvsrsg6,22095RA98C,480 Mbps,AMD Ryzen 5 5500,6.17.0-23-generic,phase0-2026-05-20,roi_gray,330,2306002,540,480,1,110,110
jfzxugsgnnvsrsg6,22095RA98C,480 Mbps,AMD Ryzen 5 5500,6.17.0-23-generic,phase0-2026-05-20,roi_gray,331,2254278,540,480,1,110,110
jfzxugsgnnvsrsg6,22095RA98C,480 Mbps,AMD Ryzen 5 5500,6.17.0-23-generic,phase0-2026-05-20,roi_gray,332,2254217,540,480,1,110,110
jfzxugsgnnvsrsg6,22095RA98C,480 Mbps,AMD Ryzen 5 5500,6.17.0-23-generic,phase0-2026-05-20,roi_gray,333,2387328,540,480,1,110,110
jfzxugsgnnvsrsg6,22095RA98C,480 Mbps,AMD Ryzen 5 5500,6.17.0-23-generic,phase0-2026-05-20,roi_gray,334,2309762,540,480,1,110,110
jfzxugsgnnvsrsg6,22095RA98C,480 Mbps,AMD Ryzen 5 5500,6.17.0-23-generic,phase0-2026-05-20,roi_gray,335,2238116,540,480,1,110,110
jfzxugsgnnvsrsg6,22095RA98C,480 Mbps,AMD Ryzen 5 5500,6.17.0-23-generic,phase0-2026-05-20,roi_gray,336,2321683,540,480,1,110,110
jfzxugsgnnvsrsg6,22095RA98C,480 Mbps,AMD Ryzen 5 5500,6.17.0-23-generic,phase0-2026-05-20,roi_gray,337,2469324,540,480,1,110,110
jfzxugsgnnvsrsg6,22095RA98C,480 Mbps,AMD Ryzen 5 5500,6.17.0-23-generic,phase0-2026-05-20,roi_gray,338,3454712,540,480,1,110,110
jfzxugsgnnvsrsg6,22095RA98C,480 Mbps,AMD Ryzen 5 5500,6.17.0-23-generic,phase0-2026-05-20,roi_gray,339,2496407,540,480,1,110,110
jfzxugsgnnvsrsg6,22095RA98C,480 Mbps,AMD Ryzen 5 5500,6.17.0-23-generic,phase0-2026-05-20,roi_gray,340,2242196,540,480,1,110,110
jfzxugsgnnvsrsg6,22095RA98C,480 Mbps,AMD Ryzen 5 5500,6.17.0-23-generic,phase0-2026-05-20,roi_gray,341,2199883,540,480,1,110,110
jfzxugsgnnvsrsg6,22095RA98C,480 Mbps,AMD Ryzen 5 5500,6.17.0-23-generic,phase0-2026-05-20,roi_gray,342,2212225,540,480,1,110,110
jfzxugsgnnvsrsg6,22095RA98C,480 Mbps,AMD Ryzen 5 5500,6.17.0-23-generic,phase0-2026-05-20,roi_gray,343,2162980,540,480,1,110,110
jfzxugsgnnvsrsg6,22095RA98C,480 Mbps,AMD Ryzen 5 5500,6.17.0-23-generic,phase0-2026-05-20,roi_gray,344,2166440,540,480,1,110,110
jfzxugsgnnvsrsg6,22095RA98C,480 Mbps,AMD Ryzen 5 5500,6.17.0-23-generic,phase0-2026-05-20,roi_gray,345,2261018,540,480,1,110,110
jfzxugsgnnvsrsg6,22095RA98C,480 Mbps,AMD Ryzen 5 5500,6.17.0-23-generic,phase0-2026-05-20,roi_gray,346,2166751,540,480,1,110,110
jfzxugsgnnvsrsg6,22095RA98C,480 Mbps,AMD Ryzen 5 5500,6.17.0-23-generic,phase0-2026-05-20,roi_gray,347,2170401,540,480,1,110,110
jfzxugsgnnvsrsg6,22095RA98C,480 Mbps,AMD Ryzen 5 5500,6.17.0-23-generic,phase0-2026-05-20,roi_gray,348,2169220,540,480,1,110,110
jfzxugsgnnvsrsg6,22095RA98C,480 Mbps,AMD Ryzen 5 5500,6.17.0-23-generic,phase0-2026-05-20,roi_gray,349,2168521,540,480,1,110,110
jfzxugsgnnvsrsg6,22095RA98C,480 Mbps,AMD Ryzen 5 5500,6.17.0-23-generic,phase0-2026-05-20,roi_gray,350,2178781,540,480,1,110,110
jfzxugsgnnvsrsg6,22095RA98C,480 Mbps,AMD Ryzen 5 5500,6.17.0-23-generic,phase0-2026-05-20,roi_gray,351,2191793,540,480,1,110,110
jfzxugsgnnvsrsg6,22095RA98C,480 Mbps,AMD Ryzen 5 5500,6.17.0-23-generic,phase0-2026-05-20,roi_gray,352,2335592,540,480,1,110,110
jfzxugsgnnvsrsg6,22095RA98C,480 Mbps,AMD Ryzen 5 5500,6.17.0-23-generic,phase0-2026-05-20,roi_gray,353,2188451,540,480,1,110,110
jfzxugsgnnvsrsg6,22095RA98C,480 Mbps,AMD Ryzen 5 5500,6.17.0-23-generic,phase0-2026-05-20,roi_gray,354,2207243,540,480,1,110,110
jfzxugsgnnvsrsg6,22095RA98C,480 Mbps,AMD Ryzen 5 5500,6.17.0-23-generic,phase0-2026-05-20,roi_gray,355,2211083,540,480,1,110,110
jfzxugsgnnvsrsg6,22095RA98C,480 Mbps,AMD Ryzen 5 5500,6.17.0-23-generic,phase0-2026-05-20,roi_gray,356,2505285,540,480,1,110,110
jfzxugsgnnvsrsg6,22095RA98C,480 Mbps,AMD Ryzen 5 5500,6.17.0-23-generic,phase0-2026-05-20,roi_gray,357,2234614,540,480,1,110,110
jfzxugsgnnvsrsg6,22095RA98C,480 Mbps,AMD Ryzen 5 5500,6.17.0-23-generic,phase0-2026-05-20,roi_gray,358,2206273,540,480,1,110,110
jfzxugsgnnvsrsg6,22095RA98C,480 Mbps,AMD Ryzen 5 5500,6.17.0-23-generic,phase0-2026-05-20,roi_gray,359,2188491,540,480,1,110,110
jfzxugsgnnvsrsg6,22095RA98C,480 Mbps,AMD Ryzen 5 5500,6.17.0-23-generic,phase0-2026-05-20,roi_gray,360,2241575,540,480,1,110,110
jfzxugsgnnvsrsg6,22095RA98C,480 Mbps,AMD Ryzen 5 5500,6.17.0-23-generic,phase0-2026-05-20,roi_gray,361,2293379,540,480,1,110,110
jfzxugsgnnvsrsg6,22095RA98C,480 Mbps,AMD Ryzen 5 5500,6.17.0-23-generic,phase0-2026-05-20,roi_gray,362,2171860,540,480,1,110,110
jfzxugsgnnvsrsg6,22095RA98C,480 Mbps,AMD Ryzen 5 5500,6.17.0-23-generic,phase0-2026-05-20,roi_gray,363,2222454,540,480,1,110,110
jfzxugsgnnvsrsg6,22095RA98C,480 Mbps,AMD Ryzen 5 5500,6.17.0-23-generic,phase0-2026-05-20,roi_gray,364,2444701,540,480,1,110,110
jfzxugsgnnvsrsg6,22095RA98C,480 Mbps,AMD Ryzen 5 5500,6.17.0-23-generic,phase0-2026-05-20,roi_gray,365,2203952,540,480,1,110,110
jfzxugsgnnvsrsg6,22095RA98C,480 Mbps,AMD Ryzen 5 5500,6.17.0-23-generic,phase0-2026-05-20,roi_gray,366,2205502,540,480,1,110,110
jfzxugsgnnvsrsg6,22095RA98C,480 Mbps,AMD Ryzen 5 5500,6.17.0-23-generic,phase0-2026-05-20,roi_gray,367,2239175,540,480,1,110,110
jfzxugsgnnvsrsg6,22095RA98C,480 Mbps,AMD Ryzen 5 5500,6.17.0-23-generic,phase0-2026-05-20,roi_gray,368,2201182,540,480,1,110,110
jfzxugsgnnvsrsg6,22095RA98C,480 Mbps,AMD Ryzen 5 5500,6.17.0-23-generic,phase0-2026-05-20,roi_gray,369,2243216,540,480,1,110,110
jfzxugsgnnvsrsg6,22095RA98C,480 Mbps,AMD Ryzen 5 5500,6.17.0-23-generic,phase0-2026-05-20,roi_gray,370,2169649,540,480,1,110,110
jfzxugsgnnvsrsg6,22095RA98C,480 Mbps,AMD Ryzen 5 5500,6.17.0-23-generic,phase0-2026-05-20,roi_gray,371,2157769,540,480,1,110,110
jfzxugsgnnvsrsg6,22095RA98C,480 Mbps,AMD Ryzen 5 5500,6.17.0-23-generic,phase0-2026-05-20,roi_gray,372,2170649,540,480,1,110,110
jfzxugsgnnvsrsg6,22095RA98C,480 Mbps,AMD Ryzen 5 5500,6.17.0-23-generic,phase0-2026-05-20,roi_gray,373,2169880,540,480,1,110,110
jfzxugsgnnvsrsg6,22095RA98C,480 Mbps,AMD Ryzen 5 5500,6.17.0-23-generic,phase0-2026-05-20,roi_gray,374,2169950,540,480,1,110,110
jfzxugsgnnvsrsg6,22095RA98C,480 Mbps,AMD Ryzen 5 5500,6.17.0-23-generic,phase0-2026-05-20,roi_gray,375,2381586,540,480,1,110,110
jfzxugsgnnvsrsg6,22095RA98C,480 Mbps,AMD Ryzen 5 5500,6.17.0-23-generic,phase0-2026-05-20,roi_gray,376,2302080,540,480,1,110,110
jfzxugsgnnvsrsg6,22095RA98C,480 Mbps,AMD Ryzen 5 5500,6.17.0-23-generic,phase0-2026-05-20,roi_gray,377,2202912,540,480,1,110,110
jfzxugsgnnvsrsg6,22095RA98C,480 Mbps,AMD Ryzen 5 5500,6.17.0-23-generic,phase0-2026-05-20,roi_gray,378,2160259,540,480,1,110,110
jfzxugsgnnvsrsg6,22095RA98C,480 Mbps,AMD Ryzen 5 5500,6.17.0-23-generic,phase0-2026-05-20,roi_gray,379,2156738,540,480,1,110,110
jfzxugsgnnvsrsg6,22095RA98C,480 Mbps,AMD Ryzen 5 5500,6.17.0-23-generic,phase0-2026-05-20,roi_gray,380,2185501,540,480,1,110,110
jfzxugsgnnvsrsg6,22095RA98C,480 Mbps,AMD Ryzen 5 5500,6.17.0-23-generic,phase0-2026-05-20,roi_gray,381,2177340,540,480,1,110,110
jfzxugsgnnvsrsg6,22095RA98C,480 Mbps,AMD Ryzen 5 5500,6.17.0-23-generic,phase0-2026-05-20,roi_gray,382,2268117,540,480,1,110,110
jfzxugsgnnvsrsg6,22095RA98C,480 Mbps,AMD Ryzen 5 5500,6.17.0-23-generic,phase0-2026-05-20,roi_gray,383,2180881,540,480,1,110,110
jfzxugsgnnvsrsg6,22095RA98C,480 Mbps,AMD Ryzen 5 5500,6.17.0-23-generic,phase0-2026-05-20,roi_gray,384,2229284,540,480,1,110,110
jfzxugsgnnvsrsg6,22095RA98C,480 Mbps,AMD Ryzen 5 5500,6.17.0-23-generic,phase0-2026-05-20,roi_gray,385,2172840,540,480,1,110,110
jfzxugsgnnvsrsg6,22095RA98C,480 Mbps,AMD Ryzen 5 5500,6.17.0-23-generic,phase0-2026-05-20,roi_gray,386,2197361,540,480,1,110,110
jfzxugsgnnvsrsg6,22095RA98C,480 Mbps,AMD Ryzen 5 5500,6.17.0-23-generic,phase0-2026-05-20,roi_gray,387,2355134,540,480,1,110,110
jfzxugsgnnvsrsg6,22095RA98C,480 Mbps,AMD Ryzen 5 5500,6.17.0-23-generic,phase0-2026-05-20,roi_gray,388,2483985,540,480,1,110,110
jfzxugsgnnvsrsg6,22095RA98C,480 Mbps,AMD Ryzen 5 5500,6.17.0-23-generic,phase0-2026-05-20,roi_gray,389,2212693,540,480,1,110,110
jfzxugsgnnvsrsg6,22095RA98C,480 Mbps,AMD Ryzen 5 5500,6.17.0-23-generic,phase0-2026-05-20,roi_gray,390,2192261,540,480,1,110,110
jfzxugsgnnvsrsg6,22095RA98C,480 Mbps,AMD Ryzen 5 5500,6.17.0-23-generic,phase0-2026-05-20,roi_gray,391,2237235,540,480,1,110,110
jfzxugsgnnvsrsg6,22095RA98C,480 Mbps,AMD Ryzen 5 5500,6.17.0-23-generic,phase0-2026-05-20,roi_gray,392,2198502,540,480,1,110,110
jfzxugsgnnvsrsg6,22095RA98C,480 Mbps,AMD Ryzen 5 5500,6.17.0-23-generic,phase0-2026-05-20,roi_gray,393,2226964,540,480,1,110,110
jfzxugsgnnvsrsg6,22095RA98C,480 Mbps,AMD Ryzen 5 5500,6.17.0-23-generic,phase0-2026-05-20,roi_gray,394,2601143,540,480,1,110,110
jfzxugsgnnvsrsg6,22095RA98C,480 Mbps,AMD Ryzen 5 5500,6.17.0-23-generic,phase0-2026-05-20,roi_gray,395,2822631,540,480,1,110,110
jfzxugsgnnvsrsg6,22095RA98C,480 Mbps,AMD Ryzen 5 5500,6.17.0-23-generic,phase0-2026-05-20,roi_gray,396,2197872,540,480,1,110,110
jfzxugsgnnvsrsg6,22095RA98C,480 Mbps,AMD Ryzen 5 5500,6.17.0-23-generic,phase0-2026-05-20,roi_gray,397,2172310,540,480,1,110,110
jfzxugsgnnvsrsg6,22095RA98C,480 Mbps,AMD Ryzen 5 5500,6.17.0-23-generic,phase0-2026-05-20,roi_gray,398,2178400,540,480,1,110,110
jfzxugsgnnvsrsg6,22095RA98C,480 Mbps,AMD Ryzen 5 5500,6.17.0-23-generic,phase0-2026-05-20,roi_gray,399,2170699,540,480,1,110,110
jfzxugsgnnvsrsg6,22095RA98C,480 Mbps,AMD Ryzen 5 5500,6.17.0-23-generic,phase0-2026-05-20,roi_gray,400,2182271,540,480,1,110,110
jfzxugsgnnvsrsg6,22095RA98C,480 Mbps,AMD Ryzen 5 5500,6.17.0-23-generic,phase0-2026-05-20,roi_gray,401,2254656,540,480,1,110,110
jfzxugsgnnvsrsg6,22095RA98C,480 Mbps,AMD Ryzen 5 5500,6.17.0-23-generic,phase0-2026-05-20,roi_gray,402,2687110,540,480,1,110,110
jfzxugsgnnvsrsg6,22095RA98C,480 Mbps,AMD Ryzen 5 5500,6.17.0-23-generic,phase0-2026-05-20,roi_gray,403,2653208,540,480,1,110,110
jfzxugsgnnvsrsg6,22095RA98C,480 Mbps,AMD Ryzen 5 5500,6.17.0-23-generic,phase0-2026-05-20,roi_gray,404,2208633,540,480,1,110,110
jfzxugsgnnvsrsg6,22095RA98C,480 Mbps,AMD Ryzen 5 5500,6.17.0-23-generic,phase0-2026-05-20,roi_gray,405,2204972,540,480,1,110,110
jfzxugsgnnvsrsg6,22095RA98C,480 Mbps,AMD Ryzen 5 5500,6.17.0-23-generic,phase0-2026-05-20,roi_gray,406,2220453,540,480,1,110,110
jfzxugsgnnvsrsg6,22095RA98C,480 Mbps,AMD Ryzen 5 5500,6.17.0-23-generic,phase0-2026-05-20,roi_gray,407,2227584,540,480,1,110,110
jfzxugsgnnvsrsg6,22095RA98C,480 Mbps,AMD Ryzen 5 5500,6.17.0-23-generic,phase0-2026-05-20,roi_gray,408,2185411,540,480,1,110,110
jfzxugsgnnvsrsg6,22095RA98C,480 Mbps,AMD Ryzen 5 5500,6.17.0-23-generic,phase0-2026-05-20,roi_gray,409,2345043,540,480,1,110,110
jfzxugsgnnvsrsg6,22095RA98C,480 Mbps,AMD Ryzen 5 5500,6.17.0-23-generic,phase0-2026-05-20,roi_gray,410,2170550,540,480,1,110,110
jfzxugsgnnvsrsg6,22095RA98C,480 Mbps,AMD Ryzen 5 5500,6.17.0-23-generic,phase0-2026-05-20,roi_gray,411,2185791,540,480,1,110,110
jfzxugsgnnvsrsg6,22095RA98C,480 Mbps,AMD Ryzen 5 5500,6.17.0-23-generic,phase0-2026-05-20,roi_gray,412,2212943,540,480,1,110,110
jfzxugsgnnvsrsg6,22095RA98C,480 Mbps,AMD Ryzen 5 5500,6.17.0-23-generic,phase0-2026-05-20,roi_gray,413,2215583,540,480,1,110,110
jfzxugsgnnvsrsg6,22095RA98C,480 Mbps,AMD Ryzen 5 5500,6.17.0-23-generic,phase0-2026-05-20,roi_gray,414,2376236,540,480,1,110,110
jfzxugsgnnvsrsg6,22095RA98C,480 Mbps,AMD Ryzen 5 5500,6.17.0-23-generic,phase0-2026-05-20,roi_gray,415,2240665,540,480,1,110,110
jfzxugsgnnvsrsg6,22095RA98C,480 Mbps,AMD Ryzen 5 5500,6.17.0-23-generic,phase0-2026-05-20,roi_gray,416,2243775,540,480,1,110,110
jfzxugsgnnvsrsg6,22095RA98C,480 Mbps,AMD Ryzen 5 5500,6.17.0-23-generic,phase0-2026-05-20,roi_gray,417,2248126,540,480,1,110,110
jfzxugsgnnvsrsg6,22095RA98C,480 Mbps,AMD Ryzen 5 5500,6.17.0-23-generic,phase0-2026-05-20,roi_gray,418,2239155,540,480,1,110,110
jfzxugsgnnvsrsg6,22095RA98C,480 Mbps,AMD Ryzen 5 5500,6.17.0-23-generic,phase0-2026-05-20,roi_gray,419,2240765,540,480,1,110,110
jfzxugsgnnvsrsg6,22095RA98C,480 Mbps,AMD Ryzen 5 5500,6.17.0-23-generic,phase0-2026-05-20,roi_gray,420,2234305,540,480,1,110,110
jfzxugsgnnvsrsg6,22095RA98C,480 Mbps,AMD Ryzen 5 5500,6.17.0-23-generic,phase0-2026-05-20,roi_gray,421,2429920,540,480,1,110,110
jfzxugsgnnvsrsg6,22095RA98C,480 Mbps,AMD Ryzen 5 5500,6.17.0-23-generic,phase0-2026-05-20,roi_gray,422,2214703,540,480,1,110,110
jfzxugsgnnvsrsg6,22095RA98C,480 Mbps,AMD Ryzen 5 5500,6.17.0-23-generic,phase0-2026-05-20,roi_gray,423,2202082,540,480,1,110,110
jfzxugsgnnvsrsg6,22095RA98C,480 Mbps,AMD Ryzen 5 5500,6.17.0-23-generic,phase0-2026-05-20,roi_gray,424,2223703,540,480,1,110,110
jfzxugsgnnvsrsg6,22095RA98C,480 Mbps,AMD Ryzen 5 5500,6.17.0-23-generic,phase0-2026-05-20,roi_gray,425,2418159,540,480,1,110,110
jfzxugsgnnvsrsg6,22095RA98C,480 Mbps,AMD Ryzen 5 5500,6.17.0-23-generic,phase0-2026-05-20,roi_gray,426,2298580,540,480,1,110,110
jfzxugsgnnvsrsg6,22095RA98C,480 Mbps,AMD Ryzen 5 5500,6.17.0-23-generic,phase0-2026-05-20,roi_gray,427,2199472,540,480,1,110,110
jfzxugsgnnvsrsg6,22095RA98C,480 Mbps,AMD Ryzen 5 5500,6.17.0-23-generic,phase0-2026-05-20,roi_gray,428,2309220,540,480,1,110,110
jfzxugsgnnvsrsg6,22095RA98C,480 Mbps,AMD Ryzen 5 5500,6.17.0-23-generic,phase0-2026-05-20,roi_gray,429,2207442,540,480,1,110,110
jfzxugsgnnvsrsg6,22095RA98C,480 Mbps,AMD Ryzen 5 5500,6.17.0-23-generic,phase0-2026-05-20,roi_gray,430,2273588,540,480,1,110,110
jfzxugsgnnvsrsg6,22095RA98C,480 Mbps,AMD Ryzen 5 5500,6.17.0-23-generic,phase0-2026-05-20,roi_gray,431,2199142,540,480,1,110,110
jfzxugsgnnvsrsg6,22095RA98C,480 Mbps,AMD Ryzen 5 5500,6.17.0-23-generic,phase0-2026-05-20,roi_gray,432,2440560,540,480,1,110,110
jfzxugsgnnvsrsg6,22095RA98C,480 Mbps,AMD Ryzen 5 5500,6.17.0-23-generic,phase0-2026-05-20,roi_gray,433,3126964,540,480,1,110,110
jfzxugsgnnvsrsg6,22095RA98C,480 Mbps,AMD Ryzen 5 5500,6.17.0-23-generic,phase0-2026-05-20,roi_gray,434,2231114,540,480,1,110,110
jfzxugsgnnvsrsg6,22095RA98C,480 Mbps,AMD Ryzen 5 5500,6.17.0-23-generic,phase0-2026-05-20,roi_gray,435,2215124,540,480,1,110,110
jfzxugsgnnvsrsg6,22095RA98C,480 Mbps,AMD Ryzen 5 5500,6.17.0-23-generic,phase0-2026-05-20,roi_gray,436,2201312,540,480,1,110,110
jfzxugsgnnvsrsg6,22095RA98C,480 Mbps,AMD Ryzen 5 5500,6.17.0-23-generic,phase0-2026-05-20,roi_gray,437,2201181,540,480,1,110,110
jfzxugsgnnvsrsg6,22095RA98C,480 Mbps,AMD Ryzen 5 5500,6.17.0-23-generic,phase0-2026-05-20,roi_gray,438,2225434,540,480,1,110,110
jfzxugsgnnvsrsg6,22095RA98C,480 Mbps,AMD Ryzen 5 5500,6.17.0-23-generic,phase0-2026-05-20,roi_gray,439,2587673,540,480,1,110,110
jfzxugsgnnvsrsg6,22095RA98C,480 Mbps,AMD Ryzen 5 5500,6.17.0-23-generic,phase0-2026-05-20,roi_gray,440,2247215,540,480,1,110,110
jfzxugsgnnvsrsg6,22095RA98C,480 Mbps,AMD Ryzen 5 5500,6.17.0-23-generic,phase0-2026-05-20,roi_gray,441,2240026,540,480,1,110,110
jfzxugsgnnvsrsg6,22095RA98C,480 Mbps,AMD Ryzen 5 5500,6.17.0-23-generic,phase0-2026-05-20,roi_gray,442,2225664,540,480,1,110,110
jfzxugsgnnvsrsg6,22095RA98C,480 Mbps,AMD Ryzen 5 5500,6.17.0-23-generic,phase0-2026-05-20,roi_gray,443,2352903,540,480,1,110,110
jfzxugsgnnvsrsg6,22095RA98C,480 Mbps,AMD Ryzen 5 5500,6.17.0-23-generic,phase0-2026-05-20,roi_gray,444,2250226,540,480,1,110,110
jfzxugsgnnvsrsg6,22095RA98C,480 Mbps,AMD Ryzen 5 5500,6.17.0-23-generic,phase0-2026-05-20,roi_gray,445,2188001,540,480,1,110,110
jfzxugsgnnvsrsg6,22095RA98C,480 Mbps,AMD Ryzen 5 5500,6.17.0-23-generic,phase0-2026-05-20,roi_gray,446,2349754,540,480,1,110,110
jfzxugsgnnvsrsg6,22095RA98C,480 Mbps,AMD Ryzen 5 5500,6.17.0-23-generic,phase0-2026-05-20,roi_gray,447,2284889,540,480,1,110,110
jfzxugsgnnvsrsg6,22095RA98C,480 Mbps,AMD Ryzen 5 5500,6.17.0-23-generic,phase0-2026-05-20,roi_gray,448,2186691,540,480,1,110,110
jfzxugsgnnvsrsg6,22095RA98C,480 Mbps,AMD Ryzen 5 5500,6.17.0-23-generic,phase0-2026-05-20,roi_gray,449,2301949,540,480,1,110,110
jfzxugsgnnvsrsg6,22095RA98C,480 Mbps,AMD Ryzen 5 5500,6.17.0-23-generic,phase0-2026-05-20,roi_gray,450,2195681,540,480,1,110,110
jfzxugsgnnvsrsg6,22095RA98C,480 Mbps,AMD Ryzen 5 5500,6.17.0-23-generic,phase0-2026-05-20,roi_gray,451,2181401,540,480,1,110,110
jfzxugsgnnvsrsg6,22095RA98C,480 Mbps,AMD Ryzen 5 5500,6.17.0-23-generic,phase0-2026-05-20,roi_gray,452,2230274,540,480,1,110,110
jfzxugsgnnvsrsg6,22095RA98C,480 Mbps,AMD Ryzen 5 5500,6.17.0-23-generic,phase0-2026-05-20,roi_gray,453,2336122,540,480,1,110,110
jfzxugsgnnvsrsg6,22095RA98C,480 Mbps,AMD Ryzen 5 5500,6.17.0-23-generic,phase0-2026-05-20,roi_gray,454,2202702,540,480,1,110,110
jfzxugsgnnvsrsg6,22095RA98C,480 Mbps,AMD Ryzen 5 5500,6.17.0-23-generic,phase0-2026-05-20,roi_gray,455,2216114,540,480,1,110,110
jfzxugsgnnvsrsg6,22095RA98C,480 Mbps,AMD Ryzen 5 5500,6.17.0-23-generic,phase0-2026-05-20,roi_gray,456,2183990,540,480,1,110,110
jfzxugsgnnvsrsg6,22095RA98C,480 Mbps,AMD Ryzen 5 5500,6.17.0-23-generic,phase0-2026-05-20,roi_gray,457,2223954,540,480,1,110,110
jfzxugsgnnvsrsg6,22095RA98C,480 Mbps,AMD Ryzen 5 5500,6.17.0-23-generic,phase0-2026-05-20,roi_gray,458,2686390,540,480,1,110,110
jfzxugsgnnvsrsg6,22095RA98C,480 Mbps,AMD Ryzen 5 5500,6.17.0-23-generic,phase0-2026-05-20,roi_gray,459,2199682,540,480,1,110,110
jfzxugsgnnvsrsg6,22095RA98C,480 Mbps,AMD Ryzen 5 5500,6.17.0-23-generic,phase0-2026-05-20,roi_gray,460,2278798,540,480,1,110,110
jfzxugsgnnvsrsg6,22095RA98C,480 Mbps,AMD Ryzen 5 5500,6.17.0-23-generic,phase0-2026-05-20,roi_gray,461,2205243,540,480,1,110,110
jfzxugsgnnvsrsg6,22095RA98C,480 Mbps,AMD Ryzen 5 5500,6.17.0-23-generic,phase0-2026-05-20,roi_gray,462,2195591,540,480,1,110,110
jfzxugsgnnvsrsg6,22095RA98C,480 Mbps,AMD Ryzen 5 5500,6.17.0-23-generic,phase0-2026-05-20,roi_gray,463,2254256,540,480,1,110,110
jfzxugsgnnvsrsg6,22095RA98C,480 Mbps,AMD Ryzen 5 5500,6.17.0-23-generic,phase0-2026-05-20,roi_gray,464,2767826,540,480,1,110,110
jfzxugsgnnvsrsg6,22095RA98C,480 Mbps,AMD Ryzen 5 5500,6.17.0-23-generic,phase0-2026-05-20,roi_gray,465,2210242,540,480,1,110,110
jfzxugsgnnvsrsg6,22095RA98C,480 Mbps,AMD Ryzen 5 5500,6.17.0-23-generic,phase0-2026-05-20,roi_gray,466,2198022,540,480,1,110,110
jfzxugsgnnvsrsg6,22095RA98C,480 Mbps,AMD Ryzen 5 5500,6.17.0-23-generic,phase0-2026-05-20,roi_gray,467,2213153,540,480,1,110,110
jfzxugsgnnvsrsg6,22095RA98C,480 Mbps,AMD Ryzen 5 5500,6.17.0-23-generic,phase0-2026-05-20,roi_gray,468,2238325,540,480,1,110,110
jfzxugsgnnvsrsg6,22095RA98C,480 Mbps,AMD Ryzen 5 5500,6.17.0-23-generic,phase0-2026-05-20,roi_gray,469,2281988,540,480,1,110,110
jfzxugsgnnvsrsg6,22095RA98C,480 Mbps,AMD Ryzen 5 5500,6.17.0-23-generic,phase0-2026-05-20,roi_gray,470,2222724,540,480,1,110,110
jfzxugsgnnvsrsg6,22095RA98C,480 Mbps,AMD Ryzen 5 5500,6.17.0-23-generic,phase0-2026-05-20,roi_gray,471,2201172,540,480,1,110,110
jfzxugsgnnvsrsg6,22095RA98C,480 Mbps,AMD Ryzen 5 5500,6.17.0-23-generic,phase0-2026-05-20,roi_gray,472,2263277,540,480,1,110,110
jfzxugsgnnvsrsg6,22095RA98C,480 Mbps,AMD Ryzen 5 5500,6.17.0-23-generic,phase0-2026-05-20,roi_gray,473,2196892,540,480,1,110,110
jfzxugsgnnvsrsg6,22095RA98C,480 Mbps,AMD Ryzen 5 5500,6.17.0-23-generic,phase0-2026-05-20,roi_gray,474,2551809,540,480,1,110,110
jfzxugsgnnvsrsg6,22095RA98C,480 Mbps,AMD Ryzen 5 5500,6.17.0-23-generic,phase0-2026-05-20,roi_gray,475,2231414,540,480,1,110,110
jfzxugsgnnvsrsg6,22095RA98C,480 Mbps,AMD Ryzen 5 5500,6.17.0-23-generic,phase0-2026-05-20,roi_gray,476,2232164,540,480,1,110,110
jfzxugsgnnvsrsg6,22095RA98C,480 Mbps,AMD Ryzen 5 5500,6.17.0-23-generic,phase0-2026-05-20,roi_gray,477,2217733,540,480,1,110,110
jfzxugsgnnvsrsg6,22095RA98C,480 Mbps,AMD Ryzen 5 5500,6.17.0-23-generic,phase0-2026-05-20,roi_gray,478,2212483,540,480,1,110,110
jfzxugsgnnvsrsg6,22095RA98C,480 Mbps,AMD Ryzen 5 5500,6.17.0-23-generic,phase0-2026-05-20,roi_gray,479,2321502,540,480,1,110,110
jfzxugsgnnvsrsg6,22095RA98C,480 Mbps,AMD Ryzen 5 5500,6.17.0-23-generic,phase0-2026-05-20,roi_gray,480,2368275,540,480,1,110,110
jfzxugsgnnvsrsg6,22095RA98C,480 Mbps,AMD Ryzen 5 5500,6.17.0-23-generic,phase0-2026-05-20,roi_gray,481,2607083,540,480,1,110,110
jfzxugsgnnvsrsg6,22095RA98C,480 Mbps,AMD Ryzen 5 5500,6.17.0-23-generic,phase0-2026-05-20,roi_gray,482,2307900,540,480,1,110,110
jfzxugsgnnvsrsg6,22095RA98C,480 Mbps,AMD Ryzen 5 5500,6.17.0-23-generic,phase0-2026-05-20,roi_gray,483,2657988,540,480,1,110,110
jfzxugsgnnvsrsg6,22095RA98C,480 Mbps,AMD Ryzen 5 5500,6.17.0-23-generic,phase0-2026-05-20,roi_gray,484,2821791,540,480,1,110,110
jfzxugsgnnvsrsg6,22095RA98C,480 Mbps,AMD Ryzen 5 5500,6.17.0-23-generic,phase0-2026-05-20,roi_gray,485,2513186,540,480,1,110,110
jfzxugsgnnvsrsg6,22095RA98C,480 Mbps,AMD Ryzen 5 5500,6.17.0-23-generic,phase0-2026-05-20,roi_gray,486,3131245,540,480,1,110,110
jfzxugsgnnvsrsg6,22095RA98C,480 Mbps,AMD Ryzen 5 5500,6.17.0-23-generic,phase0-2026-05-20,roi_gray,487,2217983,540,480,1,110,110
jfzxugsgnnvsrsg6,22095RA98C,480 Mbps,AMD Ryzen 5 5500,6.17.0-23-generic,phase0-2026-05-20,roi_gray,488,2201352,540,480,1,110,110
jfzxugsgnnvsrsg6,22095RA98C,480 Mbps,AMD Ryzen 5 5500,6.17.0-23-generic,phase0-2026-05-20,roi_gray,489,2674089,540,480,1,110,110
jfzxugsgnnvsrsg6,22095RA98C,480 Mbps,AMD Ryzen 5 5500,6.17.0-23-generic,phase0-2026-05-20,roi_gray,490,2467212,540,480,1,110,110
jfzxugsgnnvsrsg6,22095RA98C,480 Mbps,AMD Ryzen 5 5500,6.17.0-23-generic,phase0-2026-05-20,roi_gray,491,2193732,540,480,1,110,110
jfzxugsgnnvsrsg6,22095RA98C,480 Mbps,AMD Ryzen 5 5500,6.17.0-23-generic,phase0-2026-05-20,roi_gray,492,2186121,540,480,1,110,110
jfzxugsgnnvsrsg6,22095RA98C,480 Mbps,AMD Ryzen 5 5500,6.17.0-23-generic,phase0-2026-05-20,roi_gray,493,2179900,540,480,1,110,110
jfzxugsgnnvsrsg6,22095RA98C,480 Mbps,AMD Ryzen 5 5500,6.17.0-23-generic,phase0-2026-05-20,roi_gray,494,2191161,540,480,1,110,110
jfzxugsgnnvsrsg6,22095RA98C,480 Mbps,AMD Ryzen 5 5500,6.17.0-23-generic,phase0-2026-05-20,roi_gray,495,2231194,540,480,1,110,110
jfzxugsgnnvsrsg6,22095RA98C,480 Mbps,AMD Ryzen 5 5500,6.17.0-23-generic,phase0-2026-05-20,roi_gray,496,2234915,540,480,1,110,110
jfzxugsgnnvsrsg6,22095RA98C,480 Mbps,AMD Ryzen 5 5500,6.17.0-23-generic,phase0-2026-05-20,roi_gray,497,2424320,540,480,1,110,110
jfzxugsgnnvsrsg6,22095RA98C,480 Mbps,AMD Ryzen 5 5500,6.17.0-23-generic,phase0-2026-05-20,roi_gray,498,3034317,540,480,1,110,110
jfzxugsgnnvsrsg6,22095RA98C,480 Mbps,AMD Ryzen 5 5500,6.17.0-23-generic,phase0-2026-05-20,roi_gray,499,2754355,540,480,1,110,110
